original_name,drv_acq_datetime,drv_acq_time_source,drv_subject,drv_label,drv_session,drv_exam,drv_dicom_origin
20240423_100343_I01Tdnrn01_1_1/10,"2024-04-23T11:12:47,256+0200",visu_pars.VisuCreationDate,I01Tdnrn01,Raton-JRC-01,20240423_100343_I01Tdnrn01_1_1,10,DICOM regenerated by Dicomifier 2.5.3 (+ gjesus3 workarounds) from the ParaVision 2dseq before ingest
20240423_100343_I01Tdnrn01_1_1/101,"2024-04-23T15:22:29,033+0200",visu_pars.VisuCreationDate,I01Tdnrn01,Raton-JRC-01,20240423_100343_I01Tdnrn01_1_1,101,DICOM regenerated by Dicomifier 2.5.3 (+ gjesus3 workarounds) from the ParaVision 2dseq before ingest
20240423_100343_I01Tdnrn01_1_1/102,"2024-04-23T15:29:16,415+0200",visu_pars.VisuCreationDate,I01Tdnrn01,Raton-JRC-01,20240423_100343_I01Tdnrn01_1_1,102,DICOM regenerated by Dicomifier 2.5.3 (+ gjesus3 workarounds) from the ParaVision 2dseq before ingest
20240423_100343_I01Tdnrn01_1_1/103,"2024-04-23T15:39:02,310+0200",visu_pars.VisuCreationDate,I01Tdnrn01,Raton-JRC-01,20240423_100343_I01Tdnrn01_1_1,103,DICOM regenerated by Dicomifier 2.5.3 (+ gjesus3 workarounds) from the ParaVision 2dseq before ingest
20240423_100343_I01Tdnrn01_1_1/11,"2024-04-23T11:13:49,512+0200",visu_pars.VisuCreationDate,I01Tdnrn01,Raton-JRC-01,20240423_100343_I01Tdnrn01_1_1,11,DICOM regenerated by Dicomifier 2.5.3 (+ gjesus3 workarounds) from the ParaVision 2dseq before ingest
20240423_100343_I01Tdnrn01_1_1/12,"2024-04-23T11:14:54,526+0200",visu_pars.VisuCreationDate,I01Tdnrn01,Raton-JRC-01,20240423_100343_I01Tdnrn01_1_1,12,DICOM regenerated by Dicomifier 2.5.3 (+ gjesus3 workarounds) from the ParaVision 2dseq before ingest
20240423_100343_I01Tdnrn01_1_1/13,"2024-04-23T11:16:05,545+0200",visu_pars.VisuCreationDate,I01Tdnrn01,Raton-JRC-01,20240423_100343_I01Tdnrn01_1_1,13,DICOM regenerated by Dicomifier 2.5.3 (+ gjesus3 workarounds) from the ParaVision 2dseq before ingest
20240423_100343_I01Tdnrn01_1_1/14,"2024-04-23T11:17:25,743+0200",visu_pars.VisuCreationDate,I01Tdnrn01,Raton-JRC-01,20240423_100343_I01Tdnrn01_1_1,14,DICOM regenerated by Dicomifier 2.5.3 (+ gjesus3 workarounds) from the ParaVision 2dseq before ingest
20240423_100343_I01Tdnrn01_1_1/15,"2024-04-23T11:19:15,668+0200",visu_pars.VisuCreationDate,I01Tdnrn01,Raton-JRC-01,20240423_100343_I01Tdnrn01_1_1,15,DICOM regenerated by Dicomifier 2.5.3 (+ gjesus3 workarounds) from the ParaVision 2dseq before ingest
20240423_100343_I01Tdnrn01_1_1/16,"2024-04-23T11:22:25,912+0200",visu_pars.VisuCreationDate,I01Tdnrn01,Raton-JRC-01,20240423_100343_I01Tdnrn01_1_1,16,DICOM regenerated by Dicomifier 2.5.3 (+ gjesus3 workarounds) from the ParaVision 2dseq before ingest
20240423_100343_I01Tdnrn01_1_1/17,"2024-04-23T11:26:53,571+0200",visu_pars.VisuCreationDate,I01Tdnrn01,Raton-JRC-01,20240423_100343_I01Tdnrn01_1_1,17,DICOM regenerated by Dicomifier 2.5.3 (+ gjesus3 workarounds) from the ParaVision 2dseq before ingest
20240423_100343_I01Tdnrn01_1_1/18,"2024-04-23T11:29:19,374+0200",visu_pars.VisuCreationDate,I01Tdnrn01,Raton-JRC-01,20240423_100343_I01Tdnrn01_1_1,18,DICOM regenerated by Dicomifier 2.5.3 (+ gjesus3 workarounds) from the ParaVision 2dseq before ingest
20240423_100343_I01Tdnrn01_1_1/19,"2024-04-23T11:33:14,865+0200",visu_pars.VisuCreationDate,I01Tdnrn01,Raton-JRC-01,20240423_100343_I01Tdnrn01_1_1,19,DICOM regenerated by Dicomifier 2.5.3 (+ gjesus3 workarounds) from the ParaVision 2dseq before ingest
20240423_100343_I01Tdnrn01_1_1/2,"2024-04-23T10:34:58,423+0200",visu_pars.VisuCreationDate,I01Tdnrn01,Raton-JRC-01,20240423_100343_I01Tdnrn01_1_1,2,DICOM regenerated by Dicomifier 2.5.3 (+ gjesus3 workarounds) from the ParaVision 2dseq before ingest
20240423_100343_I01Tdnrn01_1_1/20,"2024-04-23T11:39:34,291+0200",visu_pars.VisuCreationDate,I01Tdnrn01,Raton-JRC-01,20240423_100343_I01Tdnrn01_1_1,20,DICOM regenerated by Dicomifier 2.5.3 (+ gjesus3 workarounds) from the ParaVision 2dseq before ingest
20240423_100343_I01Tdnrn01_1_1/21,"2024-04-23T11:44:52,183+0200",visu_pars.VisuCreationDate,I01Tdnrn01,Raton-JRC-01,20240423_100343_I01Tdnrn01_1_1,21,DICOM regenerated by Dicomifier 2.5.3 (+ gjesus3 workarounds) from the ParaVision 2dseq before ingest
20240423_100343_I01Tdnrn01_1_1/22,"2024-04-23T11:45:59,575+0200",visu_pars.VisuCreationDate,I01Tdnrn01,Raton-JRC-01,20240423_100343_I01Tdnrn01_1_1,22,DICOM regenerated by Dicomifier 2.5.3 (+ gjesus3 workarounds) from the ParaVision 2dseq before ingest
20240423_100343_I01Tdnrn01_1_1/23,"2024-04-23T11:47:12,894+0200",visu_pars.VisuCreationDate,I01Tdnrn01,Raton-JRC-01,20240423_100343_I01Tdnrn01_1_1,23,DICOM regenerated by Dicomifier 2.5.3 (+ gjesus3 workarounds) from the ParaVision 2dseq before ingest
20240423_100343_I01Tdnrn01_1_1/24,"2024-04-23T11:48:34,599+0200",visu_pars.VisuCreationDate,I01Tdnrn01,Raton-JRC-01,20240423_100343_I01Tdnrn01_1_1,24,DICOM regenerated by Dicomifier 2.5.3 (+ gjesus3 workarounds) from the ParaVision 2dseq before ingest
20240423_100343_I01Tdnrn01_1_1/25,"2024-04-23T11:50:05,808+0200",visu_pars.VisuCreationDate,I01Tdnrn01,Raton-JRC-01,20240423_100343_I01Tdnrn01_1_1,25,DICOM regenerated by Dicomifier 2.5.3 (+ gjesus3 workarounds) from the ParaVision 2dseq before ingest
20240423_100343_I01Tdnrn01_1_1/26,"2024-04-23T11:51:49,047+0200",visu_pars.VisuCreationDate,I01Tdnrn01,Raton-JRC-01,20240423_100343_I01Tdnrn01_1_1,26,DICOM regenerated by Dicomifier 2.5.3 (+ gjesus3 workarounds) from the ParaVision 2dseq before ingest
20240423_100343_I01Tdnrn01_1_1/28,"2024-04-23T11:56:06,947+0200",visu_pars.VisuCreationDate,I01Tdnrn01,Raton-JRC-01,20240423_100343_I01Tdnrn01_1_1,28,DICOM regenerated by Dicomifier 2.5.3 (+ gjesus3 workarounds) from the ParaVision 2dseq before ingest
20240423_100343_I01Tdnrn01_1_1/29,"2024-04-23T12:00:01,143+0200",visu_pars.VisuCreationDate,I01Tdnrn01,Raton-JRC-01,20240423_100343_I01Tdnrn01_1_1,29,DICOM regenerated by Dicomifier 2.5.3 (+ gjesus3 workarounds) from the ParaVision 2dseq before ingest
20240423_100343_I01Tdnrn01_1_1/3,"2024-04-23T10:36:51,299+0200",visu_pars.VisuCreationDate,I01Tdnrn01,Raton-JRC-01,20240423_100343_I01Tdnrn01_1_1,3,DICOM regenerated by Dicomifier 2.5.3 (+ gjesus3 workarounds) from the ParaVision 2dseq before ingest
20240423_100343_I01Tdnrn01_1_1/30,"2024-04-23T12:02:13,429+0200",visu_pars.VisuCreationDate,I01Tdnrn01,Raton-JRC-01,20240423_100343_I01Tdnrn01_1_1,30,DICOM regenerated by Dicomifier 2.5.3 (+ gjesus3 workarounds) from the ParaVision 2dseq before ingest
20240423_100343_I01Tdnrn01_1_1/31,"2024-04-23T12:05:59,638+0200",visu_pars.VisuCreationDate,I01Tdnrn01,Raton-JRC-01,20240423_100343_I01Tdnrn01_1_1,31,DICOM regenerated by Dicomifier 2.5.3 (+ gjesus3 workarounds) from the ParaVision 2dseq before ingest
20240423_100343_I01Tdnrn01_1_1/32,"2024-04-23T12:07:49,127+0200",visu_pars.VisuCreationDate,I01Tdnrn01,Raton-JRC-01,20240423_100343_I01Tdnrn01_1_1,32,DICOM regenerated by Dicomifier 2.5.3 (+ gjesus3 workarounds) from the ParaVision 2dseq before ingest
20240423_100343_I01Tdnrn01_1_1/33,"2024-04-23T12:09:38,845+0200",visu_pars.VisuCreationDate,I01Tdnrn01,Raton-JRC-01,20240423_100343_I01Tdnrn01_1_1,33,DICOM regenerated by Dicomifier 2.5.3 (+ gjesus3 workarounds) from the ParaVision 2dseq before ingest
20240423_100343_I01Tdnrn01_1_1/34,"2024-04-23T12:11:28,201+0200",visu_pars.VisuCreationDate,I01Tdnrn01,Raton-JRC-01,20240423_100343_I01Tdnrn01_1_1,34,DICOM regenerated by Dicomifier 2.5.3 (+ gjesus3 workarounds) from the ParaVision 2dseq before ingest
20240423_100343_I01Tdnrn01_1_1/35,"2024-04-23T12:13:18,135+0200",visu_pars.VisuCreationDate,I01Tdnrn01,Raton-JRC-01,20240423_100343_I01Tdnrn01_1_1,35,DICOM regenerated by Dicomifier 2.5.3 (+ gjesus3 workarounds) from the ParaVision 2dseq before ingest
20240423_100343_I01Tdnrn01_1_1/36,"2024-04-23T12:04:10,071+0200",visu_pars.VisuCreationDate,I01Tdnrn01,Raton-JRC-01,20240423_100343_I01Tdnrn01_1_1,36,DICOM regenerated by Dicomifier 2.5.3 (+ gjesus3 workarounds) from the ParaVision 2dseq before ingest
20240423_100343_I01Tdnrn01_1_1/37,"2024-04-23T12:16:40,459+0200",visu_pars.VisuCreationDate,I01Tdnrn01,Raton-JRC-01,20240423_100343_I01Tdnrn01_1_1,37,DICOM regenerated by Dicomifier 2.5.3 (+ gjesus3 workarounds) from the ParaVision 2dseq before ingest
20240423_100343_I01Tdnrn01_1_1/38,"2024-04-23T12:23:46,874+0200",visu_pars.VisuCreationDate,I01Tdnrn01,Raton-JRC-01,20240423_100343_I01Tdnrn01_1_1,38,DICOM regenerated by Dicomifier 2.5.3 (+ gjesus3 workarounds) from the ParaVision 2dseq before ingest
20240423_100343_I01Tdnrn01_1_1/39,"2024-04-23T12:30:36,211+0200",visu_pars.VisuCreationDate,I01Tdnrn01,Raton-JRC-01,20240423_100343_I01Tdnrn01_1_1,39,DICOM regenerated by Dicomifier 2.5.3 (+ gjesus3 workarounds) from the ParaVision 2dseq before ingest
20240423_100343_I01Tdnrn01_1_1/4,"2024-04-23T10:43:40,867+0200",visu_pars.VisuCreationDate,I01Tdnrn01,Raton-JRC-01,20240423_100343_I01Tdnrn01_1_1,4,DICOM regenerated by Dicomifier 2.5.3 (+ gjesus3 workarounds) from the ParaVision 2dseq before ingest
20240423_100343_I01Tdnrn01_1_1/40,"2024-04-23T12:40:22,065+0200",visu_pars.VisuCreationDate,I01Tdnrn01,Raton-JRC-01,20240423_100343_I01Tdnrn01_1_1,40,DICOM regenerated by Dicomifier 2.5.3 (+ gjesus3 workarounds) from the ParaVision 2dseq before ingest
20240423_100343_I01Tdnrn01_1_1/41,"2024-04-23T12:46:19,656+0200",visu_pars.VisuCreationDate,I01Tdnrn01,Raton-JRC-01,20240423_100343_I01Tdnrn01_1_1,41,DICOM regenerated by Dicomifier 2.5.3 (+ gjesus3 workarounds) from the ParaVision 2dseq before ingest
20240423_100343_I01Tdnrn01_1_1/42,"2024-04-23T12:47:18,549+0200",visu_pars.VisuCreationDate,I01Tdnrn01,Raton-JRC-01,20240423_100343_I01Tdnrn01_1_1,42,DICOM regenerated by Dicomifier 2.5.3 (+ gjesus3 workarounds) from the ParaVision 2dseq before ingest
20240423_100343_I01Tdnrn01_1_1/43,"2024-04-23T12:48:21,602+0200",visu_pars.VisuCreationDate,I01Tdnrn01,Raton-JRC-01,20240423_100343_I01Tdnrn01_1_1,43,DICOM regenerated by Dicomifier 2.5.3 (+ gjesus3 workarounds) from the ParaVision 2dseq before ingest
20240423_100343_I01Tdnrn01_1_1/44,"2024-04-23T12:49:31,675+0200",visu_pars.VisuCreationDate,I01Tdnrn01,Raton-JRC-01,20240423_100343_I01Tdnrn01_1_1,44,DICOM regenerated by Dicomifier 2.5.3 (+ gjesus3 workarounds) from the ParaVision 2dseq before ingest
20240423_100343_I01Tdnrn01_1_1/45,"2024-04-23T12:50:50,767+0200",visu_pars.VisuCreationDate,I01Tdnrn01,Raton-JRC-01,20240423_100343_I01Tdnrn01_1_1,45,DICOM regenerated by Dicomifier 2.5.3 (+ gjesus3 workarounds) from the ParaVision 2dseq before ingest
20240423_100343_I01Tdnrn01_1_1/46,"2024-04-23T12:52:19,075+0200",visu_pars.VisuCreationDate,I01Tdnrn01,Raton-JRC-01,20240423_100343_I01Tdnrn01_1_1,46,DICOM regenerated by Dicomifier 2.5.3 (+ gjesus3 workarounds) from the ParaVision 2dseq before ingest
20240423_100343_I01Tdnrn01_1_1/47,"2024-04-23T12:53:59,281+0200",visu_pars.VisuCreationDate,I01Tdnrn01,Raton-JRC-01,20240423_100343_I01Tdnrn01_1_1,47,DICOM regenerated by Dicomifier 2.5.3 (+ gjesus3 workarounds) from the ParaVision 2dseq before ingest
20240423_100343_I01Tdnrn01_1_1/48,"2024-04-23T12:55:55,038+0200",visu_pars.VisuCreationDate,I01Tdnrn01,Raton-JRC-01,20240423_100343_I01Tdnrn01_1_1,48,DICOM regenerated by Dicomifier 2.5.3 (+ gjesus3 workarounds) from the ParaVision 2dseq before ingest
20240423_100343_I01Tdnrn01_1_1/49,"2024-04-23T12:58:21,093+0200",visu_pars.VisuCreationDate,I01Tdnrn01,Raton-JRC-01,20240423_100343_I01Tdnrn01_1_1,49,DICOM regenerated by Dicomifier 2.5.3 (+ gjesus3 workarounds) from the ParaVision 2dseq before ingest
20240423_100343_I01Tdnrn01_1_1/50,"2024-04-23T13:02:15,272+0200",visu_pars.VisuCreationDate,I01Tdnrn01,Raton-JRC-01,20240423_100343_I01Tdnrn01_1_1,50,DICOM regenerated by Dicomifier 2.5.3 (+ gjesus3 workarounds) from the ParaVision 2dseq before ingest
20240423_100343_I01Tdnrn01_1_1/51,"2024-04-23T13:05:55,168+0200",visu_pars.VisuCreationDate,I01Tdnrn01,Raton-JRC-01,20240423_100343_I01Tdnrn01_1_1,51,DICOM regenerated by Dicomifier 2.5.3 (+ gjesus3 workarounds) from the ParaVision 2dseq before ingest
20240423_100343_I01Tdnrn01_1_1/52,"2024-04-23T13:07:45,192+0200",visu_pars.VisuCreationDate,I01Tdnrn01,Raton-JRC-01,20240423_100343_I01Tdnrn01_1_1,52,DICOM regenerated by Dicomifier 2.5.3 (+ gjesus3 workarounds) from the ParaVision 2dseq before ingest
20240423_100343_I01Tdnrn01_1_1/53,"2024-04-23T13:04:05,184+0200",visu_pars.VisuCreationDate,I01Tdnrn01,Raton-JRC-01,20240423_100343_I01Tdnrn01_1_1,53,DICOM regenerated by Dicomifier 2.5.3 (+ gjesus3 workarounds) from the ParaVision 2dseq before ingest
20240423_100343_I01Tdnrn01_1_1/54,"2024-04-23T13:09:34,890+0200",visu_pars.VisuCreationDate,I01Tdnrn01,Raton-JRC-01,20240423_100343_I01Tdnrn01_1_1,54,DICOM regenerated by Dicomifier 2.5.3 (+ gjesus3 workarounds) from the ParaVision 2dseq before ingest
20240423_100343_I01Tdnrn01_1_1/55,"2024-04-23T13:11:21,341+0200",visu_pars.VisuCreationDate,I01Tdnrn01,Raton-JRC-01,20240423_100343_I01Tdnrn01_1_1,55,DICOM regenerated by Dicomifier 2.5.3 (+ gjesus3 workarounds) from the ParaVision 2dseq before ingest
20240423_100343_I01Tdnrn01_1_1/56,"2024-04-23T13:15:39,414+0200",visu_pars.VisuCreationDate,I01Tdnrn01,Raton-JRC-01,20240423_100343_I01Tdnrn01_1_1,56,DICOM regenerated by Dicomifier 2.5.3 (+ gjesus3 workarounds) from the ParaVision 2dseq before ingest
20240423_100343_I01Tdnrn01_1_1/58,"2024-04-23T13:19:43,838+0200",visu_pars.VisuCreationDate,I01Tdnrn01,Raton-JRC-01,20240423_100343_I01Tdnrn01_1_1,58,DICOM regenerated by Dicomifier 2.5.3 (+ gjesus3 workarounds) from the ParaVision 2dseq before ingest
20240423_100343_I01Tdnrn01_1_1/59,"2024-04-23T13:34:58,323+0200",visu_pars.VisuCreationDate,I01Tdnrn01,Raton-JRC-01,20240423_100343_I01Tdnrn01_1_1,59,DICOM regenerated by Dicomifier 2.5.3 (+ gjesus3 workarounds) from the ParaVision 2dseq before ingest
20240423_100343_I01Tdnrn01_1_1/6,"2024-04-23T11:00:35,897+0200",visu_pars.VisuCreationDate,I01Tdnrn01,Raton-JRC-01,20240423_100343_I01Tdnrn01_1_1,6,DICOM regenerated by Dicomifier 2.5.3 (+ gjesus3 workarounds) from the ParaVision 2dseq before ingest
20240423_100343_I01Tdnrn01_1_1/60,"2024-04-23T13:44:44,040+0200",visu_pars.VisuCreationDate,I01Tdnrn01,Raton-JRC-01,20240423_100343_I01Tdnrn01_1_1,60,DICOM regenerated by Dicomifier 2.5.3 (+ gjesus3 workarounds) from the ParaVision 2dseq before ingest
20240423_100343_I01Tdnrn01_1_1/61,"2024-04-23T13:50:44,447+0200",visu_pars.VisuCreationDate,I01Tdnrn01,Raton-JRC-01,20240423_100343_I01Tdnrn01_1_1,61,DICOM regenerated by Dicomifier 2.5.3 (+ gjesus3 workarounds) from the ParaVision 2dseq before ingest
20240423_100343_I01Tdnrn01_1_1/62,"2024-04-23T13:51:44,237+0200",visu_pars.VisuCreationDate,I01Tdnrn01,Raton-JRC-01,20240423_100343_I01Tdnrn01_1_1,62,DICOM regenerated by Dicomifier 2.5.3 (+ gjesus3 workarounds) from the ParaVision 2dseq before ingest
20240423_100343_I01Tdnrn01_1_1/63,"2024-04-23T13:52:47,804+0200",visu_pars.VisuCreationDate,I01Tdnrn01,Raton-JRC-01,20240423_100343_I01Tdnrn01_1_1,63,DICOM regenerated by Dicomifier 2.5.3 (+ gjesus3 workarounds) from the ParaVision 2dseq before ingest
20240423_100343_I01Tdnrn01_1_1/64,"2024-04-23T13:53:58,252+0200",visu_pars.VisuCreationDate,I01Tdnrn01,Raton-JRC-01,20240423_100343_I01Tdnrn01_1_1,64,DICOM regenerated by Dicomifier 2.5.3 (+ gjesus3 workarounds) from the ParaVision 2dseq before ingest
20240423_100343_I01Tdnrn01_1_1/65,"2024-04-23T13:55:16,792+0200",visu_pars.VisuCreationDate,I01Tdnrn01,Raton-JRC-01,20240423_100343_I01Tdnrn01_1_1,65,DICOM regenerated by Dicomifier 2.5.3 (+ gjesus3 workarounds) from the ParaVision 2dseq before ingest
20240423_100343_I01Tdnrn01_1_1/66,"2024-04-23T13:56:45,332+0200",visu_pars.VisuCreationDate,I01Tdnrn01,Raton-JRC-01,20240423_100343_I01Tdnrn01_1_1,66,DICOM regenerated by Dicomifier 2.5.3 (+ gjesus3 workarounds) from the ParaVision 2dseq before ingest
20240423_100343_I01Tdnrn01_1_1/67,"2024-04-23T13:58:25,901+0200",visu_pars.VisuCreationDate,I01Tdnrn01,Raton-JRC-01,20240423_100343_I01Tdnrn01_1_1,67,DICOM regenerated by Dicomifier 2.5.3 (+ gjesus3 workarounds) from the ParaVision 2dseq before ingest
20240423_100343_I01Tdnrn01_1_1/68,"2024-04-23T14:00:18,868+0200",visu_pars.VisuCreationDate,I01Tdnrn01,Raton-JRC-01,20240423_100343_I01Tdnrn01_1_1,68,DICOM regenerated by Dicomifier 2.5.3 (+ gjesus3 workarounds) from the ParaVision 2dseq before ingest
20240423_100343_I01Tdnrn01_1_1/69,"2024-04-23T14:02:41,302+0200",visu_pars.VisuCreationDate,I01Tdnrn01,Raton-JRC-01,20240423_100343_I01Tdnrn01_1_1,69,DICOM regenerated by Dicomifier 2.5.3 (+ gjesus3 workarounds) from the ParaVision 2dseq before ingest
20240423_100343_I01Tdnrn01_1_1/7,"2024-04-23T10:50:50,683+0200",visu_pars.VisuCreationDate,I01Tdnrn01,Raton-JRC-01,20240423_100343_I01Tdnrn01_1_1,7,DICOM regenerated by Dicomifier 2.5.3 (+ gjesus3 workarounds) from the ParaVision 2dseq before ingest
20240423_100343_I01Tdnrn01_1_1/70,"2024-04-23T14:06:35,715+0200",visu_pars.VisuCreationDate,I01Tdnrn01,Raton-JRC-01,20240423_100343_I01Tdnrn01_1_1,70,DICOM regenerated by Dicomifier 2.5.3 (+ gjesus3 workarounds) from the ParaVision 2dseq before ingest
20240423_100343_I01Tdnrn01_1_1/71,"2024-04-23T14:08:22,683+0200",visu_pars.VisuCreationDate,I01Tdnrn01,Raton-JRC-01,20240423_100343_I01Tdnrn01_1_1,71,DICOM regenerated by Dicomifier 2.5.3 (+ gjesus3 workarounds) from the ParaVision 2dseq before ingest
20240423_100343_I01Tdnrn01_1_1/72,"2024-04-23T14:10:08,928+0200",visu_pars.VisuCreationDate,I01Tdnrn01,Raton-JRC-01,20240423_100343_I01Tdnrn01_1_1,72,DICOM regenerated by Dicomifier 2.5.3 (+ gjesus3 workarounds) from the ParaVision 2dseq before ingest
20240423_100343_I01Tdnrn01_1_1/73,"2024-04-23T14:11:55,493+0200",visu_pars.VisuCreationDate,I01Tdnrn01,Raton-JRC-01,20240423_100343_I01Tdnrn01_1_1,73,DICOM regenerated by Dicomifier 2.5.3 (+ gjesus3 workarounds) from the ParaVision 2dseq before ingest
20240423_100343_I01Tdnrn01_1_1/74,"2024-04-23T14:13:41,963+0200",visu_pars.VisuCreationDate,I01Tdnrn01,Raton-JRC-01,20240423_100343_I01Tdnrn01_1_1,74,DICOM regenerated by Dicomifier 2.5.3 (+ gjesus3 workarounds) from the ParaVision 2dseq before ingest
20240423_100343_I01Tdnrn01_1_1/75,"2024-04-23T14:15:28,533+0200",visu_pars.VisuCreationDate,I01Tdnrn01,Raton-JRC-01,20240423_100343_I01Tdnrn01_1_1,75,DICOM regenerated by Dicomifier 2.5.3 (+ gjesus3 workarounds) from the ParaVision 2dseq before ingest
20240423_100343_I01Tdnrn01_1_1/76,"2024-04-23T14:17:15,239+0200",visu_pars.VisuCreationDate,I01Tdnrn01,Raton-JRC-01,20240423_100343_I01Tdnrn01_1_1,76,DICOM regenerated by Dicomifier 2.5.3 (+ gjesus3 workarounds) from the ParaVision 2dseq before ingest
20240423_100343_I01Tdnrn01_1_1/78,"2024-04-23T13:28:12,399+0200",visu_pars.VisuCreationDate,I01Tdnrn01,Raton-JRC-01,20240423_100343_I01Tdnrn01_1_1,78,DICOM regenerated by Dicomifier 2.5.3 (+ gjesus3 workarounds) from the ParaVision 2dseq before ingest
20240423_100343_I01Tdnrn01_1_1/79,"2024-04-23T14:32:58,742+0200",visu_pars.VisuCreationDate,I01Tdnrn01,Raton-JRC-01,20240423_100343_I01Tdnrn01_1_1,79,DICOM regenerated by Dicomifier 2.5.3 (+ gjesus3 workarounds) from the ParaVision 2dseq before ingest
20240423_100343_I01Tdnrn01_1_1/8,"2024-04-23T11:05:52,431+0200",visu_pars.VisuCreationDate,I01Tdnrn01,Raton-JRC-01,20240423_100343_I01Tdnrn01_1_1,8,DICOM regenerated by Dicomifier 2.5.3 (+ gjesus3 workarounds) from the ParaVision 2dseq before ingest
20240423_100343_I01Tdnrn01_1_1/80,"2024-04-23T14:44:56,580+0200",visu_pars.VisuCreationDate,I01Tdnrn01,Raton-JRC-01,20240423_100343_I01Tdnrn01_1_1,80,DICOM regenerated by Dicomifier 2.5.3 (+ gjesus3 workarounds) from the ParaVision 2dseq before ingest
20240423_100343_I01Tdnrn01_1_1/81,"2024-04-23T14:54:42,186+0200",visu_pars.VisuCreationDate,I01Tdnrn01,Raton-JRC-01,20240423_100343_I01Tdnrn01_1_1,81,DICOM regenerated by Dicomifier 2.5.3 (+ gjesus3 workarounds) from the ParaVision 2dseq before ingest
20240423_100343_I01Tdnrn01_1_1/82,"2024-04-23T15:00:19,856+0200",visu_pars.VisuCreationDate,I01Tdnrn01,Raton-JRC-01,20240423_100343_I01Tdnrn01_1_1,82,DICOM regenerated by Dicomifier 2.5.3 (+ gjesus3 workarounds) from the ParaVision 2dseq before ingest
20240423_100343_I01Tdnrn01_1_1/83,"2024-04-23T15:07:05,907+0200",visu_pars.VisuCreationDate,I01Tdnrn01,Raton-JRC-01,20240423_100343_I01Tdnrn01_1_1,83,DICOM regenerated by Dicomifier 2.5.3 (+ gjesus3 workarounds) from the ParaVision 2dseq before ingest
20240423_100343_I01Tdnrn01_1_1/84,"2024-04-23T15:16:51,950+0200",visu_pars.VisuCreationDate,I01Tdnrn01,Raton-JRC-01,20240423_100343_I01Tdnrn01_1_1,84,DICOM regenerated by Dicomifier 2.5.3 (+ gjesus3 workarounds) from the ParaVision 2dseq before ingest
20240424_111616_I01Tdnrn02_1_1/17,"2024-04-24T14:01:52,556+0200",visu_pars.VisuCreationDate,I01Tdnrn02,Raton-JRC-02,20240424_111616_I01Tdnrn02_1_1,17,DICOM regenerated by Dicomifier 2.5.3 (+ gjesus3 workarounds) from the ParaVision 2dseq before ingest
20240424_111616_I01Tdnrn02_1_1/19,"2024-04-24T14:04:21,386+0200",visu_pars.VisuCreationDate,I01Tdnrn02,Raton-JRC-02,20240424_111616_I01Tdnrn02_1_1,19,DICOM regenerated by Dicomifier 2.5.3 (+ gjesus3 workarounds) from the ParaVision 2dseq before ingest
20240424_111616_I01Tdnrn02_1_1/2,"2024-04-24T13:24:53,080+0200",visu_pars.VisuCreationDate,I01Tdnrn02,Raton-JRC-02,20240424_111616_I01Tdnrn02_1_1,2,DICOM regenerated by Dicomifier 2.5.3 (+ gjesus3 workarounds) from the ParaVision 2dseq before ingest
20240424_111616_I01Tdnrn02_1_1/20,"2024-04-24T14:05:43,955+0200",visu_pars.VisuCreationDate,I01Tdnrn02,Raton-JRC-02,20240424_111616_I01Tdnrn02_1_1,20,DICOM regenerated by Dicomifier 2.5.3 (+ gjesus3 workarounds) from the ParaVision 2dseq before ingest
20240424_111616_I01Tdnrn02_1_1/21,"2024-04-24T14:07:15,401+0200",visu_pars.VisuCreationDate,I01Tdnrn02,Raton-JRC-02,20240424_111616_I01Tdnrn02_1_1,21,DICOM regenerated by Dicomifier 2.5.3 (+ gjesus3 workarounds) from the ParaVision 2dseq before ingest
20240424_111616_I01Tdnrn02_1_1/22,"2024-04-24T14:08:56,474+0200",visu_pars.VisuCreationDate,I01Tdnrn02,Raton-JRC-02,20240424_111616_I01Tdnrn02_1_1,22,DICOM regenerated by Dicomifier 2.5.3 (+ gjesus3 workarounds) from the ParaVision 2dseq before ingest
20240424_111616_I01Tdnrn02_1_1/23,"2024-04-24T14:10:49,683+0200",visu_pars.VisuCreationDate,I01Tdnrn02,Raton-JRC-02,20240424_111616_I01Tdnrn02_1_1,23,DICOM regenerated by Dicomifier 2.5.3 (+ gjesus3 workarounds) from the ParaVision 2dseq before ingest
20240424_111616_I01Tdnrn02_1_1/24,"2024-04-24T14:12:55,225+0200",visu_pars.VisuCreationDate,I01Tdnrn02,Raton-JRC-02,20240424_111616_I01Tdnrn02_1_1,24,DICOM regenerated by Dicomifier 2.5.3 (+ gjesus3 workarounds) from the ParaVision 2dseq before ingest
20240424_111616_I01Tdnrn02_1_1/25,"2024-04-24T14:15:30,837+0200",visu_pars.VisuCreationDate,I01Tdnrn02,Raton-JRC-02,20240424_111616_I01Tdnrn02_1_1,25,DICOM regenerated by Dicomifier 2.5.3 (+ gjesus3 workarounds) from the ParaVision 2dseq before ingest
20240424_111616_I01Tdnrn02_1_1/26,"2024-04-24T14:19:38,463+0200",visu_pars.VisuCreationDate,I01Tdnrn02,Raton-JRC-02,20240424_111616_I01Tdnrn02_1_1,26,DICOM regenerated by Dicomifier 2.5.3 (+ gjesus3 workarounds) from the ParaVision 2dseq before ingest
20240424_111616_I01Tdnrn02_1_1/27,"2024-04-24T14:21:25,529+0200",visu_pars.VisuCreationDate,I01Tdnrn02,Raton-JRC-02,20240424_111616_I01Tdnrn02_1_1,27,DICOM regenerated by Dicomifier 2.5.3 (+ gjesus3 workarounds) from the ParaVision 2dseq before ingest
20240424_111616_I01Tdnrn02_1_1/28,"2024-04-24T14:23:11,956+0200",visu_pars.VisuCreationDate,I01Tdnrn02,Raton-JRC-02,20240424_111616_I01Tdnrn02_1_1,28,DICOM regenerated by Dicomifier 2.5.3 (+ gjesus3 workarounds) from the ParaVision 2dseq before ingest
20240424_111616_I01Tdnrn02_1_1/29,"2024-04-24T14:24:58,400+0200",visu_pars.VisuCreationDate,I01Tdnrn02,Raton-JRC-02,20240424_111616_I01Tdnrn02_1_1,29,DICOM regenerated by Dicomifier 2.5.3 (+ gjesus3 workarounds) from the ParaVision 2dseq before ingest
20240424_111616_I01Tdnrn02_1_1/3,"2024-04-24T13:32:45,955+0200",visu_pars.VisuCreationDate,I01Tdnrn02,Raton-JRC-02,20240424_111616_I01Tdnrn02_1_1,3,DICOM regenerated by Dicomifier 2.5.3 (+ gjesus3 workarounds) from the ParaVision 2dseq before ingest
20240424_111616_I01Tdnrn02_1_1/30,"2024-04-24T14:26:44,825+0200",visu_pars.VisuCreationDate,I01Tdnrn02,Raton-JRC-02,20240424_111616_I01Tdnrn02_1_1,30,DICOM regenerated by Dicomifier 2.5.3 (+ gjesus3 workarounds) from the ParaVision 2dseq before ingest
20240424_111616_I01Tdnrn02_1_1/31,"2024-04-24T14:28:31,330+0200",visu_pars.VisuCreationDate,I01Tdnrn02,Raton-JRC-02,20240424_111616_I01Tdnrn02_1_1,31,DICOM regenerated by Dicomifier 2.5.3 (+ gjesus3 workarounds) from the ParaVision 2dseq before ingest
20240424_111616_I01Tdnrn02_1_1/32,"2024-04-24T14:30:17,921+0200",visu_pars.VisuCreationDate,I01Tdnrn02,Raton-JRC-02,20240424_111616_I01Tdnrn02_1_1,32,DICOM regenerated by Dicomifier 2.5.3 (+ gjesus3 workarounds) from the ParaVision 2dseq before ingest
20240424_111616_I01Tdnrn02_1_1/33,"2024-04-24T14:32:04,963+0200",visu_pars.VisuCreationDate,I01Tdnrn02,Raton-JRC-02,20240424_111616_I01Tdnrn02_1_1,33,DICOM regenerated by Dicomifier 2.5.3 (+ gjesus3 workarounds) from the ParaVision 2dseq before ingest
20240424_111616_I01Tdnrn02_1_1/35,"2024-04-24T14:03:04,708+0200",visu_pars.VisuCreationDate,I01Tdnrn02,Raton-JRC-02,20240424_111616_I01Tdnrn02_1_1,35,DICOM regenerated by Dicomifier 2.5.3 (+ gjesus3 workarounds) from the ParaVision 2dseq before ingest
20240424_111616_I01Tdnrn02_1_1/36,"2024-04-24T14:37:41,519+0200",visu_pars.VisuCreationDate,I01Tdnrn02,Raton-JRC-02,20240424_111616_I01Tdnrn02_1_1,36,DICOM regenerated by Dicomifier 2.5.3 (+ gjesus3 workarounds) from the ParaVision 2dseq before ingest
20240424_111616_I01Tdnrn02_1_1/37,"2024-04-24T14:44:29,951+0200",visu_pars.VisuCreationDate,I01Tdnrn02,Raton-JRC-02,20240424_111616_I01Tdnrn02_1_1,37,DICOM regenerated by Dicomifier 2.5.3 (+ gjesus3 workarounds) from the ParaVision 2dseq before ingest
20240424_111616_I01Tdnrn02_1_1/38,"2024-04-24T14:54:15,819+0200",visu_pars.VisuCreationDate,I01Tdnrn02,Raton-JRC-02,20240424_111616_I01Tdnrn02_1_1,38,DICOM regenerated by Dicomifier 2.5.3 (+ gjesus3 workarounds) from the ParaVision 2dseq before ingest
20240424_111616_I01Tdnrn02_1_1/4,"2024-04-24T13:40:38,286+0200",visu_pars.VisuCreationDate,I01Tdnrn02,Raton-JRC-02,20240424_111616_I01Tdnrn02_1_1,4,DICOM regenerated by Dicomifier 2.5.3 (+ gjesus3 workarounds) from the ParaVision 2dseq before ingest
20240424_111616_I01Tdnrn02_1_1/40,"2024-04-24T15:00:13,099+0200",visu_pars.VisuCreationDate,I01Tdnrn02,Raton-JRC-02,20240424_111616_I01Tdnrn02_1_1,40,DICOM regenerated by Dicomifier 2.5.3 (+ gjesus3 workarounds) from the ParaVision 2dseq before ingest
20240424_111616_I01Tdnrn02_1_1/41,"2024-04-24T15:01:25,133+0200",visu_pars.VisuCreationDate,I01Tdnrn02,Raton-JRC-02,20240424_111616_I01Tdnrn02_1_1,41,DICOM regenerated by Dicomifier 2.5.3 (+ gjesus3 workarounds) from the ParaVision 2dseq before ingest
20240424_111616_I01Tdnrn02_1_1/42,"2024-04-24T15:02:41,901+0200",visu_pars.VisuCreationDate,I01Tdnrn02,Raton-JRC-02,20240424_111616_I01Tdnrn02_1_1,42,DICOM regenerated by Dicomifier 2.5.3 (+ gjesus3 workarounds) from the ParaVision 2dseq before ingest
20240424_111616_I01Tdnrn02_1_1/43,"2024-04-24T15:04:05,215+0200",visu_pars.VisuCreationDate,I01Tdnrn02,Raton-JRC-02,20240424_111616_I01Tdnrn02_1_1,43,DICOM regenerated by Dicomifier 2.5.3 (+ gjesus3 workarounds) from the ParaVision 2dseq before ingest
20240424_111616_I01Tdnrn02_1_1/44,"2024-04-24T15:05:36,857+0200",visu_pars.VisuCreationDate,I01Tdnrn02,Raton-JRC-02,20240424_111616_I01Tdnrn02_1_1,44,DICOM regenerated by Dicomifier 2.5.3 (+ gjesus3 workarounds) from the ParaVision 2dseq before ingest
20240424_111616_I01Tdnrn02_1_1/45,"2024-04-24T15:07:18,575+0200",visu_pars.VisuCreationDate,I01Tdnrn02,Raton-JRC-02,20240424_111616_I01Tdnrn02_1_1,45,DICOM regenerated by Dicomifier 2.5.3 (+ gjesus3 workarounds) from the ParaVision 2dseq before ingest
20240424_111616_I01Tdnrn02_1_1/46,"2024-04-24T15:09:12,220+0200",visu_pars.VisuCreationDate,I01Tdnrn02,Raton-JRC-02,20240424_111616_I01Tdnrn02_1_1,46,DICOM regenerated by Dicomifier 2.5.3 (+ gjesus3 workarounds) from the ParaVision 2dseq before ingest
20240424_111616_I01Tdnrn02_1_1/47,"2024-04-24T15:11:17,942+0200",visu_pars.VisuCreationDate,I01Tdnrn02,Raton-JRC-02,20240424_111616_I01Tdnrn02_1_1,47,DICOM regenerated by Dicomifier 2.5.3 (+ gjesus3 workarounds) from the ParaVision 2dseq before ingest
20240424_111616_I01Tdnrn02_1_1/48,"2024-04-24T15:13:52,649+0200",visu_pars.VisuCreationDate,I01Tdnrn02,Raton-JRC-02,20240424_111616_I01Tdnrn02_1_1,48,DICOM regenerated by Dicomifier 2.5.3 (+ gjesus3 workarounds) from the ParaVision 2dseq before ingest
20240424_111616_I01Tdnrn02_1_1/49,"2024-04-24T15:17:59,616+0200",visu_pars.VisuCreationDate,I01Tdnrn02,Raton-JRC-02,20240424_111616_I01Tdnrn02_1_1,49,DICOM regenerated by Dicomifier 2.5.3 (+ gjesus3 workarounds) from the ParaVision 2dseq before ingest
20240424_111616_I01Tdnrn02_1_1/5,"2024-04-24T13:50:24,845+0200",visu_pars.VisuCreationDate,I01Tdnrn02,Raton-JRC-02,20240424_111616_I01Tdnrn02_1_1,5,DICOM regenerated by Dicomifier 2.5.3 (+ gjesus3 workarounds) from the ParaVision 2dseq before ingest
20240424_111616_I01Tdnrn02_1_1/50,"2024-04-24T15:19:46,707+0200",visu_pars.VisuCreationDate,I01Tdnrn02,Raton-JRC-02,20240424_111616_I01Tdnrn02_1_1,50,DICOM regenerated by Dicomifier 2.5.3 (+ gjesus3 workarounds) from the ParaVision 2dseq before ingest
20240424_111616_I01Tdnrn02_1_1/51,"2024-04-24T15:21:32,737+0200",visu_pars.VisuCreationDate,I01Tdnrn02,Raton-JRC-02,20240424_111616_I01Tdnrn02_1_1,51,DICOM regenerated by Dicomifier 2.5.3 (+ gjesus3 workarounds) from the ParaVision 2dseq before ingest
20240424_111616_I01Tdnrn02_1_1/52,"2024-04-24T15:23:19,037+0200",visu_pars.VisuCreationDate,I01Tdnrn02,Raton-JRC-02,20240424_111616_I01Tdnrn02_1_1,52,DICOM regenerated by Dicomifier 2.5.3 (+ gjesus3 workarounds) from the ParaVision 2dseq before ingest
20240424_111616_I01Tdnrn02_1_1/53,"2024-04-24T15:25:05,655+0200",visu_pars.VisuCreationDate,I01Tdnrn02,Raton-JRC-02,20240424_111616_I01Tdnrn02_1_1,53,DICOM regenerated by Dicomifier 2.5.3 (+ gjesus3 workarounds) from the ParaVision 2dseq before ingest
20240424_111616_I01Tdnrn02_1_1/54,"2024-04-24T15:26:52,430+0200",visu_pars.VisuCreationDate,I01Tdnrn02,Raton-JRC-02,20240424_111616_I01Tdnrn02_1_1,54,DICOM regenerated by Dicomifier 2.5.3 (+ gjesus3 workarounds) from the ParaVision 2dseq before ingest
20240424_111616_I01Tdnrn02_1_1/55,"2024-04-24T15:28:39,131+0200",visu_pars.VisuCreationDate,I01Tdnrn02,Raton-JRC-02,20240424_111616_I01Tdnrn02_1_1,55,DICOM regenerated by Dicomifier 2.5.3 (+ gjesus3 workarounds) from the ParaVision 2dseq before ingest
20240424_111616_I01Tdnrn02_1_1/56,"2024-04-24T15:29:48,951+0200",visu_pars.VisuCreationDate,I01Tdnrn02,Raton-JRC-02,20240424_111616_I01Tdnrn02_1_1,56,DICOM regenerated by Dicomifier 2.5.3 (+ gjesus3 workarounds) from the ParaVision 2dseq before ingest
20240424_111616_I01Tdnrn02_1_1/57,"2024-04-24T15:35:25,269+0200",visu_pars.VisuCreationDate,I01Tdnrn02,Raton-JRC-02,20240424_111616_I01Tdnrn02_1_1,57,DICOM regenerated by Dicomifier 2.5.3 (+ gjesus3 workarounds) from the ParaVision 2dseq before ingest
20240424_111616_I01Tdnrn02_1_1/58,"2024-04-24T15:42:13,766+0200",visu_pars.VisuCreationDate,I01Tdnrn02,Raton-JRC-02,20240424_111616_I01Tdnrn02_1_1,58,DICOM regenerated by Dicomifier 2.5.3 (+ gjesus3 workarounds) from the ParaVision 2dseq before ingest
20240424_111616_I01Tdnrn02_1_1/59,"2024-04-24T15:51:59,630+0200",visu_pars.VisuCreationDate,I01Tdnrn02,Raton-JRC-02,20240424_111616_I01Tdnrn02_1_1,59,DICOM regenerated by Dicomifier 2.5.3 (+ gjesus3 workarounds) from the ParaVision 2dseq before ingest
20240424_111616_I01Tdnrn02_1_1/6,"2024-04-24T13:55:53,375+0200",visu_pars.VisuCreationDate,I01Tdnrn02,Raton-JRC-02,20240424_111616_I01Tdnrn02_1_1,6,DICOM regenerated by Dicomifier 2.5.3 (+ gjesus3 workarounds) from the ParaVision 2dseq before ingest
20240424_111616_I01Tdnrn02_1_1/60,"2024-04-24T15:57:56,640+0200",visu_pars.VisuCreationDate,I01Tdnrn02,Raton-JRC-02,20240424_111616_I01Tdnrn02_1_1,60,DICOM regenerated by Dicomifier 2.5.3 (+ gjesus3 workarounds) from the ParaVision 2dseq before ingest
20240424_111616_I01Tdnrn02_1_1/61,"2024-04-24T15:59:08,792+0200",visu_pars.VisuCreationDate,I01Tdnrn02,Raton-JRC-02,20240424_111616_I01Tdnrn02_1_1,61,DICOM regenerated by Dicomifier 2.5.3 (+ gjesus3 workarounds) from the ParaVision 2dseq before ingest
20240424_111616_I01Tdnrn02_1_1/62,"2024-04-24T16:00:25,543+0200",visu_pars.VisuCreationDate,I01Tdnrn02,Raton-JRC-02,20240424_111616_I01Tdnrn02_1_1,62,DICOM regenerated by Dicomifier 2.5.3 (+ gjesus3 workarounds) from the ParaVision 2dseq before ingest
20240424_111616_I01Tdnrn02_1_1/63,"2024-04-24T16:01:49,508+0200",visu_pars.VisuCreationDate,I01Tdnrn02,Raton-JRC-02,20240424_111616_I01Tdnrn02_1_1,63,DICOM regenerated by Dicomifier 2.5.3 (+ gjesus3 workarounds) from the ParaVision 2dseq before ingest
20240424_111616_I01Tdnrn02_1_1/64,"2024-04-24T16:03:21,212+0200",visu_pars.VisuCreationDate,I01Tdnrn02,Raton-JRC-02,20240424_111616_I01Tdnrn02_1_1,64,DICOM regenerated by Dicomifier 2.5.3 (+ gjesus3 workarounds) from the ParaVision 2dseq before ingest
20240424_111616_I01Tdnrn02_1_1/65,"2024-04-24T16:05:02,833+0200",visu_pars.VisuCreationDate,I01Tdnrn02,Raton-JRC-02,20240424_111616_I01Tdnrn02_1_1,65,DICOM regenerated by Dicomifier 2.5.3 (+ gjesus3 workarounds) from the ParaVision 2dseq before ingest
20240424_111616_I01Tdnrn02_1_1/66,"2024-04-24T16:06:56,336+0200",visu_pars.VisuCreationDate,I01Tdnrn02,Raton-JRC-02,20240424_111616_I01Tdnrn02_1_1,66,DICOM regenerated by Dicomifier 2.5.3 (+ gjesus3 workarounds) from the ParaVision 2dseq before ingest
20240424_111616_I01Tdnrn02_1_1/67,"2024-04-24T16:09:01,962+0200",visu_pars.VisuCreationDate,I01Tdnrn02,Raton-JRC-02,20240424_111616_I01Tdnrn02_1_1,67,DICOM regenerated by Dicomifier 2.5.3 (+ gjesus3 workarounds) from the ParaVision 2dseq before ingest
20240424_111616_I01Tdnrn02_1_1/68,"2024-04-24T16:11:37,602+0200",visu_pars.VisuCreationDate,I01Tdnrn02,Raton-JRC-02,20240424_111616_I01Tdnrn02_1_1,68,DICOM regenerated by Dicomifier 2.5.3 (+ gjesus3 workarounds) from the ParaVision 2dseq before ingest
20240424_111616_I01Tdnrn02_1_1/69,"2024-04-24T16:15:44,261+0200",visu_pars.VisuCreationDate,I01Tdnrn02,Raton-JRC-02,20240424_111616_I01Tdnrn02_1_1,69,DICOM regenerated by Dicomifier 2.5.3 (+ gjesus3 workarounds) from the ParaVision 2dseq before ingest
20240424_111616_I01Tdnrn02_1_1/70,"2024-04-24T16:17:31,270+0200",visu_pars.VisuCreationDate,I01Tdnrn02,Raton-JRC-02,20240424_111616_I01Tdnrn02_1_1,70,DICOM regenerated by Dicomifier 2.5.3 (+ gjesus3 workarounds) from the ParaVision 2dseq before ingest
20240424_111616_I01Tdnrn02_1_1/71,"2024-04-24T16:19:18,025+0200",visu_pars.VisuCreationDate,I01Tdnrn02,Raton-JRC-02,20240424_111616_I01Tdnrn02_1_1,71,DICOM regenerated by Dicomifier 2.5.3 (+ gjesus3 workarounds) from the ParaVision 2dseq before ingest
20240424_111616_I01Tdnrn02_1_1/72,"2024-04-24T16:21:04,610+0200",visu_pars.VisuCreationDate,I01Tdnrn02,Raton-JRC-02,20240424_111616_I01Tdnrn02_1_1,72,DICOM regenerated by Dicomifier 2.5.3 (+ gjesus3 workarounds) from the ParaVision 2dseq before ingest
20240424_111616_I01Tdnrn02_1_1/73,"2024-04-24T16:22:51,044+0200",visu_pars.VisuCreationDate,I01Tdnrn02,Raton-JRC-02,20240424_111616_I01Tdnrn02_1_1,73,DICOM regenerated by Dicomifier 2.5.3 (+ gjesus3 workarounds) from the ParaVision 2dseq before ingest
20240424_111616_I01Tdnrn02_1_1/74,"2024-04-24T16:24:37,656+0200",visu_pars.VisuCreationDate,I01Tdnrn02,Raton-JRC-02,20240424_111616_I01Tdnrn02_1_1,74,DICOM regenerated by Dicomifier 2.5.3 (+ gjesus3 workarounds) from the ParaVision 2dseq before ingest
20240424_111616_I01Tdnrn02_1_1/75,"2024-04-24T16:26:24,346+0200",visu_pars.VisuCreationDate,I01Tdnrn02,Raton-JRC-02,20240424_111616_I01Tdnrn02_1_1,75,DICOM regenerated by Dicomifier 2.5.3 (+ gjesus3 workarounds) from the ParaVision 2dseq before ingest
20240424_120501_I01Tdnrn01_1_2/1,"2024-04-24T12:13:33,339+0200",visu_pars.VisuCreationDate,I01Tdnrn02,Raton-JRC-02,20240424_120501_I01Tdnrn01_1_2,1,DICOM regenerated by Dicomifier 2.5.3 (+ gjesus3 workarounds) from the ParaVision 2dseq before ingest
20240424_120501_I01Tdnrn01_1_2/10,"2024-04-24T12:50:14,088+0200",visu_pars.VisuCreationDate,I01Tdnrn02,Raton-JRC-02,20240424_120501_I01Tdnrn01_1_2,10,DICOM regenerated by Dicomifier 2.5.3 (+ gjesus3 workarounds) from the ParaVision 2dseq before ingest
20240424_120501_I01Tdnrn01_1_2/11,"2024-04-24T12:51:54,428+0200",visu_pars.VisuCreationDate,I01Tdnrn02,Raton-JRC-02,20240424_120501_I01Tdnrn01_1_2,11,DICOM regenerated by Dicomifier 2.5.3 (+ gjesus3 workarounds) from the ParaVision 2dseq before ingest
20240424_120501_I01Tdnrn01_1_2/12,"2024-04-24T12:53:46,594+0200",visu_pars.VisuCreationDate,I01Tdnrn02,Raton-JRC-02,20240424_120501_I01Tdnrn01_1_2,12,DICOM regenerated by Dicomifier 2.5.3 (+ gjesus3 workarounds) from the ParaVision 2dseq before ingest
20240424_120501_I01Tdnrn01_1_2/13,"2024-04-24T12:56:08,765+0200",visu_pars.VisuCreationDate,I01Tdnrn02,Raton-JRC-02,20240424_120501_I01Tdnrn01_1_2,13,DICOM regenerated by Dicomifier 2.5.3 (+ gjesus3 workarounds) from the ParaVision 2dseq before ingest
20240424_120501_I01Tdnrn01_1_2/14,"2024-04-24T13:00:06,154+0200",visu_pars.VisuCreationDate,I01Tdnrn02,Raton-JRC-02,20240424_120501_I01Tdnrn01_1_2,14,DICOM regenerated by Dicomifier 2.5.3 (+ gjesus3 workarounds) from the ParaVision 2dseq before ingest
20240424_120501_I01Tdnrn01_1_2/15,"2024-04-24T13:01:52,969+0200",visu_pars.VisuCreationDate,I01Tdnrn02,Raton-JRC-02,20240424_120501_I01Tdnrn01_1_2,15,DICOM regenerated by Dicomifier 2.5.3 (+ gjesus3 workarounds) from the ParaVision 2dseq before ingest
20240424_120501_I01Tdnrn01_1_2/16,"2024-04-24T13:03:39,029+0200",visu_pars.VisuCreationDate,I01Tdnrn02,Raton-JRC-02,20240424_120501_I01Tdnrn01_1_2,16,DICOM regenerated by Dicomifier 2.5.3 (+ gjesus3 workarounds) from the ParaVision 2dseq before ingest
20240424_120501_I01Tdnrn01_1_2/17,"2024-04-24T13:05:25,104+0200",visu_pars.VisuCreationDate,I01Tdnrn02,Raton-JRC-02,20240424_120501_I01Tdnrn01_1_2,17,DICOM regenerated by Dicomifier 2.5.3 (+ gjesus3 workarounds) from the ParaVision 2dseq before ingest
20240424_120501_I01Tdnrn01_1_2/18,"2024-04-24T13:07:11,083+0200",visu_pars.VisuCreationDate,I01Tdnrn02,Raton-JRC-02,20240424_120501_I01Tdnrn01_1_2,18,DICOM regenerated by Dicomifier 2.5.3 (+ gjesus3 workarounds) from the ParaVision 2dseq before ingest
20240424_120501_I01Tdnrn01_1_2/19,"2024-04-24T13:08:57,448+0200",visu_pars.VisuCreationDate,I01Tdnrn02,Raton-JRC-02,20240424_120501_I01Tdnrn01_1_2,19,DICOM regenerated by Dicomifier 2.5.3 (+ gjesus3 workarounds) from the ParaVision 2dseq before ingest
20240424_120501_I01Tdnrn01_1_2/20,"2024-04-24T13:10:43,624+0200",visu_pars.VisuCreationDate,I01Tdnrn02,Raton-JRC-02,20240424_120501_I01Tdnrn01_1_2,20,DICOM regenerated by Dicomifier 2.5.3 (+ gjesus3 workarounds) from the ParaVision 2dseq before ingest
20240424_120501_I01Tdnrn01_1_2/21,"2024-04-24T12:14:55,060+0200",visu_pars.VisuCreationDate,I01Tdnrn02,Raton-JRC-02,20240424_120501_I01Tdnrn01_1_2,21,DICOM regenerated by Dicomifier 2.5.3 (+ gjesus3 workarounds) from the ParaVision 2dseq before ingest
20240424_120501_I01Tdnrn01_1_2/22,"2024-04-24T12:21:44,313+0200",visu_pars.VisuCreationDate,I01Tdnrn02,Raton-JRC-02,20240424_120501_I01Tdnrn01_1_2,22,DICOM regenerated by Dicomifier 2.5.3 (+ gjesus3 workarounds) from the ParaVision 2dseq before ingest
20240424_120501_I01Tdnrn01_1_2/3,"2024-04-24T12:28:33,198+0200",visu_pars.VisuCreationDate,I01Tdnrn02,Raton-JRC-02,20240424_120501_I01Tdnrn01_1_2,3,DICOM regenerated by Dicomifier 2.5.3 (+ gjesus3 workarounds) from the ParaVision 2dseq before ingest
20240424_120501_I01Tdnrn01_1_2/4,"2024-04-24T12:38:19,416+0200",visu_pars.VisuCreationDate,I01Tdnrn02,Raton-JRC-02,20240424_120501_I01Tdnrn01_1_2,4,DICOM regenerated by Dicomifier 2.5.3 (+ gjesus3 workarounds) from the ParaVision 2dseq before ingest
20240424_120501_I01Tdnrn01_1_2/5,"2024-04-24T12:44:16,530+0200",visu_pars.VisuCreationDate,I01Tdnrn02,Raton-JRC-02,20240424_120501_I01Tdnrn01_1_2,5,DICOM regenerated by Dicomifier 2.5.3 (+ gjesus3 workarounds) from the ParaVision 2dseq before ingest
20240424_120501_I01Tdnrn01_1_2/6,"2024-04-24T12:45:15,353+0200",visu_pars.VisuCreationDate,I01Tdnrn02,Raton-JRC-02,20240424_120501_I01Tdnrn01_1_2,6,DICOM regenerated by Dicomifier 2.5.3 (+ gjesus3 workarounds) from the ParaVision 2dseq before ingest
20240424_120501_I01Tdnrn01_1_2/7,"2024-04-24T12:46:18,280+0200",visu_pars.VisuCreationDate,I01Tdnrn02,Raton-JRC-02,20240424_120501_I01Tdnrn01_1_2,7,DICOM regenerated by Dicomifier 2.5.3 (+ gjesus3 workarounds) from the ParaVision 2dseq before ingest
20240424_120501_I01Tdnrn01_1_2/8,"2024-04-24T12:47:27,736+0200",visu_pars.VisuCreationDate,I01Tdnrn02,Raton-JRC-02,20240424_120501_I01Tdnrn01_1_2,8,DICOM regenerated by Dicomifier 2.5.3 (+ gjesus3 workarounds) from the ParaVision 2dseq before ingest
20240424_120501_I01Tdnrn01_1_2/9,"2024-04-24T12:48:46,164+0200",visu_pars.VisuCreationDate,I01Tdnrn02,Raton-JRC-02,20240424_120501_I01Tdnrn01_1_2,9,DICOM regenerated by Dicomifier 2.5.3 (+ gjesus3 workarounds) from the ParaVision 2dseq before ingest
20240425_093838_I01Tdprn03_1_1/10,"2024-04-25T10:39:58,253+0200",visu_pars.VisuCreationDate,I01Tdprn03,Raton-JRC-03,20240425_093838_I01Tdprn03_1_1,10,DICOM regenerated by Dicomifier 2.5.3 (+ gjesus3 workarounds) from the ParaVision 2dseq before ingest
20240425_093838_I01Tdprn03_1_1/11,"2024-04-25T10:41:43,217+0200",visu_pars.VisuCreationDate,I01Tdprn03,Raton-JRC-03,20240425_093838_I01Tdprn03_1_1,11,DICOM regenerated by Dicomifier 2.5.3 (+ gjesus3 workarounds) from the ParaVision 2dseq before ingest
20240425_093838_I01Tdprn03_1_1/12,"2024-04-25T10:43:39,606+0200",visu_pars.VisuCreationDate,I01Tdprn03,Raton-JRC-03,20240425_093838_I01Tdprn03_1_1,12,DICOM regenerated by Dicomifier 2.5.3 (+ gjesus3 workarounds) from the ParaVision 2dseq before ingest
20240425_093838_I01Tdprn03_1_1/13,"2024-04-25T10:45:48,182+0200",visu_pars.VisuCreationDate,I01Tdprn03,Raton-JRC-03,20240425_093838_I01Tdprn03_1_1,13,DICOM regenerated by Dicomifier 2.5.3 (+ gjesus3 workarounds) from the ParaVision 2dseq before ingest
20240425_093838_I01Tdprn03_1_1/14,"2024-04-25T10:48:23,551+0200",visu_pars.VisuCreationDate,I01Tdprn03,Raton-JRC-03,20240425_093838_I01Tdprn03_1_1,14,DICOM regenerated by Dicomifier 2.5.3 (+ gjesus3 workarounds) from the ParaVision 2dseq before ingest
20240425_093838_I01Tdprn03_1_1/15,"2024-04-25T10:52:30,769+0200",visu_pars.VisuCreationDate,I01Tdprn03,Raton-JRC-03,20240425_093838_I01Tdprn03_1_1,15,DICOM regenerated by Dicomifier 2.5.3 (+ gjesus3 workarounds) from the ParaVision 2dseq before ingest
20240425_093838_I01Tdprn03_1_1/16,"2024-04-25T10:54:17,570+0200",visu_pars.VisuCreationDate,I01Tdprn03,Raton-JRC-03,20240425_093838_I01Tdprn03_1_1,16,DICOM regenerated by Dicomifier 2.5.3 (+ gjesus3 workarounds) from the ParaVision 2dseq before ingest
20240425_093838_I01Tdprn03_1_1/17,"2024-04-25T10:56:06,753+0200",visu_pars.VisuCreationDate,I01Tdprn03,Raton-JRC-03,20240425_093838_I01Tdprn03_1_1,17,DICOM regenerated by Dicomifier 2.5.3 (+ gjesus3 workarounds) from the ParaVision 2dseq before ingest
20240425_093838_I01Tdprn03_1_1/18,"2024-04-25T10:57:56,244+0200",visu_pars.VisuCreationDate,I01Tdprn03,Raton-JRC-03,20240425_093838_I01Tdprn03_1_1,18,DICOM regenerated by Dicomifier 2.5.3 (+ gjesus3 workarounds) from the ParaVision 2dseq before ingest
20240425_093838_I01Tdprn03_1_1/19,"2024-04-25T10:59:45,559+0200",visu_pars.VisuCreationDate,I01Tdprn03,Raton-JRC-03,20240425_093838_I01Tdprn03_1_1,19,DICOM regenerated by Dicomifier 2.5.3 (+ gjesus3 workarounds) from the ParaVision 2dseq before ingest
20240425_093838_I01Tdprn03_1_1/2,"2024-04-25T10:05:11,886+0200",visu_pars.VisuCreationDate,I01Tdprn03,Raton-JRC-03,20240425_093838_I01Tdprn03_1_1,2,DICOM regenerated by Dicomifier 2.5.3 (+ gjesus3 workarounds) from the ParaVision 2dseq before ingest
20240425_093838_I01Tdprn03_1_1/20,"2024-04-25T11:01:35,367+0200",visu_pars.VisuCreationDate,I01Tdprn03,Raton-JRC-03,20240425_093838_I01Tdprn03_1_1,20,DICOM regenerated by Dicomifier 2.5.3 (+ gjesus3 workarounds) from the ParaVision 2dseq before ingest
20240425_093838_I01Tdprn03_1_1/21,"2024-04-25T11:03:21,741+0200",visu_pars.VisuCreationDate,I01Tdprn03,Raton-JRC-03,20240425_093838_I01Tdprn03_1_1,21,DICOM regenerated by Dicomifier 2.5.3 (+ gjesus3 workarounds) from the ParaVision 2dseq before ingest
20240425_093838_I01Tdprn03_1_1/22,"2024-04-25T11:10:06,847+0200",visu_pars.VisuCreationDate,I01Tdprn03,Raton-JRC-03,20240425_093838_I01Tdprn03_1_1,22,DICOM regenerated by Dicomifier 2.5.3 (+ gjesus3 workarounds) from the ParaVision 2dseq before ingest
20240425_093838_I01Tdprn03_1_1/23,"2024-04-25T11:16:59,081+0200",visu_pars.VisuCreationDate,I01Tdprn03,Raton-JRC-03,20240425_093838_I01Tdprn03_1_1,23,DICOM regenerated by Dicomifier 2.5.3 (+ gjesus3 workarounds) from the ParaVision 2dseq before ingest
20240425_093838_I01Tdprn03_1_1/24,"2024-04-25T11:26:47,888+0200",visu_pars.VisuCreationDate,I01Tdprn03,Raton-JRC-03,20240425_093838_I01Tdprn03_1_1,24,DICOM regenerated by Dicomifier 2.5.3 (+ gjesus3 workarounds) from the ParaVision 2dseq before ingest
20240425_093838_I01Tdprn03_1_1/25,"2024-04-25T11:32:48,538+0200",visu_pars.VisuCreationDate,I01Tdprn03,Raton-JRC-03,20240425_093838_I01Tdprn03_1_1,25,DICOM regenerated by Dicomifier 2.5.3 (+ gjesus3 workarounds) from the ParaVision 2dseq before ingest
20240425_093838_I01Tdprn03_1_1/26,"2024-04-25T11:34:04,263+0200",visu_pars.VisuCreationDate,I01Tdprn03,Raton-JRC-03,20240425_093838_I01Tdprn03_1_1,26,DICOM regenerated by Dicomifier 2.5.3 (+ gjesus3 workarounds) from the ParaVision 2dseq before ingest
20240425_093838_I01Tdprn03_1_1/27,"2024-04-25T11:35:20,567+0200",visu_pars.VisuCreationDate,I01Tdprn03,Raton-JRC-03,20240425_093838_I01Tdprn03_1_1,27,DICOM regenerated by Dicomifier 2.5.3 (+ gjesus3 workarounds) from the ParaVision 2dseq before ingest
20240425_093838_I01Tdprn03_1_1/28,"2024-04-25T11:36:43,423+0200",visu_pars.VisuCreationDate,I01Tdprn03,Raton-JRC-03,20240425_093838_I01Tdprn03_1_1,28,DICOM regenerated by Dicomifier 2.5.3 (+ gjesus3 workarounds) from the ParaVision 2dseq before ingest
20240425_093838_I01Tdprn03_1_1/29,"2024-04-25T11:38:14,782+0200",visu_pars.VisuCreationDate,I01Tdprn03,Raton-JRC-03,20240425_093838_I01Tdprn03_1_1,29,DICOM regenerated by Dicomifier 2.5.3 (+ gjesus3 workarounds) from the ParaVision 2dseq before ingest
20240425_093838_I01Tdprn03_1_1/3,"2024-04-25T10:11:20,709+0200",visu_pars.VisuCreationDate,I01Tdprn03,Raton-JRC-03,20240425_093838_I01Tdprn03_1_1,3,DICOM regenerated by Dicomifier 2.5.3 (+ gjesus3 workarounds) from the ParaVision 2dseq before ingest
20240425_093838_I01Tdprn03_1_1/30,"2024-04-25T11:39:56,096+0200",visu_pars.VisuCreationDate,I01Tdprn03,Raton-JRC-03,20240425_093838_I01Tdprn03_1_1,30,DICOM regenerated by Dicomifier 2.5.3 (+ gjesus3 workarounds) from the ParaVision 2dseq before ingest
20240425_093838_I01Tdprn03_1_1/31,"2024-04-25T11:41:48,977+0200",visu_pars.VisuCreationDate,I01Tdprn03,Raton-JRC-03,20240425_093838_I01Tdprn03_1_1,31,DICOM regenerated by Dicomifier 2.5.3 (+ gjesus3 workarounds) from the ParaVision 2dseq before ingest
20240425_093838_I01Tdprn03_1_1/32,"2024-04-25T11:43:54,142+0200",visu_pars.VisuCreationDate,I01Tdprn03,Raton-JRC-03,20240425_093838_I01Tdprn03_1_1,32,DICOM regenerated by Dicomifier 2.5.3 (+ gjesus3 workarounds) from the ParaVision 2dseq before ingest
20240425_093838_I01Tdprn03_1_1/33,"2024-04-25T11:46:29,490+0200",visu_pars.VisuCreationDate,I01Tdprn03,Raton-JRC-03,20240425_093838_I01Tdprn03_1_1,33,DICOM regenerated by Dicomifier 2.5.3 (+ gjesus3 workarounds) from the ParaVision 2dseq before ingest
20240425_093838_I01Tdprn03_1_1/34,"2024-04-25T11:50:36,509+0200",visu_pars.VisuCreationDate,I01Tdprn03,Raton-JRC-03,20240425_093838_I01Tdprn03_1_1,34,DICOM regenerated by Dicomifier 2.5.3 (+ gjesus3 workarounds) from the ParaVision 2dseq before ingest
20240425_093838_I01Tdprn03_1_1/35,"2024-04-25T11:52:23,207+0200",visu_pars.VisuCreationDate,I01Tdprn03,Raton-JRC-03,20240425_093838_I01Tdprn03_1_1,35,DICOM regenerated by Dicomifier 2.5.3 (+ gjesus3 workarounds) from the ParaVision 2dseq before ingest
20240425_093838_I01Tdprn03_1_1/36,"2024-04-25T11:54:09,532+0200",visu_pars.VisuCreationDate,I01Tdprn03,Raton-JRC-03,20240425_093838_I01Tdprn03_1_1,36,DICOM regenerated by Dicomifier 2.5.3 (+ gjesus3 workarounds) from the ParaVision 2dseq before ingest
20240425_093838_I01Tdprn03_1_1/37,"2024-04-25T11:55:56,088+0200",visu_pars.VisuCreationDate,I01Tdprn03,Raton-JRC-03,20240425_093838_I01Tdprn03_1_1,37,DICOM regenerated by Dicomifier 2.5.3 (+ gjesus3 workarounds) from the ParaVision 2dseq before ingest
20240425_093838_I01Tdprn03_1_1/38,"2024-04-25T11:57:59,917+0200",visu_pars.VisuCreationDate,I01Tdprn03,Raton-JRC-03,20240425_093838_I01Tdprn03_1_1,38,DICOM regenerated by Dicomifier 2.5.3 (+ gjesus3 workarounds) from the ParaVision 2dseq before ingest
20240425_093838_I01Tdprn03_1_1/39,"2024-04-25T11:59:46,518+0200",visu_pars.VisuCreationDate,I01Tdprn03,Raton-JRC-03,20240425_093838_I01Tdprn03_1_1,39,DICOM regenerated by Dicomifier 2.5.3 (+ gjesus3 workarounds) from the ParaVision 2dseq before ingest
20240425_093838_I01Tdprn03_1_1/4,"2024-04-25T10:18:46,737+0200",visu_pars.VisuCreationDate,I01Tdprn03,Raton-JRC-03,20240425_093838_I01Tdprn03_1_1,4,DICOM regenerated by Dicomifier 2.5.3 (+ gjesus3 workarounds) from the ParaVision 2dseq before ingest
20240425_093838_I01Tdprn03_1_1/40,"2024-04-25T12:01:33,012+0200",visu_pars.VisuCreationDate,I01Tdprn03,Raton-JRC-03,20240425_093838_I01Tdprn03_1_1,40,DICOM regenerated by Dicomifier 2.5.3 (+ gjesus3 workarounds) from the ParaVision 2dseq before ingest
20240425_093838_I01Tdprn03_1_1/41,"2024-04-25T12:07:10,255+0200",visu_pars.VisuCreationDate,I01Tdprn03,Raton-JRC-03,20240425_093838_I01Tdprn03_1_1,41,DICOM regenerated by Dicomifier 2.5.3 (+ gjesus3 workarounds) from the ParaVision 2dseq before ingest
20240425_093838_I01Tdprn03_1_1/42,"2024-04-25T12:14:00,576+0200",visu_pars.VisuCreationDate,I01Tdprn03,Raton-JRC-03,20240425_093838_I01Tdprn03_1_1,42,DICOM regenerated by Dicomifier 2.5.3 (+ gjesus3 workarounds) from the ParaVision 2dseq before ingest
20240425_093838_I01Tdprn03_1_1/43,"2024-04-25T12:23:46,079+0200",visu_pars.VisuCreationDate,I01Tdprn03,Raton-JRC-03,20240425_093838_I01Tdprn03_1_1,43,DICOM regenerated by Dicomifier 2.5.3 (+ gjesus3 workarounds) from the ParaVision 2dseq before ingest
20240425_093838_I01Tdprn03_1_1/44,"2024-04-25T12:29:46,067+0200",visu_pars.VisuCreationDate,I01Tdprn03,Raton-JRC-03,20240425_093838_I01Tdprn03_1_1,44,DICOM regenerated by Dicomifier 2.5.3 (+ gjesus3 workarounds) from the ParaVision 2dseq before ingest
20240425_093838_I01Tdprn03_1_1/45,"2024-04-25T12:30:58,522+0200",visu_pars.VisuCreationDate,I01Tdprn03,Raton-JRC-03,20240425_093838_I01Tdprn03_1_1,45,DICOM regenerated by Dicomifier 2.5.3 (+ gjesus3 workarounds) from the ParaVision 2dseq before ingest
20240425_093838_I01Tdprn03_1_1/46,"2024-04-25T12:32:15,587+0200",visu_pars.VisuCreationDate,I01Tdprn03,Raton-JRC-03,20240425_093838_I01Tdprn03_1_1,46,DICOM regenerated by Dicomifier 2.5.3 (+ gjesus3 workarounds) from the ParaVision 2dseq before ingest
20240425_093838_I01Tdprn03_1_1/47,"2024-04-25T12:33:38,230+0200",visu_pars.VisuCreationDate,I01Tdprn03,Raton-JRC-03,20240425_093838_I01Tdprn03_1_1,47,DICOM regenerated by Dicomifier 2.5.3 (+ gjesus3 workarounds) from the ParaVision 2dseq before ingest
20240425_093838_I01Tdprn03_1_1/48,"2024-04-25T12:35:10,583+0200",visu_pars.VisuCreationDate,I01Tdprn03,Raton-JRC-03,20240425_093838_I01Tdprn03_1_1,48,DICOM regenerated by Dicomifier 2.5.3 (+ gjesus3 workarounds) from the ParaVision 2dseq before ingest
20240425_093838_I01Tdprn03_1_1/49,"2024-04-25T12:36:51,667+0200",visu_pars.VisuCreationDate,I01Tdprn03,Raton-JRC-03,20240425_093838_I01Tdprn03_1_1,49,DICOM regenerated by Dicomifier 2.5.3 (+ gjesus3 workarounds) from the ParaVision 2dseq before ingest
20240425_093838_I01Tdprn03_1_1/5,"2024-04-25T10:28:35,311+0200",visu_pars.VisuCreationDate,I01Tdprn03,Raton-JRC-03,20240425_093838_I01Tdprn03_1_1,5,DICOM regenerated by Dicomifier 2.5.3 (+ gjesus3 workarounds) from the ParaVision 2dseq before ingest
20240425_093838_I01Tdprn03_1_1/50,"2024-04-25T12:38:44,381+0200",visu_pars.VisuCreationDate,I01Tdprn03,Raton-JRC-03,20240425_093838_I01Tdprn03_1_1,50,DICOM regenerated by Dicomifier 2.5.3 (+ gjesus3 workarounds) from the ParaVision 2dseq before ingest
20240425_093838_I01Tdprn03_1_1/51,"2024-04-25T12:40:50,800+0200",visu_pars.VisuCreationDate,I01Tdprn03,Raton-JRC-03,20240425_093838_I01Tdprn03_1_1,51,DICOM regenerated by Dicomifier 2.5.3 (+ gjesus3 workarounds) from the ParaVision 2dseq before ingest
20240425_093838_I01Tdprn03_1_1/52,"2024-04-25T12:43:26,579+0200",visu_pars.VisuCreationDate,I01Tdprn03,Raton-JRC-03,20240425_093838_I01Tdprn03_1_1,52,DICOM regenerated by Dicomifier 2.5.3 (+ gjesus3 workarounds) from the ParaVision 2dseq before ingest
20240425_093838_I01Tdprn03_1_1/53,"2024-04-25T12:47:33,416+0200",visu_pars.VisuCreationDate,I01Tdprn03,Raton-JRC-03,20240425_093838_I01Tdprn03_1_1,53,DICOM regenerated by Dicomifier 2.5.3 (+ gjesus3 workarounds) from the ParaVision 2dseq before ingest
20240425_093838_I01Tdprn03_1_1/54,"2024-04-25T12:49:23,555+0200",visu_pars.VisuCreationDate,I01Tdprn03,Raton-JRC-03,20240425_093838_I01Tdprn03_1_1,54,DICOM regenerated by Dicomifier 2.5.3 (+ gjesus3 workarounds) from the ParaVision 2dseq before ingest
20240425_093838_I01Tdprn03_1_1/55,"2024-04-25T12:51:09,999+0200",visu_pars.VisuCreationDate,I01Tdprn03,Raton-JRC-03,20240425_093838_I01Tdprn03_1_1,55,DICOM regenerated by Dicomifier 2.5.3 (+ gjesus3 workarounds) from the ParaVision 2dseq before ingest
20240425_093838_I01Tdprn03_1_1/56,"2024-04-25T12:52:57,487+0200",visu_pars.VisuCreationDate,I01Tdprn03,Raton-JRC-03,20240425_093838_I01Tdprn03_1_1,56,DICOM regenerated by Dicomifier 2.5.3 (+ gjesus3 workarounds) from the ParaVision 2dseq before ingest
20240425_093838_I01Tdprn03_1_1/57,"2024-04-25T12:54:43,928+0200",visu_pars.VisuCreationDate,I01Tdprn03,Raton-JRC-03,20240425_093838_I01Tdprn03_1_1,57,DICOM regenerated by Dicomifier 2.5.3 (+ gjesus3 workarounds) from the ParaVision 2dseq before ingest
20240425_093838_I01Tdprn03_1_1/58,"2024-04-25T12:56:31,237+0200",visu_pars.VisuCreationDate,I01Tdprn03,Raton-JRC-03,20240425_093838_I01Tdprn03_1_1,58,DICOM regenerated by Dicomifier 2.5.3 (+ gjesus3 workarounds) from the ParaVision 2dseq before ingest
20240425_093838_I01Tdprn03_1_1/59,"2024-04-25T12:58:17,570+0200",visu_pars.VisuCreationDate,I01Tdprn03,Raton-JRC-03,20240425_093838_I01Tdprn03_1_1,59,DICOM regenerated by Dicomifier 2.5.3 (+ gjesus3 workarounds) from the ParaVision 2dseq before ingest
20240425_093838_I01Tdprn03_1_1/6,"2024-04-25T10:34:35,437+0200",visu_pars.VisuCreationDate,I01Tdprn03,Raton-JRC-03,20240425_093838_I01Tdprn03_1_1,6,DICOM regenerated by Dicomifier 2.5.3 (+ gjesus3 workarounds) from the ParaVision 2dseq before ingest
20240425_093838_I01Tdprn03_1_1/60,"2024-04-25T13:02:06,160+0200",visu_pars.VisuCreationDate,I01Tdprn03,Raton-JRC-03,20240425_093838_I01Tdprn03_1_1,60,DICOM regenerated by Dicomifier 2.5.3 (+ gjesus3 workarounds) from the ParaVision 2dseq before ingest
20240425_093838_I01Tdprn03_1_1/7,"2024-04-25T10:35:36,780+0200",visu_pars.VisuCreationDate,I01Tdprn03,Raton-JRC-03,20240425_093838_I01Tdprn03_1_1,7,DICOM regenerated by Dicomifier 2.5.3 (+ gjesus3 workarounds) from the ParaVision 2dseq before ingest
20240425_093838_I01Tdprn03_1_1/8,"2024-04-25T10:36:57,078+0200",visu_pars.VisuCreationDate,I01Tdprn03,Raton-JRC-03,20240425_093838_I01Tdprn03_1_1,8,DICOM regenerated by Dicomifier 2.5.3 (+ gjesus3 workarounds) from the ParaVision 2dseq before ingest
20240425_093838_I01Tdprn03_1_1/9,"2024-04-25T10:38:23,579+0200",visu_pars.VisuCreationDate,I01Tdprn03,Raton-JRC-03,20240425_093838_I01Tdprn03_1_1,9,DICOM regenerated by Dicomifier 2.5.3 (+ gjesus3 workarounds) from the ParaVision 2dseq before ingest
20240425_130433_I01Tdprn04_1_1/1,"2024-04-25T13:23:28,097+0200",visu_pars.VisuCreationDate,I01Tdprn04,Raton-JRC-04,20240425_130433_I01Tdprn04_1_1,1,DICOM regenerated by Dicomifier 2.5.3 (+ gjesus3 workarounds) from the ParaVision 2dseq before ingest
20240425_130433_I01Tdprn04_1_1/10,"2024-04-25T13:58:30,825+0200",visu_pars.VisuCreationDate,I01Tdprn04,Raton-JRC-04,20240425_130433_I01Tdprn04_1_1,10,DICOM regenerated by Dicomifier 2.5.3 (+ gjesus3 workarounds) from the ParaVision 2dseq before ingest
20240425_130433_I01Tdprn04_1_1/11,"2024-04-25T14:00:15,210+0200",visu_pars.VisuCreationDate,I01Tdprn04,Raton-JRC-04,20240425_130433_I01Tdprn04_1_1,11,DICOM regenerated by Dicomifier 2.5.3 (+ gjesus3 workarounds) from the ParaVision 2dseq before ingest
20240425_130433_I01Tdprn04_1_1/12,"2024-04-25T14:02:08,560+0200",visu_pars.VisuCreationDate,I01Tdprn04,Raton-JRC-04,20240425_130433_I01Tdprn04_1_1,12,DICOM regenerated by Dicomifier 2.5.3 (+ gjesus3 workarounds) from the ParaVision 2dseq before ingest
20240425_130433_I01Tdprn04_1_1/13,"2024-04-25T14:04:14,724+0200",visu_pars.VisuCreationDate,I01Tdprn04,Raton-JRC-04,20240425_130433_I01Tdprn04_1_1,13,DICOM regenerated by Dicomifier 2.5.3 (+ gjesus3 workarounds) from the ParaVision 2dseq before ingest
20240425_130433_I01Tdprn04_1_1/14,"2024-04-25T14:06:50,892+0200",visu_pars.VisuCreationDate,I01Tdprn04,Raton-JRC-04,20240425_130433_I01Tdprn04_1_1,14,DICOM regenerated by Dicomifier 2.5.3 (+ gjesus3 workarounds) from the ParaVision 2dseq before ingest
20240425_130433_I01Tdprn04_1_1/15,"2024-04-25T14:10:58,228+0200",visu_pars.VisuCreationDate,I01Tdprn04,Raton-JRC-04,20240425_130433_I01Tdprn04_1_1,15,DICOM regenerated by Dicomifier 2.5.3 (+ gjesus3 workarounds) from the ParaVision 2dseq before ingest
20240425_130433_I01Tdprn04_1_1/16,"2024-04-25T14:12:48,244+0200",visu_pars.VisuCreationDate,I01Tdprn04,Raton-JRC-04,20240425_130433_I01Tdprn04_1_1,16,DICOM regenerated by Dicomifier 2.5.3 (+ gjesus3 workarounds) from the ParaVision 2dseq before ingest
20240425_130433_I01Tdprn04_1_1/17,"2024-04-25T14:14:35,259+0200",visu_pars.VisuCreationDate,I01Tdprn04,Raton-JRC-04,20240425_130433_I01Tdprn04_1_1,17,DICOM regenerated by Dicomifier 2.5.3 (+ gjesus3 workarounds) from the ParaVision 2dseq before ingest
20240425_130433_I01Tdprn04_1_1/18,"2024-04-25T14:16:25,317+0200",visu_pars.VisuCreationDate,I01Tdprn04,Raton-JRC-04,20240425_130433_I01Tdprn04_1_1,18,DICOM regenerated by Dicomifier 2.5.3 (+ gjesus3 workarounds) from the ParaVision 2dseq before ingest
20240425_130433_I01Tdprn04_1_1/19,"2024-04-25T14:18:14,615+0200",visu_pars.VisuCreationDate,I01Tdprn04,Raton-JRC-04,20240425_130433_I01Tdprn04_1_1,19,DICOM regenerated by Dicomifier 2.5.3 (+ gjesus3 workarounds) from the ParaVision 2dseq before ingest
20240425_130433_I01Tdprn04_1_1/2,"2024-04-25T13:30:32,734+0200",visu_pars.VisuCreationDate,I01Tdprn04,Raton-JRC-04,20240425_130433_I01Tdprn04_1_1,2,DICOM regenerated by Dicomifier 2.5.3 (+ gjesus3 workarounds) from the ParaVision 2dseq before ingest
20240425_130433_I01Tdprn04_1_1/20,"2024-04-25T14:25:00,843+0200",visu_pars.VisuCreationDate,I01Tdprn04,Raton-JRC-04,20240425_130433_I01Tdprn04_1_1,20,DICOM regenerated by Dicomifier 2.5.3 (+ gjesus3 workarounds) from the ParaVision 2dseq before ingest
20240425_130433_I01Tdprn04_1_1/21,"2024-04-25T14:26:50,082+0200",visu_pars.VisuCreationDate,I01Tdprn04,Raton-JRC-04,20240425_130433_I01Tdprn04_1_1,21,DICOM regenerated by Dicomifier 2.5.3 (+ gjesus3 workarounds) from the ParaVision 2dseq before ingest
20240425_130433_I01Tdprn04_1_1/22,"2024-04-25T14:33:24,064+0200",visu_pars.VisuCreationDate,I01Tdprn04,Raton-JRC-04,20240425_130433_I01Tdprn04_1_1,22,DICOM regenerated by Dicomifier 2.5.3 (+ gjesus3 workarounds) from the ParaVision 2dseq before ingest
20240425_130433_I01Tdprn04_1_1/23,"2024-04-25T14:40:15,605+0200",visu_pars.VisuCreationDate,I01Tdprn04,Raton-JRC-04,20240425_130433_I01Tdprn04_1_1,23,DICOM regenerated by Dicomifier 2.5.3 (+ gjesus3 workarounds) from the ParaVision 2dseq before ingest
20240425_130433_I01Tdprn04_1_1/24,"2024-04-25T14:50:04,879+0200",visu_pars.VisuCreationDate,I01Tdprn04,Raton-JRC-04,20240425_130433_I01Tdprn04_1_1,24,DICOM regenerated by Dicomifier 2.5.3 (+ gjesus3 workarounds) from the ParaVision 2dseq before ingest
20240425_130433_I01Tdprn04_1_1/25,"2024-04-25T14:56:04,511+0200",visu_pars.VisuCreationDate,I01Tdprn04,Raton-JRC-04,20240425_130433_I01Tdprn04_1_1,25,DICOM regenerated by Dicomifier 2.5.3 (+ gjesus3 workarounds) from the ParaVision 2dseq before ingest
20240425_130433_I01Tdprn04_1_1/26,"2024-04-25T14:57:20,165+0200",visu_pars.VisuCreationDate,I01Tdprn04,Raton-JRC-04,20240425_130433_I01Tdprn04_1_1,26,DICOM regenerated by Dicomifier 2.5.3 (+ gjesus3 workarounds) from the ParaVision 2dseq before ingest
20240425_130433_I01Tdprn04_1_1/27,"2024-04-25T14:58:39,318+0200",visu_pars.VisuCreationDate,I01Tdprn04,Raton-JRC-04,20240425_130433_I01Tdprn04_1_1,27,DICOM regenerated by Dicomifier 2.5.3 (+ gjesus3 workarounds) from the ParaVision 2dseq before ingest
20240425_130433_I01Tdprn04_1_1/28,"2024-04-25T15:00:05,026+0200",visu_pars.VisuCreationDate,I01Tdprn04,Raton-JRC-04,20240425_130433_I01Tdprn04_1_1,28,DICOM regenerated by Dicomifier 2.5.3 (+ gjesus3 workarounds) from the ParaVision 2dseq before ingest
20240425_130433_I01Tdprn04_1_1/29,"2024-04-25T15:01:39,264+0200",visu_pars.VisuCreationDate,I01Tdprn04,Raton-JRC-04,20240425_130433_I01Tdprn04_1_1,29,DICOM regenerated by Dicomifier 2.5.3 (+ gjesus3 workarounds) from the ParaVision 2dseq before ingest
20240425_130433_I01Tdprn04_1_1/3,"2024-04-25T13:37:21,550+0200",visu_pars.VisuCreationDate,I01Tdprn04,Raton-JRC-04,20240425_130433_I01Tdprn04_1_1,3,DICOM regenerated by Dicomifier 2.5.3 (+ gjesus3 workarounds) from the ParaVision 2dseq before ingest
20240425_130433_I01Tdprn04_1_1/30,"2024-04-25T15:03:25,094+0200",visu_pars.VisuCreationDate,I01Tdprn04,Raton-JRC-04,20240425_130433_I01Tdprn04_1_1,30,DICOM regenerated by Dicomifier 2.5.3 (+ gjesus3 workarounds) from the ParaVision 2dseq before ingest
20240425_130433_I01Tdprn04_1_1/31,"2024-04-25T15:05:21,543+0200",visu_pars.VisuCreationDate,I01Tdprn04,Raton-JRC-04,20240425_130433_I01Tdprn04_1_1,31,DICOM regenerated by Dicomifier 2.5.3 (+ gjesus3 workarounds) from the ParaVision 2dseq before ingest
20240425_130433_I01Tdprn04_1_1/32,"2024-04-25T15:07:30,137+0200",visu_pars.VisuCreationDate,I01Tdprn04,Raton-JRC-04,20240425_130433_I01Tdprn04_1_1,32,DICOM regenerated by Dicomifier 2.5.3 (+ gjesus3 workarounds) from the ParaVision 2dseq before ingest
20240425_130433_I01Tdprn04_1_1/33,"2024-04-25T15:10:08,425+0200",visu_pars.VisuCreationDate,I01Tdprn04,Raton-JRC-04,20240425_130433_I01Tdprn04_1_1,33,DICOM regenerated by Dicomifier 2.5.3 (+ gjesus3 workarounds) from the ParaVision 2dseq before ingest
20240425_130433_I01Tdprn04_1_1/34,"2024-04-25T15:14:18,732+0200",visu_pars.VisuCreationDate,I01Tdprn04,Raton-JRC-04,20240425_130433_I01Tdprn04_1_1,34,DICOM regenerated by Dicomifier 2.5.3 (+ gjesus3 workarounds) from the ParaVision 2dseq before ingest
20240425_130433_I01Tdprn04_1_1/35,"2024-04-25T15:16:09,961+0200",visu_pars.VisuCreationDate,I01Tdprn04,Raton-JRC-04,20240425_130433_I01Tdprn04_1_1,35,DICOM regenerated by Dicomifier 2.5.3 (+ gjesus3 workarounds) from the ParaVision 2dseq before ingest
20240425_130433_I01Tdprn04_1_1/36,"2024-04-25T15:17:59,186+0200",visu_pars.VisuCreationDate,I01Tdprn04,Raton-JRC-04,20240425_130433_I01Tdprn04_1_1,36,DICOM regenerated by Dicomifier 2.5.3 (+ gjesus3 workarounds) from the ParaVision 2dseq before ingest
20240425_130433_I01Tdprn04_1_1/37,"2024-04-25T15:19:48,371+0200",visu_pars.VisuCreationDate,I01Tdprn04,Raton-JRC-04,20240425_130433_I01Tdprn04_1_1,37,DICOM regenerated by Dicomifier 2.5.3 (+ gjesus3 workarounds) from the ParaVision 2dseq before ingest
20240425_130433_I01Tdprn04_1_1/38,"2024-04-25T15:21:37,655+0200",visu_pars.VisuCreationDate,I01Tdprn04,Raton-JRC-04,20240425_130433_I01Tdprn04_1_1,38,DICOM regenerated by Dicomifier 2.5.3 (+ gjesus3 workarounds) from the ParaVision 2dseq before ingest
20240425_130433_I01Tdprn04_1_1/39,"2024-04-25T15:23:27,265+0200",visu_pars.VisuCreationDate,I01Tdprn04,Raton-JRC-04,20240425_130433_I01Tdprn04_1_1,39,DICOM regenerated by Dicomifier 2.5.3 (+ gjesus3 workarounds) from the ParaVision 2dseq before ingest
20240425_130433_I01Tdprn04_1_1/4,"2024-04-25T13:47:06,855+0200",visu_pars.VisuCreationDate,I01Tdprn04,Raton-JRC-04,20240425_130433_I01Tdprn04_1_1,4,DICOM regenerated by Dicomifier 2.5.3 (+ gjesus3 workarounds) from the ParaVision 2dseq before ingest
20240425_130433_I01Tdprn04_1_1/40,"2024-04-25T15:25:14,546+0200",visu_pars.VisuCreationDate,I01Tdprn04,Raton-JRC-04,20240425_130433_I01Tdprn04_1_1,40,DICOM regenerated by Dicomifier 2.5.3 (+ gjesus3 workarounds) from the ParaVision 2dseq before ingest
20240425_130433_I01Tdprn04_1_1/41,"2024-04-25T15:30:56,499+0200",visu_pars.VisuCreationDate,I01Tdprn04,Raton-JRC-04,20240425_130433_I01Tdprn04_1_1,41,DICOM regenerated by Dicomifier 2.5.3 (+ gjesus3 workarounds) from the ParaVision 2dseq before ingest
20240425_130433_I01Tdprn04_1_1/42,"2024-04-25T15:37:45,414+0200",visu_pars.VisuCreationDate,I01Tdprn04,Raton-JRC-04,20240425_130433_I01Tdprn04_1_1,42,DICOM regenerated by Dicomifier 2.5.3 (+ gjesus3 workarounds) from the ParaVision 2dseq before ingest
20240425_130433_I01Tdprn04_1_1/43,"2024-04-25T15:47:31,104+0200",visu_pars.VisuCreationDate,I01Tdprn04,Raton-JRC-04,20240425_130433_I01Tdprn04_1_1,43,DICOM regenerated by Dicomifier 2.5.3 (+ gjesus3 workarounds) from the ParaVision 2dseq before ingest
20240425_130433_I01Tdprn04_1_1/44,"2024-04-25T15:53:27,636+0200",visu_pars.VisuCreationDate,I01Tdprn04,Raton-JRC-04,20240425_130433_I01Tdprn04_1_1,44,DICOM regenerated by Dicomifier 2.5.3 (+ gjesus3 workarounds) from the ParaVision 2dseq before ingest
20240425_130433_I01Tdprn04_1_1/45,"2024-04-25T15:54:40,470+0200",visu_pars.VisuCreationDate,I01Tdprn04,Raton-JRC-04,20240425_130433_I01Tdprn04_1_1,45,DICOM regenerated by Dicomifier 2.5.3 (+ gjesus3 workarounds) from the ParaVision 2dseq before ingest
20240425_130433_I01Tdprn04_1_1/46,"2024-04-25T15:55:56,501+0200",visu_pars.VisuCreationDate,I01Tdprn04,Raton-JRC-04,20240425_130433_I01Tdprn04_1_1,46,DICOM regenerated by Dicomifier 2.5.3 (+ gjesus3 workarounds) from the ParaVision 2dseq before ingest
20240425_130433_I01Tdprn04_1_1/47,"2024-04-25T15:57:19,328+0200",visu_pars.VisuCreationDate,I01Tdprn04,Raton-JRC-04,20240425_130433_I01Tdprn04_1_1,47,DICOM regenerated by Dicomifier 2.5.3 (+ gjesus3 workarounds) from the ParaVision 2dseq before ingest
20240425_130433_I01Tdprn04_1_1/48,"2024-04-25T15:58:50,464+0200",visu_pars.VisuCreationDate,I01Tdprn04,Raton-JRC-04,20240425_130433_I01Tdprn04_1_1,48,DICOM regenerated by Dicomifier 2.5.3 (+ gjesus3 workarounds) from the ParaVision 2dseq before ingest
20240425_130433_I01Tdprn04_1_1/49,"2024-04-25T16:00:31,807+0200",visu_pars.VisuCreationDate,I01Tdprn04,Raton-JRC-04,20240425_130433_I01Tdprn04_1_1,49,DICOM regenerated by Dicomifier 2.5.3 (+ gjesus3 workarounds) from the ParaVision 2dseq before ingest
20240425_130433_I01Tdprn04_1_1/5,"2024-04-25T13:53:06,325+0200",visu_pars.VisuCreationDate,I01Tdprn04,Raton-JRC-04,20240425_130433_I01Tdprn04_1_1,5,DICOM regenerated by Dicomifier 2.5.3 (+ gjesus3 workarounds) from the ParaVision 2dseq before ingest
20240425_130433_I01Tdprn04_1_1/50,"2024-04-25T16:02:26,125+0200",visu_pars.VisuCreationDate,I01Tdprn04,Raton-JRC-04,20240425_130433_I01Tdprn04_1_1,50,DICOM regenerated by Dicomifier 2.5.3 (+ gjesus3 workarounds) from the ParaVision 2dseq before ingest
20240425_130433_I01Tdprn04_1_1/51,"2024-04-25T16:04:31,788+0200",visu_pars.VisuCreationDate,I01Tdprn04,Raton-JRC-04,20240425_130433_I01Tdprn04_1_1,51,DICOM regenerated by Dicomifier 2.5.3 (+ gjesus3 workarounds) from the ParaVision 2dseq before ingest
20240425_130433_I01Tdprn04_1_1/52,"2024-04-25T16:07:07,224+0200",visu_pars.VisuCreationDate,I01Tdprn04,Raton-JRC-04,20240425_130433_I01Tdprn04_1_1,52,DICOM regenerated by Dicomifier 2.5.3 (+ gjesus3 workarounds) from the ParaVision 2dseq before ingest
20240425_130433_I01Tdprn04_1_1/53,"2024-04-25T16:11:14,956+0200",visu_pars.VisuCreationDate,I01Tdprn04,Raton-JRC-04,20240425_130433_I01Tdprn04_1_1,53,DICOM regenerated by Dicomifier 2.5.3 (+ gjesus3 workarounds) from the ParaVision 2dseq before ingest
20240425_130433_I01Tdprn04_1_1/54,"2024-04-25T16:13:01,720+0200",visu_pars.VisuCreationDate,I01Tdprn04,Raton-JRC-04,20240425_130433_I01Tdprn04_1_1,54,DICOM regenerated by Dicomifier 2.5.3 (+ gjesus3 workarounds) from the ParaVision 2dseq before ingest
20240425_130433_I01Tdprn04_1_1/55,"2024-04-25T16:14:48,046+0200",visu_pars.VisuCreationDate,I01Tdprn04,Raton-JRC-04,20240425_130433_I01Tdprn04_1_1,55,DICOM regenerated by Dicomifier 2.5.3 (+ gjesus3 workarounds) from the ParaVision 2dseq before ingest
20240425_130433_I01Tdprn04_1_1/56,"2024-04-25T16:16:34,277+0200",visu_pars.VisuCreationDate,I01Tdprn04,Raton-JRC-04,20240425_130433_I01Tdprn04_1_1,56,DICOM regenerated by Dicomifier 2.5.3 (+ gjesus3 workarounds) from the ParaVision 2dseq before ingest
20240425_130433_I01Tdprn04_1_1/57,"2024-04-25T16:18:19,894+0200",visu_pars.VisuCreationDate,I01Tdprn04,Raton-JRC-04,20240425_130433_I01Tdprn04_1_1,57,DICOM regenerated by Dicomifier 2.5.3 (+ gjesus3 workarounds) from the ParaVision 2dseq before ingest
20240425_130433_I01Tdprn04_1_1/58,"2024-04-25T16:20:06,106+0200",visu_pars.VisuCreationDate,I01Tdprn04,Raton-JRC-04,20240425_130433_I01Tdprn04_1_1,58,DICOM regenerated by Dicomifier 2.5.3 (+ gjesus3 workarounds) from the ParaVision 2dseq before ingest
20240425_130433_I01Tdprn04_1_1/59,"2024-04-25T16:21:51,874+0200",visu_pars.VisuCreationDate,I01Tdprn04,Raton-JRC-04,20240425_130433_I01Tdprn04_1_1,59,DICOM regenerated by Dicomifier 2.5.3 (+ gjesus3 workarounds) from the ParaVision 2dseq before ingest
20240425_130433_I01Tdprn04_1_1/7,"2024-04-25T13:54:18,991+0200",visu_pars.VisuCreationDate,I01Tdprn04,Raton-JRC-04,20240425_130433_I01Tdprn04_1_1,7,DICOM regenerated by Dicomifier 2.5.3 (+ gjesus3 workarounds) from the ParaVision 2dseq before ingest
20240425_130433_I01Tdprn04_1_1/8,"2024-04-25T13:55:35,118+0200",visu_pars.VisuCreationDate,I01Tdprn04,Raton-JRC-04,20240425_130433_I01Tdprn04_1_1,8,DICOM regenerated by Dicomifier 2.5.3 (+ gjesus3 workarounds) from the ParaVision 2dseq before ingest
20240425_130433_I01Tdprn04_1_1/9,"2024-04-25T13:56:58,206+0200",visu_pars.VisuCreationDate,I01Tdprn04,Raton-JRC-04,20240425_130433_I01Tdprn04_1_1,9,DICOM regenerated by Dicomifier 2.5.3 (+ gjesus3 workarounds) from the ParaVision 2dseq before ingest
20240425_162330_I01Tdprn03_1_2/1,"2024-04-25T16:32:39,332+0200",visu_pars.VisuCreationDate,I01Tdprn03,Raton-JRC-03,20240425_162330_I01Tdprn03_1_2,1,DICOM regenerated by Dicomifier 2.5.3 (+ gjesus3 workarounds) from the ParaVision 2dseq before ingest
20240425_162330_I01Tdprn03_1_2/14,"2024-04-25T17:32:28,290+0200",visu_pars.VisuCreationDate,I01Tdprn03,Raton-JRC-03,20240425_162330_I01Tdprn03_1_2,14,DICOM regenerated by Dicomifier 2.5.3 (+ gjesus3 workarounds) from the ParaVision 2dseq before ingest
20240425_162330_I01Tdprn03_1_2/15,"2024-04-25T17:36:21,907+0200",visu_pars.VisuCreationDate,I01Tdprn03,Raton-JRC-03,20240425_162330_I01Tdprn03_1_2,15,DICOM regenerated by Dicomifier 2.5.3 (+ gjesus3 workarounds) from the ParaVision 2dseq before ingest
20240425_162330_I01Tdprn03_1_2/16,"2024-04-25T17:38:08,636+0200",visu_pars.VisuCreationDate,I01Tdprn03,Raton-JRC-03,20240425_162330_I01Tdprn03_1_2,16,DICOM regenerated by Dicomifier 2.5.3 (+ gjesus3 workarounds) from the ParaVision 2dseq before ingest
20240425_162330_I01Tdprn03_1_2/17,"2024-04-25T17:39:54,555+0200",visu_pars.VisuCreationDate,I01Tdprn03,Raton-JRC-03,20240425_162330_I01Tdprn03_1_2,17,DICOM regenerated by Dicomifier 2.5.3 (+ gjesus3 workarounds) from the ParaVision 2dseq before ingest
20240425_162330_I01Tdprn03_1_2/18,"2024-04-25T17:41:41,218+0200",visu_pars.VisuCreationDate,I01Tdprn03,Raton-JRC-03,20240425_162330_I01Tdprn03_1_2,18,DICOM regenerated by Dicomifier 2.5.3 (+ gjesus3 workarounds) from the ParaVision 2dseq before ingest
20240425_162330_I01Tdprn03_1_2/19,"2024-04-25T17:43:26,968+0200",visu_pars.VisuCreationDate,I01Tdprn03,Raton-JRC-03,20240425_162330_I01Tdprn03_1_2,19,DICOM regenerated by Dicomifier 2.5.3 (+ gjesus3 workarounds) from the ParaVision 2dseq before ingest
20240425_162330_I01Tdprn03_1_2/2,"2024-04-25T16:34:15,569+0200",visu_pars.VisuCreationDate,I01Tdprn03,Raton-JRC-03,20240425_162330_I01Tdprn03_1_2,2,DICOM regenerated by Dicomifier 2.5.3 (+ gjesus3 workarounds) from the ParaVision 2dseq before ingest
20240425_162330_I01Tdprn03_1_2/20,"2024-04-25T17:45:12,967+0200",visu_pars.VisuCreationDate,I01Tdprn03,Raton-JRC-03,20240425_162330_I01Tdprn03_1_2,20,DICOM regenerated by Dicomifier 2.5.3 (+ gjesus3 workarounds) from the ParaVision 2dseq before ingest
20240425_162330_I01Tdprn03_1_2/21,"2024-04-25T17:46:58,739+0200",visu_pars.VisuCreationDate,I01Tdprn03,Raton-JRC-03,20240425_162330_I01Tdprn03_1_2,21,DICOM regenerated by Dicomifier 2.5.3 (+ gjesus3 workarounds) from the ParaVision 2dseq before ingest
20240425_162330_I01Tdprn03_1_2/22,"2024-04-25T17:15:39,393+0200",visu_pars.VisuCreationDate,I01Tdprn03,Raton-JRC-03,20240425_162330_I01Tdprn03_1_2,22,DICOM regenerated by Dicomifier 2.5.3 (+ gjesus3 workarounds) from the ParaVision 2dseq before ingest
20240425_162330_I01Tdprn03_1_2/23,"2024-04-25T17:21:38,486+0200",visu_pars.VisuCreationDate,I01Tdprn03,Raton-JRC-03,20240425_162330_I01Tdprn03_1_2,23,DICOM regenerated by Dicomifier 2.5.3 (+ gjesus3 workarounds) from the ParaVision 2dseq before ingest
20240425_162330_I01Tdprn03_1_2/24,"2024-04-25T17:22:39,994+0200",visu_pars.VisuCreationDate,I01Tdprn03,Raton-JRC-03,20240425_162330_I01Tdprn03_1_2,24,DICOM regenerated by Dicomifier 2.5.3 (+ gjesus3 workarounds) from the ParaVision 2dseq before ingest
20240425_162330_I01Tdprn03_1_2/25,"2024-04-25T17:23:48,772+0200",visu_pars.VisuCreationDate,I01Tdprn03,Raton-JRC-03,20240425_162330_I01Tdprn03_1_2,25,DICOM regenerated by Dicomifier 2.5.3 (+ gjesus3 workarounds) from the ParaVision 2dseq before ingest
20240425_162330_I01Tdprn03_1_2/26,"2024-04-25T17:25:06,465+0200",visu_pars.VisuCreationDate,I01Tdprn03,Raton-JRC-03,20240425_162330_I01Tdprn03_1_2,26,DICOM regenerated by Dicomifier 2.5.3 (+ gjesus3 workarounds) from the ParaVision 2dseq before ingest
20240425_162330_I01Tdprn03_1_2/27,"2024-04-25T17:26:33,826+0200",visu_pars.VisuCreationDate,I01Tdprn03,Raton-JRC-03,20240425_162330_I01Tdprn03_1_2,27,DICOM regenerated by Dicomifier 2.5.3 (+ gjesus3 workarounds) from the ParaVision 2dseq before ingest
20240425_162330_I01Tdprn03_1_2/28,"2024-04-25T17:28:14,033+0200",visu_pars.VisuCreationDate,I01Tdprn03,Raton-JRC-03,20240425_162330_I01Tdprn03_1_2,28,DICOM regenerated by Dicomifier 2.5.3 (+ gjesus3 workarounds) from the ParaVision 2dseq before ingest
20240425_162330_I01Tdprn03_1_2/29,"2024-04-25T17:30:05,857+0200",visu_pars.VisuCreationDate,I01Tdprn03,Raton-JRC-03,20240425_162330_I01Tdprn03_1_2,29,DICOM regenerated by Dicomifier 2.5.3 (+ gjesus3 workarounds) from the ParaVision 2dseq before ingest
20240425_162330_I01Tdprn03_1_2/3,"2024-04-25T16:41:18,727+0200",visu_pars.VisuCreationDate,I01Tdprn03,Raton-JRC-03,20240425_162330_I01Tdprn03_1_2,3,DICOM regenerated by Dicomifier 2.5.3 (+ gjesus3 workarounds) from the ParaVision 2dseq before ingest
20240425_162330_I01Tdprn03_1_2/4,"2024-04-25T16:48:07,421+0200",visu_pars.VisuCreationDate,I01Tdprn03,Raton-JRC-03,20240425_162330_I01Tdprn03_1_2,4,DICOM regenerated by Dicomifier 2.5.3 (+ gjesus3 workarounds) from the ParaVision 2dseq before ingest
20240425_162330_I01Tdprn03_1_2/5,"2024-04-25T16:57:53,789+0200",visu_pars.VisuCreationDate,I01Tdprn03,Raton-JRC-03,20240425_162330_I01Tdprn03_1_2,5,DICOM regenerated by Dicomifier 2.5.3 (+ gjesus3 workarounds) from the ParaVision 2dseq before ingest
20240425_162330_I01Tdprn03_1_2/6,"2024-04-25T17:03:50,468+0200",visu_pars.VisuCreationDate,I01Tdprn03,Raton-JRC-03,20240425_162330_I01Tdprn03_1_2,6,DICOM regenerated by Dicomifier 2.5.3 (+ gjesus3 workarounds) from the ParaVision 2dseq before ingest
20240425_175119_I01Tdprn04_1_2/1,"2024-04-25T18:04:14,740+0200",visu_pars.VisuCreationDate,I01Tdprn04,Raton-JRC-04,20240425_175119_I01Tdprn04_1_2,1,DICOM regenerated by Dicomifier 2.5.3 (+ gjesus3 workarounds) from the ParaVision 2dseq before ingest
20240425_175119_I01Tdprn04_1_2/10,"2024-04-25T18:39:25,400+0200",visu_pars.VisuCreationDate,I01Tdprn04,Raton-JRC-04,20240425_175119_I01Tdprn04_1_2,10,DICOM regenerated by Dicomifier 2.5.3 (+ gjesus3 workarounds) from the ParaVision 2dseq before ingest
20240425_175119_I01Tdprn04_1_2/11,"2024-04-25T18:41:05,500+0200",visu_pars.VisuCreationDate,I01Tdprn04,Raton-JRC-04,20240425_175119_I01Tdprn04_1_2,11,DICOM regenerated by Dicomifier 2.5.3 (+ gjesus3 workarounds) from the ParaVision 2dseq before ingest
20240425_175119_I01Tdprn04_1_2/12,"2024-04-25T18:42:57,723+0200",visu_pars.VisuCreationDate,I01Tdprn04,Raton-JRC-04,20240425_175119_I01Tdprn04_1_2,12,DICOM regenerated by Dicomifier 2.5.3 (+ gjesus3 workarounds) from the ParaVision 2dseq before ingest
20240425_175119_I01Tdprn04_1_2/13,"2024-04-25T18:45:19,898+0200",visu_pars.VisuCreationDate,I01Tdprn04,Raton-JRC-04,20240425_175119_I01Tdprn04_1_2,13,DICOM regenerated by Dicomifier 2.5.3 (+ gjesus3 workarounds) from the ParaVision 2dseq before ingest
20240425_175119_I01Tdprn04_1_2/14,"2024-04-25T18:49:13,496+0200",visu_pars.VisuCreationDate,I01Tdprn04,Raton-JRC-04,20240425_175119_I01Tdprn04_1_2,14,DICOM regenerated by Dicomifier 2.5.3 (+ gjesus3 workarounds) from the ParaVision 2dseq before ingest
20240425_175119_I01Tdprn04_1_2/15,"2024-04-25T18:52:46,275+0200",visu_pars.VisuCreationDate,I01Tdprn04,Raton-JRC-04,20240425_175119_I01Tdprn04_1_2,15,DICOM regenerated by Dicomifier 2.5.3 (+ gjesus3 workarounds) from the ParaVision 2dseq before ingest
20240425_175119_I01Tdprn04_1_2/16,"2024-04-25T18:54:32,694+0200",visu_pars.VisuCreationDate,I01Tdprn04,Raton-JRC-04,20240425_175119_I01Tdprn04_1_2,16,DICOM regenerated by Dicomifier 2.5.3 (+ gjesus3 workarounds) from the ParaVision 2dseq before ingest
20240425_175119_I01Tdprn04_1_2/17,"2024-04-25T18:51:00,085+0200",visu_pars.VisuCreationDate,I01Tdprn04,Raton-JRC-04,20240425_175119_I01Tdprn04_1_2,17,DICOM regenerated by Dicomifier 2.5.3 (+ gjesus3 workarounds) from the ParaVision 2dseq before ingest
20240425_175119_I01Tdprn04_1_2/18,"2024-04-25T18:56:18,803+0200",visu_pars.VisuCreationDate,I01Tdprn04,Raton-JRC-04,20240425_175119_I01Tdprn04_1_2,18,DICOM regenerated by Dicomifier 2.5.3 (+ gjesus3 workarounds) from the ParaVision 2dseq before ingest
20240425_175119_I01Tdprn04_1_2/19,"2024-04-25T18:58:05,155+0200",visu_pars.VisuCreationDate,I01Tdprn04,Raton-JRC-04,20240425_175119_I01Tdprn04_1_2,19,DICOM regenerated by Dicomifier 2.5.3 (+ gjesus3 workarounds) from the ParaVision 2dseq before ingest
20240425_175119_I01Tdprn04_1_2/2,"2024-04-25T18:10:25,019+0200",visu_pars.VisuCreationDate,I01Tdprn04,Raton-JRC-04,20240425_175119_I01Tdprn04_1_2,2,DICOM regenerated by Dicomifier 2.5.3 (+ gjesus3 workarounds) from the ParaVision 2dseq before ingest
20240425_175119_I01Tdprn04_1_2/20,"2024-04-25T18:59:51,357+0200",visu_pars.VisuCreationDate,I01Tdprn04,Raton-JRC-04,20240425_175119_I01Tdprn04_1_2,20,DICOM regenerated by Dicomifier 2.5.3 (+ gjesus3 workarounds) from the ParaVision 2dseq before ingest
20240425_175119_I01Tdprn04_1_2/3,"2024-04-25T18:17:16,512+0200",visu_pars.VisuCreationDate,I01Tdprn04,Raton-JRC-04,20240425_175119_I01Tdprn04_1_2,3,DICOM regenerated by Dicomifier 2.5.3 (+ gjesus3 workarounds) from the ParaVision 2dseq before ingest
20240425_175119_I01Tdprn04_1_2/4,"2024-04-25T18:27:05,082+0200",visu_pars.VisuCreationDate,I01Tdprn04,Raton-JRC-04,20240425_175119_I01Tdprn04_1_2,4,DICOM regenerated by Dicomifier 2.5.3 (+ gjesus3 workarounds) from the ParaVision 2dseq before ingest
20240425_175119_I01Tdprn04_1_2/5,"2024-04-25T18:33:27,944+0200",visu_pars.VisuCreationDate,I01Tdprn04,Raton-JRC-04,20240425_175119_I01Tdprn04_1_2,5,DICOM regenerated by Dicomifier 2.5.3 (+ gjesus3 workarounds) from the ParaVision 2dseq before ingest
20240425_175119_I01Tdprn04_1_2/6,"2024-04-25T18:34:26,970+0200",visu_pars.VisuCreationDate,I01Tdprn04,Raton-JRC-04,20240425_175119_I01Tdprn04_1_2,6,DICOM regenerated by Dicomifier 2.5.3 (+ gjesus3 workarounds) from the ParaVision 2dseq before ingest
20240425_175119_I01Tdprn04_1_2/7,"2024-04-25T18:35:29,774+0200",visu_pars.VisuCreationDate,I01Tdprn04,Raton-JRC-04,20240425_175119_I01Tdprn04_1_2,7,DICOM regenerated by Dicomifier 2.5.3 (+ gjesus3 workarounds) from the ParaVision 2dseq before ingest
20240425_175119_I01Tdprn04_1_2/8,"2024-04-25T18:36:39,259+0200",visu_pars.VisuCreationDate,I01Tdprn04,Raton-JRC-04,20240425_175119_I01Tdprn04_1_2,8,DICOM regenerated by Dicomifier 2.5.3 (+ gjesus3 workarounds) from the ParaVision 2dseq before ingest
20240425_175119_I01Tdprn04_1_2/9,"2024-04-25T18:37:57,269+0200",visu_pars.VisuCreationDate,I01Tdprn04,Raton-JRC-04,20240425_175119_I01Tdprn04_1_2,9,DICOM regenerated by Dicomifier 2.5.3 (+ gjesus3 workarounds) from the ParaVision 2dseq before ingest
20240426_085105_I01Tdprn03_1_3/1,"2024-04-26T09:01:55,165+0200",visu_pars.VisuCreationDate,I01Tdprn03,Raton-JRC-03,20240426_085105_I01Tdprn03_1_3,1,DICOM regenerated by Dicomifier 2.5.3 (+ gjesus3 workarounds) from the ParaVision 2dseq before ingest
20240426_085105_I01Tdprn03_1_3/10,"2024-04-26T09:37:31,765+0200",visu_pars.VisuCreationDate,I01Tdprn03,Raton-JRC-03,20240426_085105_I01Tdprn03_1_3,10,DICOM regenerated by Dicomifier 2.5.3 (+ gjesus3 workarounds) from the ParaVision 2dseq before ingest
20240426_085105_I01Tdprn03_1_3/11,"2024-04-26T09:39:11,571+0200",visu_pars.VisuCreationDate,I01Tdprn03,Raton-JRC-03,20240426_085105_I01Tdprn03_1_3,11,DICOM regenerated by Dicomifier 2.5.3 (+ gjesus3 workarounds) from the ParaVision 2dseq before ingest
20240426_085105_I01Tdprn03_1_3/12,"2024-04-26T09:41:03,697+0200",visu_pars.VisuCreationDate,I01Tdprn03,Raton-JRC-03,20240426_085105_I01Tdprn03_1_3,12,DICOM regenerated by Dicomifier 2.5.3 (+ gjesus3 workarounds) from the ParaVision 2dseq before ingest
20240426_085105_I01Tdprn03_1_3/13,"2024-04-26T09:43:25,308+0200",visu_pars.VisuCreationDate,I01Tdprn03,Raton-JRC-03,20240426_085105_I01Tdprn03_1_3,13,DICOM regenerated by Dicomifier 2.5.3 (+ gjesus3 workarounds) from the ParaVision 2dseq before ingest
20240426_085105_I01Tdprn03_1_3/14,"2024-04-26T09:47:18,488+0200",visu_pars.VisuCreationDate,I01Tdprn03,Raton-JRC-03,20240426_085105_I01Tdprn03_1_3,14,DICOM regenerated by Dicomifier 2.5.3 (+ gjesus3 workarounds) from the ParaVision 2dseq before ingest
20240426_085105_I01Tdprn03_1_3/15,"2024-04-26T09:49:05,551+0200",visu_pars.VisuCreationDate,I01Tdprn03,Raton-JRC-03,20240426_085105_I01Tdprn03_1_3,15,DICOM regenerated by Dicomifier 2.5.3 (+ gjesus3 workarounds) from the ParaVision 2dseq before ingest
20240426_085105_I01Tdprn03_1_3/16,"2024-04-26T09:50:51,334+0200",visu_pars.VisuCreationDate,I01Tdprn03,Raton-JRC-03,20240426_085105_I01Tdprn03_1_3,16,DICOM regenerated by Dicomifier 2.5.3 (+ gjesus3 workarounds) from the ParaVision 2dseq before ingest
20240426_085105_I01Tdprn03_1_3/17,"2024-04-26T09:52:37,824+0200",visu_pars.VisuCreationDate,I01Tdprn03,Raton-JRC-03,20240426_085105_I01Tdprn03_1_3,17,DICOM regenerated by Dicomifier 2.5.3 (+ gjesus3 workarounds) from the ParaVision 2dseq before ingest
20240426_085105_I01Tdprn03_1_3/18,"2024-04-26T09:54:23,650+0200",visu_pars.VisuCreationDate,I01Tdprn03,Raton-JRC-03,20240426_085105_I01Tdprn03_1_3,18,DICOM regenerated by Dicomifier 2.5.3 (+ gjesus3 workarounds) from the ParaVision 2dseq before ingest
20240426_085105_I01Tdprn03_1_3/19,"2024-04-26T09:56:09,144+0200",visu_pars.VisuCreationDate,I01Tdprn03,Raton-JRC-03,20240426_085105_I01Tdprn03_1_3,19,DICOM regenerated by Dicomifier 2.5.3 (+ gjesus3 workarounds) from the ParaVision 2dseq before ingest
20240426_085105_I01Tdprn03_1_3/2,"2024-04-26T09:09:05,302+0200",visu_pars.VisuCreationDate,I01Tdprn03,Raton-JRC-03,20240426_085105_I01Tdprn03_1_3,2,DICOM regenerated by Dicomifier 2.5.3 (+ gjesus3 workarounds) from the ParaVision 2dseq before ingest
20240426_085105_I01Tdprn03_1_3/20,"2024-04-26T09:57:55,396+0200",visu_pars.VisuCreationDate,I01Tdprn03,Raton-JRC-03,20240426_085105_I01Tdprn03_1_3,20,DICOM regenerated by Dicomifier 2.5.3 (+ gjesus3 workarounds) from the ParaVision 2dseq before ingest
20240426_085105_I01Tdprn03_1_3/3,"2024-04-26T09:15:54,840+0200",visu_pars.VisuCreationDate,I01Tdprn03,Raton-JRC-03,20240426_085105_I01Tdprn03_1_3,3,DICOM regenerated by Dicomifier 2.5.3 (+ gjesus3 workarounds) from the ParaVision 2dseq before ingest
20240426_085105_I01Tdprn03_1_3/4,"2024-04-26T09:25:40,820+0200",visu_pars.VisuCreationDate,I01Tdprn03,Raton-JRC-03,20240426_085105_I01Tdprn03_1_3,4,DICOM regenerated by Dicomifier 2.5.3 (+ gjesus3 workarounds) from the ParaVision 2dseq before ingest
20240426_085105_I01Tdprn03_1_3/5,"2024-04-26T09:31:36,831+0200",visu_pars.VisuCreationDate,I01Tdprn03,Raton-JRC-03,20240426_085105_I01Tdprn03_1_3,5,DICOM regenerated by Dicomifier 2.5.3 (+ gjesus3 workarounds) from the ParaVision 2dseq before ingest
20240426_085105_I01Tdprn03_1_3/6,"2024-04-26T09:32:35,520+0200",visu_pars.VisuCreationDate,I01Tdprn03,Raton-JRC-03,20240426_085105_I01Tdprn03_1_3,6,DICOM regenerated by Dicomifier 2.5.3 (+ gjesus3 workarounds) from the ParaVision 2dseq before ingest
20240426_085105_I01Tdprn03_1_3/7,"2024-04-26T09:33:37,630+0200",visu_pars.VisuCreationDate,I01Tdprn03,Raton-JRC-03,20240426_085105_I01Tdprn03_1_3,7,DICOM regenerated by Dicomifier 2.5.3 (+ gjesus3 workarounds) from the ParaVision 2dseq before ingest
20240426_085105_I01Tdprn03_1_3/8,"2024-04-26T09:34:46,740+0200",visu_pars.VisuCreationDate,I01Tdprn03,Raton-JRC-03,20240426_085105_I01Tdprn03_1_3,8,DICOM regenerated by Dicomifier 2.5.3 (+ gjesus3 workarounds) from the ParaVision 2dseq before ingest
20240426_085105_I01Tdprn03_1_3/9,"2024-04-26T09:36:04,462+0200",visu_pars.VisuCreationDate,I01Tdprn03,Raton-JRC-03,20240426_085105_I01Tdprn03_1_3,9,DICOM regenerated by Dicomifier 2.5.3 (+ gjesus3 workarounds) from the ParaVision 2dseq before ingest
20240426_095817_I01Tdprn04_1_3/1,"2024-04-26T10:06:01,383+0200",visu_pars.VisuCreationDate,I01Tdprn04,Raton-JRC-04,20240426_095817_I01Tdprn04_1_3,1,DICOM regenerated by Dicomifier 2.5.3 (+ gjesus3 workarounds) from the ParaVision 2dseq before ingest
20240426_095817_I01Tdprn04_1_3/10,"2024-04-26T10:59:04,809+0200",visu_pars.VisuCreationDate,I01Tdprn04,Raton-JRC-04,20240426_095817_I01Tdprn04_1_3,10,DICOM regenerated by Dicomifier 2.5.3 (+ gjesus3 workarounds) from the ParaVision 2dseq before ingest
20240426_095817_I01Tdprn04_1_3/11,"2024-04-26T11:00:44,263+0200",visu_pars.VisuCreationDate,I01Tdprn04,Raton-JRC-04,20240426_095817_I01Tdprn04_1_3,11,DICOM regenerated by Dicomifier 2.5.3 (+ gjesus3 workarounds) from the ParaVision 2dseq before ingest
20240426_095817_I01Tdprn04_1_3/12,"2024-04-26T11:02:35,504+0200",visu_pars.VisuCreationDate,I01Tdprn04,Raton-JRC-04,20240426_095817_I01Tdprn04_1_3,12,DICOM regenerated by Dicomifier 2.5.3 (+ gjesus3 workarounds) from the ParaVision 2dseq before ingest
20240426_095817_I01Tdprn04_1_3/13,"2024-04-26T11:04:57,114+0200",visu_pars.VisuCreationDate,I01Tdprn04,Raton-JRC-04,20240426_095817_I01Tdprn04_1_3,13,DICOM regenerated by Dicomifier 2.5.3 (+ gjesus3 workarounds) from the ParaVision 2dseq before ingest
20240426_095817_I01Tdprn04_1_3/14,"2024-04-26T11:08:50,106+0200",visu_pars.VisuCreationDate,I01Tdprn04,Raton-JRC-04,20240426_095817_I01Tdprn04_1_3,14,DICOM regenerated by Dicomifier 2.5.3 (+ gjesus3 workarounds) from the ParaVision 2dseq before ingest
20240426_095817_I01Tdprn04_1_3/16,"2024-04-26T10:53:05,750+0200",visu_pars.VisuCreationDate,I01Tdprn04,Raton-JRC-04,20240426_095817_I01Tdprn04_1_3,16,DICOM regenerated by Dicomifier 2.5.3 (+ gjesus3 workarounds) from the ParaVision 2dseq before ingest
20240426_095817_I01Tdprn04_1_3/17,"2024-04-26T10:54:06,199+0200",visu_pars.VisuCreationDate,I01Tdprn04,Raton-JRC-04,20240426_095817_I01Tdprn04_1_3,17,DICOM regenerated by Dicomifier 2.5.3 (+ gjesus3 workarounds) from the ParaVision 2dseq before ingest
20240426_095817_I01Tdprn04_1_3/18,"2024-04-26T10:46:29,382+0200",visu_pars.VisuCreationDate,I01Tdprn04,Raton-JRC-04,20240426_095817_I01Tdprn04_1_3,18,DICOM regenerated by Dicomifier 2.5.3 (+ gjesus3 workarounds) from the ParaVision 2dseq before ingest
20240426_095817_I01Tdprn04_1_3/19,"2024-04-26T11:10:39,949+0200",visu_pars.VisuCreationDate,I01Tdprn04,Raton-JRC-04,20240426_095817_I01Tdprn04_1_3,19,DICOM regenerated by Dicomifier 2.5.3 (+ gjesus3 workarounds) from the ParaVision 2dseq before ingest
20240426_095817_I01Tdprn04_1_3/2,"2024-04-26T10:12:01,827+0200",visu_pars.VisuCreationDate,I01Tdprn04,Raton-JRC-04,20240426_095817_I01Tdprn04_1_3,2,DICOM regenerated by Dicomifier 2.5.3 (+ gjesus3 workarounds) from the ParaVision 2dseq before ingest
20240426_095817_I01Tdprn04_1_3/20,"2024-04-26T11:12:25,758+0200",visu_pars.VisuCreationDate,I01Tdprn04,Raton-JRC-04,20240426_095817_I01Tdprn04_1_3,20,DICOM regenerated by Dicomifier 2.5.3 (+ gjesus3 workarounds) from the ParaVision 2dseq before ingest
20240426_095817_I01Tdprn04_1_3/21,"2024-04-26T11:14:11,689+0200",visu_pars.VisuCreationDate,I01Tdprn04,Raton-JRC-04,20240426_095817_I01Tdprn04_1_3,21,DICOM regenerated by Dicomifier 2.5.3 (+ gjesus3 workarounds) from the ParaVision 2dseq before ingest
20240426_095817_I01Tdprn04_1_3/22,"2024-04-26T11:16:16,786+0200",visu_pars.VisuCreationDate,I01Tdprn04,Raton-JRC-04,20240426_095817_I01Tdprn04_1_3,22,DICOM regenerated by Dicomifier 2.5.3 (+ gjesus3 workarounds) from the ParaVision 2dseq before ingest
20240426_095817_I01Tdprn04_1_3/23,"2024-04-26T11:18:06,155+0200",visu_pars.VisuCreationDate,I01Tdprn04,Raton-JRC-04,20240426_095817_I01Tdprn04_1_3,23,DICOM regenerated by Dicomifier 2.5.3 (+ gjesus3 workarounds) from the ParaVision 2dseq before ingest
20240426_095817_I01Tdprn04_1_3/24,"2024-04-26T11:19:55,697+0200",visu_pars.VisuCreationDate,I01Tdprn04,Raton-JRC-04,20240426_095817_I01Tdprn04_1_3,24,DICOM regenerated by Dicomifier 2.5.3 (+ gjesus3 workarounds) from the ParaVision 2dseq before ingest
20240426_095817_I01Tdprn04_1_3/3,"2024-04-26T10:18:50,114+0200",visu_pars.VisuCreationDate,I01Tdprn04,Raton-JRC-04,20240426_095817_I01Tdprn04_1_3,3,DICOM regenerated by Dicomifier 2.5.3 (+ gjesus3 workarounds) from the ParaVision 2dseq before ingest
20240426_095817_I01Tdprn04_1_3/4,"2024-04-26T10:28:35,629+0200",visu_pars.VisuCreationDate,I01Tdprn04,Raton-JRC-04,20240426_095817_I01Tdprn04_1_3,4,DICOM regenerated by Dicomifier 2.5.3 (+ gjesus3 workarounds) from the ParaVision 2dseq before ingest
20240426_095817_I01Tdprn04_1_3/7,"2024-04-26T10:55:09,902+0200",visu_pars.VisuCreationDate,I01Tdprn04,Raton-JRC-04,20240426_095817_I01Tdprn04_1_3,7,DICOM regenerated by Dicomifier 2.5.3 (+ gjesus3 workarounds) from the ParaVision 2dseq before ingest
20240426_095817_I01Tdprn04_1_3/8,"2024-04-26T10:56:18,716+0200",visu_pars.VisuCreationDate,I01Tdprn04,Raton-JRC-04,20240426_095817_I01Tdprn04_1_3,8,DICOM regenerated by Dicomifier 2.5.3 (+ gjesus3 workarounds) from the ParaVision 2dseq before ingest
20240426_095817_I01Tdprn04_1_3/9,"2024-04-26T10:57:36,233+0200",visu_pars.VisuCreationDate,I01Tdprn04,Raton-JRC-04,20240426_095817_I01Tdprn04_1_3,9,DICOM regenerated by Dicomifier 2.5.3 (+ gjesus3 workarounds) from the ParaVision 2dseq before ingest
