original_name,drv_acq_datetime,drv_acq_time_source
20220310_122741_jrc220310_m31_week1_1519_1_1/10,"2022-03-10T12:56:34,018+0100",visu_pars.VisuCreationDate
20220310_122741_jrc220310_m31_week1_1519_1_1/11,"2022-03-10T12:57:56,471+0100",visu_pars.VisuCreationDate
20220310_122741_jrc220310_m31_week1_1519_1_1/12,"2022-03-10T12:59:20,266+0100",visu_pars.VisuCreationDate
20220310_122741_jrc220310_m31_week1_1519_1_1/13,"2022-03-10T13:00:47,632+0100",visu_pars.VisuCreationDate
20220310_122741_jrc220310_m31_week1_1519_1_1/14,"2022-03-10T13:04:41,590+0100",visu_pars.VisuCreationDate
20220310_122741_jrc220310_m31_week1_1519_1_1/15,"2022-03-10T13:09:14,933+0100",visu_pars.VisuCreationDate
20220310_122741_jrc220310_m31_week1_1519_1_1/16,"2022-03-10T13:12:55,048+0100",visu_pars.VisuCreationDate
20220310_122741_jrc220310_m31_week1_1519_1_1/17,"2022-03-10T13:16:35,105+0100",visu_pars.VisuCreationDate
20220310_122741_jrc220310_m31_week1_1519_1_1/18,"2022-03-10T13:20:15,473+0100",visu_pars.VisuCreationDate
20220310_122741_jrc220310_m31_week1_1519_1_1/19,"2022-03-10T13:23:55,760+0100",visu_pars.VisuCreationDate
20220310_122741_jrc220310_m31_week1_1519_1_1/20,"2022-03-10T13:27:35,746+0100",visu_pars.VisuCreationDate
20220310_122741_jrc220310_m31_week1_1519_1_1/21,"2022-03-10T13:31:15,964+0100",visu_pars.VisuCreationDate
20220310_122741_jrc220310_m31_week1_1519_1_1/22,"2022-03-10T13:34:56,319+0100",visu_pars.VisuCreationDate
20220310_122741_jrc220310_m31_week1_1519_1_1/23,"2022-03-10T13:38:36,439+0100",visu_pars.VisuCreationDate
20220310_122741_jrc220310_m31_week1_1519_1_1/24,"2022-03-10T13:42:16,882+0100",visu_pars.VisuCreationDate
20220310_122741_jrc220310_m31_week1_1519_1_1/25,"2022-03-10T13:45:57,262+0100",visu_pars.VisuCreationDate
20220310_135046_jrc220310_m32_week1_1519_1_1/10,"2022-03-10T15:23:57,328+0100",visu_pars.VisuCreationDate
20220310_135046_jrc220310_m32_week1_1519_1_1/11,"2022-03-10T15:27:37,776+0100",visu_pars.VisuCreationDate
20220310_135046_jrc220310_m32_week1_1519_1_1/12,"2022-03-10T15:31:17,971+0100",visu_pars.VisuCreationDate
20220310_135046_jrc220310_m32_week1_1519_1_1/13,"2022-03-10T15:34:58,096+0100",visu_pars.VisuCreationDate
20220310_135046_jrc220310_m32_week1_1519_1_1/14,"2022-03-10T15:38:38,622+0100",visu_pars.VisuCreationDate
20220310_135046_jrc220310_m32_week1_1519_1_1/15,"2022-03-10T15:42:19,144+0100",visu_pars.VisuCreationDate
20220310_135046_jrc220310_m32_week1_1519_1_1/16,"2022-03-10T15:45:59,199+0100",visu_pars.VisuCreationDate
20220310_135046_jrc220310_m32_week1_1519_1_1/17,"2022-03-10T15:49:39,231+0100",visu_pars.VisuCreationDate
20220310_135046_jrc220310_m32_week1_1519_1_1/18,"2022-03-10T15:53:19,637+0100",visu_pars.VisuCreationDate
20220310_135046_jrc220310_m32_week1_1519_1_1/19,"2022-03-10T15:56:59,962+0100",visu_pars.VisuCreationDate
20220310_135046_jrc220310_m32_week1_1519_1_1/2,"2022-03-10T15:03:01,365+0100",visu_pars.VisuCreationDate
20220310_135046_jrc220310_m32_week1_1519_1_1/3,"2022-03-10T15:04:26,899+0100",visu_pars.VisuCreationDate
20220310_135046_jrc220310_m32_week1_1519_1_1/5,"2022-03-10T15:06:54,285+0100",visu_pars.VisuCreationDate
20220310_135046_jrc220310_m32_week1_1519_1_1/6,"2022-03-10T15:08:21,132+0100",visu_pars.VisuCreationDate
20220310_135046_jrc220310_m32_week1_1519_1_1/7,"2022-03-10T15:12:02,676+0100",visu_pars.VisuCreationDate
20220310_135046_jrc220310_m32_week1_1519_1_1/8,"2022-03-10T15:16:37,091+0100",visu_pars.VisuCreationDate
20220310_135046_jrc220310_m32_week1_1519_1_1/9,"2022-03-10T15:20:17,280+0100",visu_pars.VisuCreationDate
20220310_154650_jrc220310_m36_week1_1519_1_1/1,"2022-03-10T16:04:56,700+0100",visu_pars.VisuCreationDate
20220310_154650_jrc220310_m36_week1_1519_1_1/10,"2022-03-10T16:31:39,744+0100",visu_pars.VisuCreationDate
20220310_154650_jrc220310_m36_week1_1519_1_1/11,"2022-03-10T16:35:20,188+0100",visu_pars.VisuCreationDate
20220310_154650_jrc220310_m36_week1_1519_1_1/12,"2022-03-10T16:39:00,442+0100",visu_pars.VisuCreationDate
20220310_154650_jrc220310_m36_week1_1519_1_1/13,"2022-03-10T16:42:40,895+0100",visu_pars.VisuCreationDate
20220310_154650_jrc220310_m36_week1_1519_1_1/14,"2022-03-10T16:46:21,320+0100",visu_pars.VisuCreationDate
20220310_154650_jrc220310_m36_week1_1519_1_1/15,"2022-03-10T16:50:01,655+0100",visu_pars.VisuCreationDate
20220310_154650_jrc220310_m36_week1_1519_1_1/16,"2022-03-10T16:53:41,824+0100",visu_pars.VisuCreationDate
20220310_154650_jrc220310_m36_week1_1519_1_1/2,"2022-03-10T16:06:28,768+0100",visu_pars.VisuCreationDate
20220310_154650_jrc220310_m36_week1_1519_1_1/3,"2022-03-10T16:07:58,603+0100",visu_pars.VisuCreationDate
20220310_154650_jrc220310_m36_week1_1519_1_1/4,"2022-03-10T16:09:19,178+0100",visu_pars.VisuCreationDate
20220310_154650_jrc220310_m36_week1_1519_1_1/5,"2022-03-10T16:13:00,822+0100",visu_pars.VisuCreationDate
20220310_154650_jrc220310_m36_week1_1519_1_1/6,"2022-03-10T16:16:58,562+0100",visu_pars.VisuCreationDate
20220310_154650_jrc220310_m36_week1_1519_1_1/7,"2022-03-10T16:20:38,813+0100",visu_pars.VisuCreationDate
20220310_154650_jrc220310_m36_week1_1519_1_1/8,"2022-03-10T16:24:19,157+0100",visu_pars.VisuCreationDate
20220310_154650_jrc220310_m36_week1_1519_1_1/9,"2022-03-10T16:27:59,274+0100",visu_pars.VisuCreationDate
20220310_164934_jrc220310_m33_week1_1519_1_1/1,"2022-03-10T17:02:42,154+0100",visu_pars.VisuCreationDate
20220310_164934_jrc220310_m33_week1_1519_1_1/10,"2022-03-10T17:29:03,258+0100",visu_pars.VisuCreationDate
20220310_164934_jrc220310_m33_week1_1519_1_1/11,"2022-03-10T17:32:43,535+0100",visu_pars.VisuCreationDate
20220310_164934_jrc220310_m33_week1_1519_1_1/12,"2022-03-10T17:36:23,588+0100",visu_pars.VisuCreationDate
20220310_164934_jrc220310_m33_week1_1519_1_1/13,"2022-03-10T17:40:03,875+0100",visu_pars.VisuCreationDate
20220310_164934_jrc220310_m33_week1_1519_1_1/14,"2022-03-10T17:43:43,850+0100",visu_pars.VisuCreationDate
20220310_164934_jrc220310_m33_week1_1519_1_1/15,"2022-03-10T17:47:24,374+0100",visu_pars.VisuCreationDate
20220310_164934_jrc220310_m33_week1_1519_1_1/16,"2022-03-10T17:51:04,831+0100",visu_pars.VisuCreationDate
20220310_164934_jrc220310_m33_week1_1519_1_1/2,"2022-03-10T17:04:04,233+0100",visu_pars.VisuCreationDate
20220310_164934_jrc220310_m33_week1_1519_1_1/3,"2022-03-10T17:05:20,651+0100",visu_pars.VisuCreationDate
20220310_164934_jrc220310_m33_week1_1519_1_1/4,"2022-03-10T17:06:41,389+0100",visu_pars.VisuCreationDate
20220310_164934_jrc220310_m33_week1_1519_1_1/5,"2022-03-10T17:10:23,229+0100",visu_pars.VisuCreationDate
20220310_164934_jrc220310_m33_week1_1519_1_1/6,"2022-03-10T17:14:22,761+0100",visu_pars.VisuCreationDate
20220310_164934_jrc220310_m33_week1_1519_1_1/7,"2022-03-10T17:18:02,961+0100",visu_pars.VisuCreationDate
20220310_164934_jrc220310_m33_week1_1519_1_1/8,"2022-03-10T17:21:43,180+0100",visu_pars.VisuCreationDate
20220310_164934_jrc220310_m33_week1_1519_1_1/9,"2022-03-10T17:25:23,276+0100",visu_pars.VisuCreationDate
20220310_174441_jrc220310_m34_week1_1519_1_1/1,"2022-03-10T18:00:08,386+0100",visu_pars.VisuCreationDate
20220310_174441_jrc220310_m34_week1_1519_1_1/10,"2022-03-10T18:23:59,622+0100",visu_pars.VisuCreationDate
20220310_174441_jrc220310_m34_week1_1519_1_1/11,"2022-03-10T18:27:39,684+0100",visu_pars.VisuCreationDate
20220310_174441_jrc220310_m34_week1_1519_1_1/12,"2022-03-10T18:31:19,936+0100",visu_pars.VisuCreationDate
20220310_174441_jrc220310_m34_week1_1519_1_1/13,"2022-03-10T18:35:00,118+0100",visu_pars.VisuCreationDate
20220310_174441_jrc220310_m34_week1_1519_1_1/14,"2022-03-10T18:38:40,304+0100",visu_pars.VisuCreationDate
20220310_174441_jrc220310_m34_week1_1519_1_1/15,"2022-03-10T18:42:20,861+0100",visu_pars.VisuCreationDate
20220310_174441_jrc220310_m34_week1_1519_1_1/16,"2022-03-10T18:46:01,261+0100",visu_pars.VisuCreationDate
20220310_174441_jrc220310_m34_week1_1519_1_1/17,"2022-03-10T18:49:41,642+0100",visu_pars.VisuCreationDate
20220310_174441_jrc220310_m34_week1_1519_1_1/18,"2022-03-10T18:53:44,361+0100",visu_pars.VisuCreationDate
20220310_174441_jrc220310_m34_week1_1519_1_1/4,"2022-03-10T18:05:47,798+0100",visu_pars.VisuCreationDate
20220310_174441_jrc220310_m34_week1_1519_1_1/5,"2022-03-10T18:07:08,164+0100",visu_pars.VisuCreationDate
20220310_174441_jrc220310_m34_week1_1519_1_1/6,"2022-03-10T18:08:34,160+0100",visu_pars.VisuCreationDate
20220310_174441_jrc220310_m34_week1_1519_1_1/7,"2022-03-10T18:12:15,597+0100",visu_pars.VisuCreationDate
20220310_174441_jrc220310_m34_week1_1519_1_1/8,"2022-03-10T18:16:38,791+0100",visu_pars.VisuCreationDate
20220310_174441_jrc220310_m34_week1_1519_1_1/9,"2022-03-10T18:20:19,142+0100",visu_pars.VisuCreationDate
20220310_184830_jrc220310_m35_week1_1519_1_1/10,"2022-03-10T19:25:56,113+0100",visu_pars.VisuCreationDate
20220310_184830_jrc220310_m35_week1_1519_1_1/11,"2022-03-10T19:29:36,287+0100",visu_pars.VisuCreationDate
20220310_184830_jrc220310_m35_week1_1519_1_1/12,"2022-03-10T19:33:16,368+0100",visu_pars.VisuCreationDate
20220310_184830_jrc220310_m35_week1_1519_1_1/13,"2022-03-10T19:36:56,493+0100",visu_pars.VisuCreationDate
20220310_184830_jrc220310_m35_week1_1519_1_1/14,"2022-03-10T19:40:36,825+0100",visu_pars.VisuCreationDate
20220310_184830_jrc220310_m35_week1_1519_1_1/15,"2022-03-10T19:44:17,394+0100",visu_pars.VisuCreationDate
20220310_184830_jrc220310_m35_week1_1519_1_1/16,"2022-03-10T19:47:57,888+0100",visu_pars.VisuCreationDate
20220310_184830_jrc220310_m35_week1_1519_1_1/17,"2022-03-10T19:51:38,248+0100",visu_pars.VisuCreationDate
20220310_184830_jrc220310_m35_week1_1519_1_1/18,"2022-03-10T19:55:18,282+0100",visu_pars.VisuCreationDate
20220310_184830_jrc220310_m35_week1_1519_1_1/19,"2022-03-10T19:59:57,218+0100",visu_pars.VisuCreationDate
20220310_184830_jrc220310_m35_week1_1519_1_1/4,"2022-03-10T19:09:20,924+0100",visu_pars.VisuCreationDate
20220310_184830_jrc220310_m35_week1_1519_1_1/5,"2022-03-10T19:10:43,115+0100",visu_pars.VisuCreationDate
20220310_184830_jrc220310_m35_week1_1519_1_1/6,"2022-03-10T19:12:14,795+0100",visu_pars.VisuCreationDate
20220310_184830_jrc220310_m35_week1_1519_1_1/7,"2022-03-10T19:14:02,029+0100",visu_pars.VisuCreationDate
20220310_184830_jrc220310_m35_week1_1519_1_1/8,"2022-03-10T19:17:44,213+0100",visu_pars.VisuCreationDate
20220310_184830_jrc220310_m35_week1_1519_1_1/9,"2022-03-10T19:22:15,657+0100",visu_pars.VisuCreationDate
20220315_153711_jrc220315_m29_week2_1519_1_1/1,"2022-03-15T15:47:22,894+0100",visu_pars.VisuCreationDate
20220315_153711_jrc220315_m29_week2_1519_1_1/10,"2022-03-15T16:12:55,775+0100",visu_pars.VisuCreationDate
20220315_153711_jrc220315_m29_week2_1519_1_1/11,"2022-03-15T16:16:36,038+0100",visu_pars.VisuCreationDate
20220315_153711_jrc220315_m29_week2_1519_1_1/12,"2022-03-15T16:20:16,272+0100",visu_pars.VisuCreationDate
20220315_153711_jrc220315_m29_week2_1519_1_1/13,"2022-03-15T16:23:56,210+0100",visu_pars.VisuCreationDate
20220315_153711_jrc220315_m29_week2_1519_1_1/14,"2022-03-15T16:27:36,648+0100",visu_pars.VisuCreationDate
20220315_153711_jrc220315_m29_week2_1519_1_1/15,"2022-03-15T16:31:16,922+0100",visu_pars.VisuCreationDate
20220315_153711_jrc220315_m29_week2_1519_1_1/16,"2022-03-15T16:34:57,243+0100",visu_pars.VisuCreationDate
20220315_153711_jrc220315_m29_week2_1519_1_1/2,"2022-03-15T15:48:53,519+0100",visu_pars.VisuCreationDate
20220315_153711_jrc220315_m29_week2_1519_1_1/3,"2022-03-15T15:50:27,714+0100",visu_pars.VisuCreationDate
20220315_153711_jrc220315_m29_week2_1519_1_1/4,"2022-03-15T15:52:06,657+0100",visu_pars.VisuCreationDate
20220315_153711_jrc220315_m29_week2_1519_1_1/5,"2022-03-15T15:56:12,333+0100",visu_pars.VisuCreationDate
20220315_153711_jrc220315_m29_week2_1519_1_1/7,"2022-03-15T16:05:35,321+0100",visu_pars.VisuCreationDate
20220315_153711_jrc220315_m29_week2_1519_1_1/8,"2022-03-15T16:01:55,152+0100",visu_pars.VisuCreationDate
20220315_153711_jrc220315_m29_week2_1519_1_1/9,"2022-03-15T16:09:15,473+0100",visu_pars.VisuCreationDate
20220315_163434_jrc220315_m30_week2_1519_1_1/10,"2022-03-15T17:05:39,169+0100",visu_pars.VisuCreationDate
20220315_163434_jrc220315_m30_week2_1519_1_1/11,"2022-03-15T17:10:28,212+0100",visu_pars.VisuCreationDate
20220315_163434_jrc220315_m30_week2_1519_1_1/12,"2022-03-15T17:14:08,614+0100",visu_pars.VisuCreationDate
20220315_163434_jrc220315_m30_week2_1519_1_1/13,"2022-03-15T17:17:48,447+0100",visu_pars.VisuCreationDate
20220315_163434_jrc220315_m30_week2_1519_1_1/14,"2022-03-15T17:21:28,630+0100",visu_pars.VisuCreationDate
20220315_163434_jrc220315_m30_week2_1519_1_1/15,"2022-03-15T17:25:08,753+0100",visu_pars.VisuCreationDate
20220315_163434_jrc220315_m30_week2_1519_1_1/16,"2022-03-15T17:28:48,775+0100",visu_pars.VisuCreationDate
20220315_163434_jrc220315_m30_week2_1519_1_1/17,"2022-03-15T17:32:28,775+0100",visu_pars.VisuCreationDate
20220315_163434_jrc220315_m30_week2_1519_1_1/18,"2022-03-15T17:36:08,937+0100",visu_pars.VisuCreationDate
20220315_163434_jrc220315_m30_week2_1519_1_1/19,"2022-03-15T17:39:49,342+0100",visu_pars.VisuCreationDate
20220315_163434_jrc220315_m30_week2_1519_1_1/2,"2022-03-15T16:52:11,912+0100",visu_pars.VisuCreationDate
20220315_163434_jrc220315_m30_week2_1519_1_1/3,"2022-03-15T16:53:47,304+0100",visu_pars.VisuCreationDate
20220315_163434_jrc220315_m30_week2_1519_1_1/6,"2022-03-15T16:58:14,773+0100",visu_pars.VisuCreationDate
20220315_163434_jrc220315_m30_week2_1519_1_1/9,"2022-03-15T17:01:31,669+0100",visu_pars.VisuCreationDate
20220316_103946_jrc220316_m31_week2_1519_1_1/1,"2022-03-16T10:50:52,441+0100",visu_pars.VisuCreationDate
20220316_103946_jrc220316_m31_week2_1519_1_1/10,"2022-03-16T11:09:40,956+0100",visu_pars.VisuCreationDate
20220316_103946_jrc220316_m31_week2_1519_1_1/11,"2022-03-16T11:13:21,204+0100",visu_pars.VisuCreationDate
20220316_103946_jrc220316_m31_week2_1519_1_1/12,"2022-03-16T11:17:01,401+0100",visu_pars.VisuCreationDate
20220316_103946_jrc220316_m31_week2_1519_1_1/13,"2022-03-16T11:20:41,746+0100",visu_pars.VisuCreationDate
20220316_103946_jrc220316_m31_week2_1519_1_1/14,"2022-03-16T11:24:21,911+0100",visu_pars.VisuCreationDate
20220316_103946_jrc220316_m31_week2_1519_1_1/15,"2022-03-16T11:28:02,112+0100",visu_pars.VisuCreationDate
20220316_103946_jrc220316_m31_week2_1519_1_1/16,"2022-03-16T11:31:42,148+0100",visu_pars.VisuCreationDate
20220316_103946_jrc220316_m31_week2_1519_1_1/17,"2022-03-16T11:35:22,443+0100",visu_pars.VisuCreationDate
20220316_103946_jrc220316_m31_week2_1519_1_1/18,"2022-03-16T11:39:02,899+0100",visu_pars.VisuCreationDate
20220316_103946_jrc220316_m31_week2_1519_1_1/19,"2022-03-16T11:42:43,023+0100",visu_pars.VisuCreationDate
20220316_103946_jrc220316_m31_week2_1519_1_1/3,"2022-03-16T10:52:48,907+0100",visu_pars.VisuCreationDate
20220316_103946_jrc220316_m31_week2_1519_1_1/4,"2022-03-16T10:54:25,237+0100",visu_pars.VisuCreationDate
20220316_103946_jrc220316_m31_week2_1519_1_1/6,"2022-03-16T10:57:34,433+0100",visu_pars.VisuCreationDate
20220316_103946_jrc220316_m31_week2_1519_1_1/7,"2022-03-16T10:56:12,629+0100",visu_pars.VisuCreationDate
20220316_103946_jrc220316_m31_week2_1519_1_1/8,"2022-03-16T11:01:47,225+0100",visu_pars.VisuCreationDate
20220316_103946_jrc220316_m31_week2_1519_1_1/9,"2022-03-16T11:06:00,762+0100",visu_pars.VisuCreationDate
20220316_113503_jrc220316_m32_week2_1519_1_1/1,"2022-03-16T11:56:47,821+0100",visu_pars.VisuCreationDate
20220316_113503_jrc220316_m32_week2_1519_1_1/10,"2022-03-16T12:24:23,967+0100",visu_pars.VisuCreationDate
20220316_113503_jrc220316_m32_week2_1519_1_1/11,"2022-03-16T12:28:03,927+0100",visu_pars.VisuCreationDate
20220316_113503_jrc220316_m32_week2_1519_1_1/12,"2022-03-16T12:31:43,881+0100",visu_pars.VisuCreationDate
20220316_113503_jrc220316_m32_week2_1519_1_1/13,"2022-03-16T12:35:24,193+0100",visu_pars.VisuCreationDate
20220316_113503_jrc220316_m32_week2_1519_1_1/14,"2022-03-16T12:39:04,589+0100",visu_pars.VisuCreationDate
20220316_113503_jrc220316_m32_week2_1519_1_1/15,"2022-03-16T12:42:44,728+0100",visu_pars.VisuCreationDate
20220316_113503_jrc220316_m32_week2_1519_1_1/16,"2022-03-16T12:46:25,090+0100",visu_pars.VisuCreationDate
20220316_113503_jrc220316_m32_week2_1519_1_1/17,"2022-03-16T12:50:05,177+0100",visu_pars.VisuCreationDate
20220316_113503_jrc220316_m32_week2_1519_1_1/2,"2022-03-16T11:58:14,392+0100",visu_pars.VisuCreationDate
20220316_113503_jrc220316_m32_week2_1519_1_1/3,"2022-03-16T11:59:42,757+0100",visu_pars.VisuCreationDate
20220316_113503_jrc220316_m32_week2_1519_1_1/4,"2022-03-16T12:01:20,608+0100",visu_pars.VisuCreationDate
20220316_113503_jrc220316_m32_week2_1519_1_1/5,"2022-03-16T12:05:15,653+0100",visu_pars.VisuCreationDate
20220316_113503_jrc220316_m32_week2_1519_1_1/6,"2022-03-16T12:09:41,805+0100",visu_pars.VisuCreationDate
20220316_113503_jrc220316_m32_week2_1519_1_1/7,"2022-03-16T12:13:22,366+0100",visu_pars.VisuCreationDate
20220316_113503_jrc220316_m32_week2_1519_1_1/8,"2022-03-16T12:17:03,151+0100",visu_pars.VisuCreationDate
20220316_113503_jrc220316_m32_week2_1519_1_1/9,"2022-03-16T12:20:43,520+0100",visu_pars.VisuCreationDate
20220316_124457_jrc220316_m33_week2_1519_1_1/1,"2022-03-16T13:04:58,421+0100",visu_pars.VisuCreationDate
20220316_124457_jrc220316_m33_week2_1519_1_1/10,"2022-03-16T13:25:11,860+0100",visu_pars.VisuCreationDate
20220316_124457_jrc220316_m33_week2_1519_1_1/11,"2022-03-16T13:28:52,190+0100",visu_pars.VisuCreationDate
20220316_124457_jrc220316_m33_week2_1519_1_1/12,"2022-03-16T13:32:32,378+0100",visu_pars.VisuCreationDate
20220316_124457_jrc220316_m33_week2_1519_1_1/13,"2022-03-16T13:36:12,494+0100",visu_pars.VisuCreationDate
20220316_124457_jrc220316_m33_week2_1519_1_1/14,"2022-03-16T13:39:52,651+0100",visu_pars.VisuCreationDate
20220316_124457_jrc220316_m33_week2_1519_1_1/15,"2022-03-16T13:43:33,071+0100",visu_pars.VisuCreationDate
20220316_124457_jrc220316_m33_week2_1519_1_1/16,"2022-03-16T13:47:13,272+0100",visu_pars.VisuCreationDate
20220316_124457_jrc220316_m33_week2_1519_1_1/17,"2022-03-16T13:50:53,660+0100",visu_pars.VisuCreationDate
20220316_124457_jrc220316_m33_week2_1519_1_1/18,"2022-03-16T13:54:34,066+0100",visu_pars.VisuCreationDate
20220316_124457_jrc220316_m33_week2_1519_1_1/19,"2022-03-16T13:58:14,112+0100",visu_pars.VisuCreationDate
20220316_124457_jrc220316_m33_week2_1519_1_1/2,"2022-03-16T13:06:25,990+0100",visu_pars.VisuCreationDate
20220316_124457_jrc220316_m33_week2_1519_1_1/20,"2022-03-16T14:01:54,300+0100",visu_pars.VisuCreationDate
20220316_124457_jrc220316_m33_week2_1519_1_1/6,"2022-03-16T13:12:50,689+0100",visu_pars.VisuCreationDate
20220316_124457_jrc220316_m33_week2_1519_1_1/7,"2022-03-16T13:16:36,271+0100",visu_pars.VisuCreationDate
20220316_124457_jrc220316_m33_week2_1519_1_1/8,"2022-03-16T13:14:57,946+0100",visu_pars.VisuCreationDate
20220316_124457_jrc220316_m33_week2_1519_1_1/9,"2022-03-16T13:21:06,775+0100",visu_pars.VisuCreationDate
20220316_145636_jrc220316_m34_week2_1519_1_1/1,"2022-03-16T15:07:49,403+0100",visu_pars.VisuCreationDate
20220316_145636_jrc220316_m34_week2_1519_1_1/10,"2022-03-16T15:25:44,623+0100",visu_pars.VisuCreationDate
20220316_145636_jrc220316_m34_week2_1519_1_1/11,"2022-03-16T15:29:24,782+0100",visu_pars.VisuCreationDate
20220316_145636_jrc220316_m34_week2_1519_1_1/12,"2022-03-16T15:33:04,861+0100",visu_pars.VisuCreationDate
20220316_145636_jrc220316_m34_week2_1519_1_1/13,"2022-03-16T15:36:44,914+0100",visu_pars.VisuCreationDate
20220316_145636_jrc220316_m34_week2_1519_1_1/14,"2022-03-16T15:40:25,320+0100",visu_pars.VisuCreationDate
20220316_145636_jrc220316_m34_week2_1519_1_1/15,"2022-03-16T15:44:05,822+0100",visu_pars.VisuCreationDate
20220316_145636_jrc220316_m34_week2_1519_1_1/16,"2022-03-16T15:47:46,237+0100",visu_pars.VisuCreationDate
20220316_145636_jrc220316_m34_week2_1519_1_1/17,"2022-03-16T15:51:26,489+0100",visu_pars.VisuCreationDate
20220316_145636_jrc220316_m34_week2_1519_1_1/18,"2022-03-16T15:55:06,834+0100",visu_pars.VisuCreationDate
20220316_145636_jrc220316_m34_week2_1519_1_1/19,"2022-03-16T15:58:47,182+0100",visu_pars.VisuCreationDate
20220316_145636_jrc220316_m34_week2_1519_1_1/2,"2022-03-16T15:09:11,747+0100",visu_pars.VisuCreationDate
20220316_145636_jrc220316_m34_week2_1519_1_1/4,"2022-03-16T15:12:00,177+0100",visu_pars.VisuCreationDate
20220316_145636_jrc220316_m34_week2_1519_1_1/6,"2022-03-16T15:17:58,674+0100",visu_pars.VisuCreationDate
20220316_145636_jrc220316_m34_week2_1519_1_1/7,"2022-03-16T15:14:06,127+0100",visu_pars.VisuCreationDate
20220316_145636_jrc220316_m34_week2_1519_1_1/8,"2022-03-16T15:22:04,637+0100",visu_pars.VisuCreationDate
20220316_155459_jrc220316_m35_week2_1519_1_1/10,"2022-03-16T16:27:34,394+0100",visu_pars.VisuCreationDate
20220316_155459_jrc220316_m35_week2_1519_1_1/11,"2022-03-16T16:31:14,441+0100",visu_pars.VisuCreationDate
20220316_155459_jrc220316_m35_week2_1519_1_1/12,"2022-03-16T16:34:54,986+0100",visu_pars.VisuCreationDate
20220316_155459_jrc220316_m35_week2_1519_1_1/13,"2022-03-16T16:38:34,812+0100",visu_pars.VisuCreationDate
20220316_155459_jrc220316_m35_week2_1519_1_1/14,"2022-03-16T16:42:15,263+0100",visu_pars.VisuCreationDate
20220316_155459_jrc220316_m35_week2_1519_1_1/15,"2022-03-16T16:45:55,361+0100",visu_pars.VisuCreationDate
20220316_155459_jrc220316_m35_week2_1519_1_1/16,"2022-03-16T16:49:35,545+0100",visu_pars.VisuCreationDate
20220316_155459_jrc220316_m35_week2_1519_1_1/17,"2022-03-16T16:53:15,757+0100",visu_pars.VisuCreationDate
20220316_155459_jrc220316_m35_week2_1519_1_1/18,"2022-03-16T16:56:55,728+0100",visu_pars.VisuCreationDate
20220316_155459_jrc220316_m35_week2_1519_1_1/19,"2022-03-16T17:00:35,876+0100",visu_pars.VisuCreationDate
20220316_155459_jrc220316_m35_week2_1519_1_1/5,"2022-03-16T16:15:01,624+0100",visu_pars.VisuCreationDate
20220316_155459_jrc220316_m35_week2_1519_1_1/6,"2022-03-16T16:16:21,143+0100",visu_pars.VisuCreationDate
20220316_155459_jrc220316_m35_week2_1519_1_1/7,"2022-03-16T16:17:44,179+0100",visu_pars.VisuCreationDate
20220316_155459_jrc220316_m35_week2_1519_1_1/8,"2022-03-16T16:19:25,338+0100",visu_pars.VisuCreationDate
20220316_155459_jrc220316_m35_week2_1519_1_1/9,"2022-03-16T16:23:07,085+0100",visu_pars.VisuCreationDate
20220318_130523_jrc220318_m36_week2_1519_1_1/10,"2022-03-18T13:38:42,596+0100",visu_pars.VisuCreationDate
20220318_130523_jrc220318_m36_week2_1519_1_1/11,"2022-03-18T13:42:22,956+0100",visu_pars.VisuCreationDate
20220318_130523_jrc220318_m36_week2_1519_1_1/12,"2022-03-18T13:46:02,912+0100",visu_pars.VisuCreationDate
20220318_130523_jrc220318_m36_week2_1519_1_1/13,"2022-03-18T13:49:42,737+0100",visu_pars.VisuCreationDate
20220318_130523_jrc220318_m36_week2_1519_1_1/14,"2022-03-18T13:53:22,634+0100",visu_pars.VisuCreationDate
20220318_130523_jrc220318_m36_week2_1519_1_1/15,"2022-03-18T13:57:02,637+0100",visu_pars.VisuCreationDate
20220318_130523_jrc220318_m36_week2_1519_1_1/16,"2022-03-18T14:00:42,809+0100",visu_pars.VisuCreationDate
20220318_130523_jrc220318_m36_week2_1519_1_1/17,"2022-03-18T14:04:22,959+0100",visu_pars.VisuCreationDate
20220318_130523_jrc220318_m36_week2_1519_1_1/18,"2022-03-18T14:08:03,098+0100",visu_pars.VisuCreationDate
20220318_130523_jrc220318_m36_week2_1519_1_1/19,"2022-03-18T14:11:43,180+0100",visu_pars.VisuCreationDate
20220318_130523_jrc220318_m36_week2_1519_1_1/2,"2022-03-18T13:21:17,510+0100",visu_pars.VisuCreationDate
20220318_130523_jrc220318_m36_week2_1519_1_1/4,"2022-03-18T13:23:00,493+0100",visu_pars.VisuCreationDate
20220318_130523_jrc220318_m36_week2_1519_1_1/6,"2022-03-18T13:25:45,804+0100",visu_pars.VisuCreationDate
20220318_130523_jrc220318_m36_week2_1519_1_1/7,"2022-03-18T13:27:17,950+0100",visu_pars.VisuCreationDate
20220318_130523_jrc220318_m36_week2_1519_1_1/8,"2022-03-18T13:31:12,420+0100",visu_pars.VisuCreationDate
20220318_130523_jrc220318_m36_week2_1519_1_1/9,"2022-03-18T13:35:02,676+0100",visu_pars.VisuCreationDate
20220322_081851_jrc220322_m29_week3_1519_1_1/1,"2022-03-22T08:51:17,862+0100",visu_pars.VisuCreationDate
20220322_081851_jrc220322_m29_week3_1519_1_1/10,"2022-03-22T09:06:49,678+0100",visu_pars.VisuCreationDate
20220322_081851_jrc220322_m29_week3_1519_1_1/11,"2022-03-22T09:03:08,193+0100",visu_pars.VisuCreationDate
20220322_081851_jrc220322_m29_week3_1519_1_1/12,"2022-03-22T09:11:51,751+0100",visu_pars.VisuCreationDate
20220322_081851_jrc220322_m29_week3_1519_1_1/13,"2022-03-22T09:15:32,278+0100",visu_pars.VisuCreationDate
20220322_081851_jrc220322_m29_week3_1519_1_1/14,"2022-03-22T09:23:41,609+0100",visu_pars.VisuCreationDate
20220322_081851_jrc220322_m29_week3_1519_1_1/15,"2022-03-22T09:27:22,423+0100",visu_pars.VisuCreationDate
20220322_081851_jrc220322_m29_week3_1519_1_1/16,"2022-03-22T09:31:03,041+0100",visu_pars.VisuCreationDate
20220322_081851_jrc220322_m29_week3_1519_1_1/17,"2022-03-22T09:34:43,619+0100",visu_pars.VisuCreationDate
20220322_081851_jrc220322_m29_week3_1519_1_1/18,"2022-03-22T09:38:24,496+0100",visu_pars.VisuCreationDate
20220322_081851_jrc220322_m29_week3_1519_1_1/19,"2022-03-22T09:42:05,329+0100",visu_pars.VisuCreationDate
20220322_081851_jrc220322_m29_week3_1519_1_1/20,"2022-03-22T09:45:46,118+0100",visu_pars.VisuCreationDate
20220322_081851_jrc220322_m29_week3_1519_1_1/21,"2022-03-22T09:20:01,437+0100",visu_pars.VisuCreationDate
20220322_081851_jrc220322_m29_week3_1519_1_1/7,"2022-03-22T08:59:11,142+0100",visu_pars.VisuCreationDate
20220322_081851_jrc220322_m29_week3_1519_1_1/8,"2022-03-22T09:00:48,925+0100",visu_pars.VisuCreationDate
20220322_094448_jrc220322_m30_week3_1519_1_1/1,"2022-03-22T09:54:23,666+0100",visu_pars.VisuCreationDate
20220322_094448_jrc220322_m30_week3_1519_1_1/10,"2022-03-22T10:22:41,449+0100",visu_pars.VisuCreationDate
20220322_094448_jrc220322_m30_week3_1519_1_1/11,"2022-03-22T10:26:21,663+0100",visu_pars.VisuCreationDate
20220322_094448_jrc220322_m30_week3_1519_1_1/12,"2022-03-22T10:30:02,004+0100",visu_pars.VisuCreationDate
20220322_094448_jrc220322_m30_week3_1519_1_1/13,"2022-03-22T10:33:42,125+0100",visu_pars.VisuCreationDate
20220322_094448_jrc220322_m30_week3_1519_1_1/14,"2022-03-22T10:37:22,356+0100",visu_pars.VisuCreationDate
20220322_094448_jrc220322_m30_week3_1519_1_1/15,"2022-03-22T10:41:02,538+0100",visu_pars.VisuCreationDate
20220322_094448_jrc220322_m30_week3_1519_1_1/16,"2022-03-22T10:44:42,988+0100",visu_pars.VisuCreationDate
20220322_094448_jrc220322_m30_week3_1519_1_1/2,"2022-03-22T09:56:23,469+0100",visu_pars.VisuCreationDate
20220322_094448_jrc220322_m30_week3_1519_1_1/3,"2022-03-22T09:58:03,399+0100",visu_pars.VisuCreationDate
20220322_094448_jrc220322_m30_week3_1519_1_1/4,"2022-03-22T09:59:49,952+0100",visu_pars.VisuCreationDate
20220322_094448_jrc220322_m30_week3_1519_1_1/5,"2022-03-22T10:03:31,877+0100",visu_pars.VisuCreationDate
20220322_094448_jrc220322_m30_week3_1519_1_1/6,"2022-03-22T10:08:01,384+0100",visu_pars.VisuCreationDate
20220322_094448_jrc220322_m30_week3_1519_1_1/7,"2022-03-22T10:11:41,408+0100",visu_pars.VisuCreationDate
20220322_094448_jrc220322_m30_week3_1519_1_1/8,"2022-03-22T10:15:21,319+0100",visu_pars.VisuCreationDate
20220322_094448_jrc220322_m30_week3_1519_1_1/9,"2022-03-22T10:19:01,189+0100",visu_pars.VisuCreationDate
20220322_104001_jrc220322_m31_week3_1519_1_1/10,"2022-03-22T11:19:01,918+0100",visu_pars.VisuCreationDate
20220322_104001_jrc220322_m31_week3_1519_1_1/11,"2022-03-22T11:22:41,993+0100",visu_pars.VisuCreationDate
20220322_104001_jrc220322_m31_week3_1519_1_1/12,"2022-03-22T11:26:21,976+0100",visu_pars.VisuCreationDate
20220322_104001_jrc220322_m31_week3_1519_1_1/13,"2022-03-22T11:30:02,140+0100",visu_pars.VisuCreationDate
20220322_104001_jrc220322_m31_week3_1519_1_1/14,"2022-03-22T11:33:42,188+0100",visu_pars.VisuCreationDate
20220322_104001_jrc220322_m31_week3_1519_1_1/15,"2022-03-22T11:37:22,295+0100",visu_pars.VisuCreationDate
20220322_104001_jrc220322_m31_week3_1519_1_1/16,"2022-03-22T11:41:02,362+0100",visu_pars.VisuCreationDate
20220322_104001_jrc220322_m31_week3_1519_1_1/17,"2022-03-22T11:44:42,693+0100",visu_pars.VisuCreationDate
20220322_104001_jrc220322_m31_week3_1519_1_1/18,"2022-03-22T11:48:47,951+0100",visu_pars.VisuCreationDate
20220322_104001_jrc220322_m31_week3_1519_1_1/3,"2022-03-22T10:57:12,340+0100",visu_pars.VisuCreationDate
20220322_104001_jrc220322_m31_week3_1519_1_1/4,"2022-03-22T10:58:46,194+0100",visu_pars.VisuCreationDate
20220322_104001_jrc220322_m31_week3_1519_1_1/5,"2022-03-22T11:01:19,903+0100",visu_pars.VisuCreationDate
20220322_104001_jrc220322_m31_week3_1519_1_1/6,"2022-03-22T11:02:43,925+0100",visu_pars.VisuCreationDate
20220322_104001_jrc220322_m31_week3_1519_1_1/7,"2022-03-22T11:06:38,044+0100",visu_pars.VisuCreationDate
20220322_104001_jrc220322_m31_week3_1519_1_1/8,"2022-03-22T11:11:41,471+0100",visu_pars.VisuCreationDate
20220322_104001_jrc220322_m31_week3_1519_1_1/9,"2022-03-22T11:15:21,670+0100",visu_pars.VisuCreationDate
20220322_113907_jrc220322_m32_week3_1519_1_1/10,"2022-03-22T12:20:23,954+0100",visu_pars.VisuCreationDate
20220322_113907_jrc220322_m32_week3_1519_1_1/11,"2022-03-22T12:24:03,997+0100",visu_pars.VisuCreationDate
20220322_113907_jrc220322_m32_week3_1519_1_1/12,"2022-03-22T12:27:44,154+0100",visu_pars.VisuCreationDate
20220322_113907_jrc220322_m32_week3_1519_1_1/13,"2022-03-22T12:31:24,161+0100",visu_pars.VisuCreationDate
20220322_113907_jrc220322_m32_week3_1519_1_1/14,"2022-03-22T12:35:04,533+0100",visu_pars.VisuCreationDate
20220322_113907_jrc220322_m32_week3_1519_1_1/15,"2022-03-22T12:38:44,580+0100",visu_pars.VisuCreationDate
20220322_113907_jrc220322_m32_week3_1519_1_1/16,"2022-03-22T12:42:24,857+0100",visu_pars.VisuCreationDate
20220322_113907_jrc220322_m32_week3_1519_1_1/17,"2022-03-22T12:46:05,039+0100",visu_pars.VisuCreationDate
20220322_113907_jrc220322_m32_week3_1519_1_1/18,"2022-03-22T12:49:45,378+0100",visu_pars.VisuCreationDate
20220322_113907_jrc220322_m32_week3_1519_1_1/19,"2022-03-22T12:53:25,700+0100",visu_pars.VisuCreationDate
20220322_113907_jrc220322_m32_week3_1519_1_1/2,"2022-03-22T12:00:27,295+0100",visu_pars.VisuCreationDate
20220322_113907_jrc220322_m32_week3_1519_1_1/3,"2022-03-22T12:01:49,053+0100",visu_pars.VisuCreationDate
20220322_113907_jrc220322_m32_week3_1519_1_1/4,"2022-03-22T12:03:27,890+0100",visu_pars.VisuCreationDate
20220322_113907_jrc220322_m32_week3_1519_1_1/6,"2022-03-22T12:09:07,026+0100",visu_pars.VisuCreationDate
20220322_113907_jrc220322_m32_week3_1519_1_1/7,"2022-03-22T12:05:25,271+0100",visu_pars.VisuCreationDate
20220322_113907_jrc220322_m32_week3_1519_1_1/8,"2022-03-22T12:13:02,323+0100",visu_pars.VisuCreationDate
20220322_113907_jrc220322_m32_week3_1519_1_1/9,"2022-03-22T12:16:43,663+0100",visu_pars.VisuCreationDate
20220323_090445_jrc220323_m33_week3_1519_1_1/10,"2022-03-23T09:30:41,224+0100",visu_pars.VisuCreationDate
20220323_090445_jrc220323_m33_week3_1519_1_1/11,"2022-03-23T09:34:21,374+0100",visu_pars.VisuCreationDate
20220323_090445_jrc220323_m33_week3_1519_1_1/12,"2022-03-23T09:38:01,826+0100",visu_pars.VisuCreationDate
20220323_090445_jrc220323_m33_week3_1519_1_1/13,"2022-03-23T09:41:41,936+0100",visu_pars.VisuCreationDate
20220323_090445_jrc220323_m33_week3_1519_1_1/14,"2022-03-23T09:45:22,217+0100",visu_pars.VisuCreationDate
20220323_090445_jrc220323_m33_week3_1519_1_1/15,"2022-03-23T09:49:02,107+0100",visu_pars.VisuCreationDate
20220323_090445_jrc220323_m33_week3_1519_1_1/16,"2022-03-23T09:52:42,491+0100",visu_pars.VisuCreationDate
20220323_090445_jrc220323_m33_week3_1519_1_1/17,"2022-03-23T09:56:22,591+0100",visu_pars.VisuCreationDate
20220323_090445_jrc220323_m33_week3_1519_1_1/18,"2022-03-23T10:00:02,917+0100",visu_pars.VisuCreationDate
20220323_090445_jrc220323_m33_week3_1519_1_1/19,"2022-03-23T10:03:43,196+0100",visu_pars.VisuCreationDate
20220323_090445_jrc220323_m33_week3_1519_1_1/3,"2022-03-23T09:14:44,775+0100",visu_pars.VisuCreationDate
20220323_090445_jrc220323_m33_week3_1519_1_1/4,"2022-03-23T09:16:08,502+0100",visu_pars.VisuCreationDate
20220323_090445_jrc220323_m33_week3_1519_1_1/5,"2022-03-23T09:17:34,277+0100",visu_pars.VisuCreationDate
20220323_090445_jrc220323_m33_week3_1519_1_1/6,"2022-03-23T09:19:06,039+0100",visu_pars.VisuCreationDate
20220323_090445_jrc220323_m33_week3_1519_1_1/7,"2022-03-23T09:22:47,640+0100",visu_pars.VisuCreationDate
20220323_090445_jrc220323_m33_week3_1519_1_1/9,"2022-03-23T09:27:00,989+0100",visu_pars.VisuCreationDate
20220323_100031_jrc220323_m34_week3_1519_1_1/1,"2022-03-23T10:20:53,133+0100",visu_pars.VisuCreationDate
20220323_100031_jrc220323_m34_week3_1519_1_1/10,"2022-03-23T10:53:35,138+0100",visu_pars.VisuCreationDate
20220323_100031_jrc220323_m34_week3_1519_1_1/11,"2022-03-23T10:57:15,797+0100",visu_pars.VisuCreationDate
20220323_100031_jrc220323_m34_week3_1519_1_1/12,"2022-03-23T11:00:56,084+0100",visu_pars.VisuCreationDate
20220323_100031_jrc220323_m34_week3_1519_1_1/13,"2022-03-23T11:04:36,128+0100",visu_pars.VisuCreationDate
20220323_100031_jrc220323_m34_week3_1519_1_1/14,"2022-03-23T11:08:16,424+0100",visu_pars.VisuCreationDate
20220323_100031_jrc220323_m34_week3_1519_1_1/15,"2022-03-23T11:11:56,755+0100",visu_pars.VisuCreationDate
20220323_100031_jrc220323_m34_week3_1519_1_1/16,"2022-03-23T11:15:36,985+0100",visu_pars.VisuCreationDate
20220323_100031_jrc220323_m34_week3_1519_1_1/17,"2022-03-23T11:19:16,994+0100",visu_pars.VisuCreationDate
20220323_100031_jrc220323_m34_week3_1519_1_1/18,"2022-03-23T11:22:57,231+0100",visu_pars.VisuCreationDate
20220323_100031_jrc220323_m34_week3_1519_1_1/19,"2022-03-23T10:46:14,569+0100",visu_pars.VisuCreationDate
20220323_100031_jrc220323_m34_week3_1519_1_1/20,"2022-03-23T11:41:19,978+0100",visu_pars.VisuCreationDate
20220323_100031_jrc220323_m34_week3_1519_1_1/21,"2022-03-23T11:44:09,555+0100",visu_pars.VisuCreationDate
20220323_100031_jrc220323_m34_week3_1519_1_1/22,"2022-03-23T11:47:21,273+0100",visu_pars.VisuCreationDate
20220323_100031_jrc220323_m34_week3_1519_1_1/23,"2022-03-23T11:52:42,312+0100",visu_pars.VisuCreationDate
20220323_100031_jrc220323_m34_week3_1519_1_1/24,"2022-03-23T11:58:14,912+0100",visu_pars.VisuCreationDate
20220323_100031_jrc220323_m34_week3_1519_1_1/25,"2022-03-23T12:07:35,626+0100",visu_pars.VisuCreationDate
20220323_100031_jrc220323_m34_week3_1519_1_1/26,"2022-03-23T12:14:53,682+0100",visu_pars.VisuCreationDate
20220323_100031_jrc220323_m34_week3_1519_1_1/27,"2022-03-23T12:21:39,675+0100",visu_pars.VisuCreationDate
20220323_100031_jrc220323_m34_week3_1519_1_1/28,"2022-03-23T12:28:29,833+0100",visu_pars.VisuCreationDate
20220323_100031_jrc220323_m34_week3_1519_1_1/29,"2022-03-23T12:36:44,122+0100",visu_pars.VisuCreationDate
20220323_100031_jrc220323_m34_week3_1519_1_1/3,"2022-03-23T10:24:45,055+0100",visu_pars.VisuCreationDate
20220323_100031_jrc220323_m34_week3_1519_1_1/30,"2022-03-23T12:45:28,297+0100",visu_pars.VisuCreationDate
20220323_100031_jrc220323_m34_week3_1519_1_1/4,"2022-03-23T10:26:47,213+0100",visu_pars.VisuCreationDate
20220323_100031_jrc220323_m34_week3_1519_1_1/6,"2022-03-23T10:28:31,434+0100",visu_pars.VisuCreationDate
20220323_100031_jrc220323_m34_week3_1519_1_1/7,"2022-03-23T10:32:45,808+0100",visu_pars.VisuCreationDate
20220323_100031_jrc220323_m34_week3_1519_1_1/9,"2022-03-23T10:49:54,842+0100",visu_pars.VisuCreationDate
20220323_130054_jrc220323_m35_week3_1519_1_1/10,"2022-03-23T13:29:25,216+0100",visu_pars.VisuCreationDate
20220323_130054_jrc220323_m35_week3_1519_1_1/11,"2022-03-23T13:33:05,515+0100",visu_pars.VisuCreationDate
20220323_130054_jrc220323_m35_week3_1519_1_1/12,"2022-03-23T13:36:45,594+0100",visu_pars.VisuCreationDate
20220323_130054_jrc220323_m35_week3_1519_1_1/13,"2022-03-23T13:40:25,801+0100",visu_pars.VisuCreationDate
20220323_130054_jrc220323_m35_week3_1519_1_1/14,"2022-03-23T13:44:06,006+0100",visu_pars.VisuCreationDate
20220323_130054_jrc220323_m35_week3_1519_1_1/15,"2022-03-23T13:47:46,092+0100",visu_pars.VisuCreationDate
20220323_130054_jrc220323_m35_week3_1519_1_1/16,"2022-03-23T13:51:26,437+0100",visu_pars.VisuCreationDate
20220323_130054_jrc220323_m35_week3_1519_1_1/17,"2022-03-23T13:55:06,881+0100",visu_pars.VisuCreationDate
20220323_130054_jrc220323_m35_week3_1519_1_1/18,"2022-03-23T13:58:47,021+0100",visu_pars.VisuCreationDate
20220323_130054_jrc220323_m35_week3_1519_1_1/19,"2022-03-23T14:02:27,725+0100",visu_pars.VisuCreationDate
20220323_130054_jrc220323_m35_week3_1519_1_1/20,"2022-03-23T14:06:07,888+0100",visu_pars.VisuCreationDate
20220323_130054_jrc220323_m35_week3_1519_1_1/22,"2022-03-23T14:13:36,069+0100",visu_pars.VisuCreationDate
20220323_130054_jrc220323_m35_week3_1519_1_1/23,"2022-03-23T14:20:06,928+0100",visu_pars.VisuCreationDate
20220323_130054_jrc220323_m35_week3_1519_1_1/24,"2022-03-23T14:24:38,571+0100",visu_pars.VisuCreationDate
20220323_130054_jrc220323_m35_week3_1519_1_1/25,"2022-03-23T14:28:10,892+0100",visu_pars.VisuCreationDate
20220323_130054_jrc220323_m35_week3_1519_1_1/26,"2022-03-23T14:31:45,177+0100",visu_pars.VisuCreationDate
20220323_130054_jrc220323_m35_week3_1519_1_1/27,"2022-03-23T14:36:59,136+0100",visu_pars.VisuCreationDate
20220323_130054_jrc220323_m35_week3_1519_1_1/28,"2022-03-23T14:41:33,754+0100",visu_pars.VisuCreationDate
20220323_130054_jrc220323_m35_week3_1519_1_1/29,"2022-03-23T14:52:47,013+0100",visu_pars.VisuCreationDate
20220323_130054_jrc220323_m35_week3_1519_1_1/30,"2022-03-23T14:57:20,619+0100",visu_pars.VisuCreationDate
20220323_130054_jrc220323_m35_week3_1519_1_1/31,"2022-03-23T15:01:54,381+0100",visu_pars.VisuCreationDate
20220323_130054_jrc220323_m35_week3_1519_1_1/32,"2022-03-23T15:06:14,978+0100",visu_pars.VisuCreationDate
20220323_130054_jrc220323_m35_week3_1519_1_1/34,"2022-03-23T15:09:48,777+0100",visu_pars.VisuCreationDate
20220323_130054_jrc220323_m35_week3_1519_1_1/35,"2022-03-23T15:10:59,664+0100",visu_pars.VisuCreationDate
20220323_130054_jrc220323_m35_week3_1519_1_1/36,"2022-03-23T15:17:25,879+0100",visu_pars.VisuCreationDate
20220323_130054_jrc220323_m35_week3_1519_1_1/37,"2022-03-23T15:23:50,321+0100",visu_pars.VisuCreationDate
20220323_130054_jrc220323_m35_week3_1519_1_1/38,"2022-03-23T15:28:24,375+0100",visu_pars.VisuCreationDate
20220323_130054_jrc220323_m35_week3_1519_1_1/39,"2022-03-23T15:32:57,211+0100",visu_pars.VisuCreationDate
20220323_130054_jrc220323_m35_week3_1519_1_1/40,"2022-03-23T15:37:30,177+0100",visu_pars.VisuCreationDate
20220323_130054_jrc220323_m35_week3_1519_1_1/5,"2022-03-23T13:16:47,924+0100",visu_pars.VisuCreationDate
20220323_130054_jrc220323_m35_week3_1519_1_1/6,"2022-03-23T13:18:12,564+0100",visu_pars.VisuCreationDate
20220323_130054_jrc220323_m35_week3_1519_1_1/7,"2022-03-23T13:19:38,767+0100",visu_pars.VisuCreationDate
20220323_130054_jrc220323_m35_week3_1519_1_1/8,"2022-03-23T13:21:05,901+0100",visu_pars.VisuCreationDate
20220323_130054_jrc220323_m35_week3_1519_1_1/9,"2022-03-23T13:24:47,557+0100",visu_pars.VisuCreationDate
20220323_154044_jrc220323_m36_week3_1519_1_1/1,"2022-03-23T15:48:33,748+0100",visu_pars.VisuCreationDate
20220323_154044_jrc220323_m36_week3_1519_1_1/10,"2022-03-23T16:12:34,885+0100",visu_pars.VisuCreationDate
20220323_154044_jrc220323_m36_week3_1519_1_1/11,"2022-03-23T16:16:14,793+0100",visu_pars.VisuCreationDate
20220323_154044_jrc220323_m36_week3_1519_1_1/12,"2022-03-23T16:19:55,075+0100",visu_pars.VisuCreationDate
20220323_154044_jrc220323_m36_week3_1519_1_1/13,"2022-03-23T16:23:35,245+0100",visu_pars.VisuCreationDate
20220323_154044_jrc220323_m36_week3_1519_1_1/14,"2022-03-23T16:27:15,314+0100",visu_pars.VisuCreationDate
20220323_154044_jrc220323_m36_week3_1519_1_1/15,"2022-03-23T16:30:55,594+0100",visu_pars.VisuCreationDate
20220323_154044_jrc220323_m36_week3_1519_1_1/16,"2022-03-23T16:34:35,701+0100",visu_pars.VisuCreationDate
20220323_154044_jrc220323_m36_week3_1519_1_1/17,"2022-03-23T16:38:16,365+0100",visu_pars.VisuCreationDate
20220323_154044_jrc220323_m36_week3_1519_1_1/2,"2022-03-23T15:50:01,965+0100",visu_pars.VisuCreationDate
20220323_154044_jrc220323_m36_week3_1519_1_1/4,"2022-03-23T15:52:14,209+0100",visu_pars.VisuCreationDate
20220323_154044_jrc220323_m36_week3_1519_1_1/5,"2022-03-23T15:53:35,482+0100",visu_pars.VisuCreationDate
20220323_154044_jrc220323_m36_week3_1519_1_1/6,"2022-03-23T15:57:17,301+0100",visu_pars.VisuCreationDate
20220323_154044_jrc220323_m36_week3_1519_1_1/7,"2022-03-23T16:01:33,549+0100",visu_pars.VisuCreationDate
20220323_154044_jrc220323_m36_week3_1519_1_1/8,"2022-03-23T16:05:14,078+0100",visu_pars.VisuCreationDate
20220323_154044_jrc220323_m36_week3_1519_1_1/9,"2022-03-23T16:08:54,437+0100",visu_pars.VisuCreationDate
20220330_071329_jrc220330_m31_week4_1519_1_1/10,"2022-03-30T07:46:43,992+0200",visu_pars.VisuCreationDate
20220330_071329_jrc220330_m31_week4_1519_1_1/11,"2022-03-30T07:50:24,861+0200",visu_pars.VisuCreationDate
20220330_071329_jrc220330_m31_week4_1519_1_1/12,"2022-03-30T07:54:05,051+0200",visu_pars.VisuCreationDate
20220330_071329_jrc220330_m31_week4_1519_1_1/13,"2022-03-30T07:57:45,487+0200",visu_pars.VisuCreationDate
20220330_071329_jrc220330_m31_week4_1519_1_1/14,"2022-03-30T08:01:26,087+0200",visu_pars.VisuCreationDate
20220330_071329_jrc220330_m31_week4_1519_1_1/15,"2022-03-30T08:05:06,994+0200",visu_pars.VisuCreationDate
20220330_071329_jrc220330_m31_week4_1519_1_1/16,"2022-03-30T08:08:47,506+0200",visu_pars.VisuCreationDate
20220330_071329_jrc220330_m31_week4_1519_1_1/17,"2022-03-30T08:12:28,615+0200",visu_pars.VisuCreationDate
20220330_071329_jrc220330_m31_week4_1519_1_1/18,"2022-03-30T08:19:11,070+0200",visu_pars.VisuCreationDate
20220330_071329_jrc220330_m31_week4_1519_1_1/2,"2022-03-30T07:23:26,911+0200",visu_pars.VisuCreationDate
20220330_071329_jrc220330_m31_week4_1519_1_1/20,"2022-03-30T08:21:53,657+0200",visu_pars.VisuCreationDate
20220330_071329_jrc220330_m31_week4_1519_1_1/3,"2022-03-30T07:24:49,351+0200",visu_pars.VisuCreationDate
20220330_071329_jrc220330_m31_week4_1519_1_1/4,"2022-03-30T07:26:11,977+0200",visu_pars.VisuCreationDate
20220330_071329_jrc220330_m31_week4_1519_1_1/5,"2022-03-30T07:27:43,097+0200",visu_pars.VisuCreationDate
20220330_071329_jrc220330_m31_week4_1519_1_1/6,"2022-03-30T07:31:25,170+0200",visu_pars.VisuCreationDate
20220330_071329_jrc220330_m31_week4_1519_1_1/7,"2022-03-30T07:35:42,792+0200",visu_pars.VisuCreationDate
20220330_071329_jrc220330_m31_week4_1519_1_1/8,"2022-03-30T07:39:23,156+0200",visu_pars.VisuCreationDate
20220330_071329_jrc220330_m31_week4_1519_1_1/9,"2022-03-30T07:43:03,501+0200",visu_pars.VisuCreationDate
20220330_082524_jrc220330_m32_week4_1519_1_1/1,"2022-03-30T08:31:42,535+0200",visu_pars.VisuCreationDate
20220330_082524_jrc220330_m32_week4_1519_1_1/10,"2022-03-30T08:58:51,346+0200",visu_pars.VisuCreationDate
20220330_082524_jrc220330_m32_week4_1519_1_1/11,"2022-03-30T09:02:31,898+0200",visu_pars.VisuCreationDate
20220330_082524_jrc220330_m32_week4_1519_1_1/12,"2022-03-30T09:06:12,509+0200",visu_pars.VisuCreationDate
20220330_082524_jrc220330_m32_week4_1519_1_1/13,"2022-03-30T09:09:53,482+0200",visu_pars.VisuCreationDate
20220330_082524_jrc220330_m32_week4_1519_1_1/14,"2022-03-30T09:13:34,122+0200",visu_pars.VisuCreationDate
20220330_082524_jrc220330_m32_week4_1519_1_1/15,"2022-03-30T09:17:14,966+0200",visu_pars.VisuCreationDate
20220330_082524_jrc220330_m32_week4_1519_1_1/16,"2022-03-30T09:20:55,614+0200",visu_pars.VisuCreationDate
20220330_082524_jrc220330_m32_week4_1519_1_1/17,"2022-03-30T09:24:36,745+0200",visu_pars.VisuCreationDate
20220330_082524_jrc220330_m32_week4_1519_1_1/18,"2022-03-30T09:25:49,238+0200",visu_pars.VisuCreationDate
20220330_082524_jrc220330_m32_week4_1519_1_1/2,"2022-03-30T08:33:05,253+0200",visu_pars.VisuCreationDate
20220330_082524_jrc220330_m32_week4_1519_1_1/3,"2022-03-30T08:34:40,120+0200",visu_pars.VisuCreationDate
20220330_082524_jrc220330_m32_week4_1519_1_1/4,"2022-03-30T08:36:21,203+0200",visu_pars.VisuCreationDate
20220330_082524_jrc220330_m32_week4_1519_1_1/5,"2022-03-30T08:40:09,060+0200",visu_pars.VisuCreationDate
20220330_082524_jrc220330_m32_week4_1519_1_1/6,"2022-03-30T08:44:08,734+0200",visu_pars.VisuCreationDate
20220330_082524_jrc220330_m32_week4_1519_1_1/7,"2022-03-30T08:47:49,513+0200",visu_pars.VisuCreationDate
20220330_082524_jrc220330_m32_week4_1519_1_1/8,"2022-03-30T08:51:29,872+0200",visu_pars.VisuCreationDate
20220330_082524_jrc220330_m32_week4_1519_1_1/9,"2022-03-30T08:55:10,732+0200",visu_pars.VisuCreationDate
20220330_093108_jrc220330_m29_week4_1519_1_1/1,"2022-03-30T09:37:41,838+0200",visu_pars.VisuCreationDate
20220330_093108_jrc220330_m29_week4_1519_1_1/10,"2022-03-30T10:04:13,603+0200",visu_pars.VisuCreationDate
20220330_093108_jrc220330_m29_week4_1519_1_1/11,"2022-03-30T10:07:54,275+0200",visu_pars.VisuCreationDate
20220330_093108_jrc220330_m29_week4_1519_1_1/12,"2022-03-30T10:11:35,240+0200",visu_pars.VisuCreationDate
20220330_093108_jrc220330_m29_week4_1519_1_1/13,"2022-03-30T10:15:15,672+0200",visu_pars.VisuCreationDate
20220330_093108_jrc220330_m29_week4_1519_1_1/14,"2022-03-30T10:18:56,680+0200",visu_pars.VisuCreationDate
20220330_093108_jrc220330_m29_week4_1519_1_1/15,"2022-03-30T10:22:37,502+0200",visu_pars.VisuCreationDate
20220330_093108_jrc220330_m29_week4_1519_1_1/16,"2022-03-30T10:26:18,054+0200",visu_pars.VisuCreationDate
20220330_093108_jrc220330_m29_week4_1519_1_1/17,"2022-03-30T10:29:58,379+0200",visu_pars.VisuCreationDate
20220330_093108_jrc220330_m29_week4_1519_1_1/18,"2022-03-30T10:31:10,574+0200",visu_pars.VisuCreationDate
20220330_093108_jrc220330_m29_week4_1519_1_1/2,"2022-03-30T09:39:07,097+0200",visu_pars.VisuCreationDate
20220330_093108_jrc220330_m29_week4_1519_1_1/3,"2022-03-30T09:40:47,901+0200",visu_pars.VisuCreationDate
20220330_093108_jrc220330_m29_week4_1519_1_1/5,"2022-03-30T09:49:15,926+0200",visu_pars.VisuCreationDate
20220330_093108_jrc220330_m29_week4_1519_1_1/7,"2022-03-30T09:43:19,366+0200",visu_pars.VisuCreationDate
20220330_093108_jrc220330_m29_week4_1519_1_1/8,"2022-03-30T09:56:52,801+0200",visu_pars.VisuCreationDate
20220330_093108_jrc220330_m29_week4_1519_1_1/9,"2022-03-30T10:00:33,050+0200",visu_pars.VisuCreationDate
20220330_102808_jrc220330_m30_week4_1519_1_1/10,"2022-03-30T10:58:11,456+0200",visu_pars.VisuCreationDate
20220330_102808_jrc220330_m30_week4_1519_1_1/11,"2022-03-30T11:01:51,953+0200",visu_pars.VisuCreationDate
20220330_102808_jrc220330_m30_week4_1519_1_1/12,"2022-03-30T11:05:32,477+0200",visu_pars.VisuCreationDate
20220330_102808_jrc220330_m30_week4_1519_1_1/13,"2022-03-30T11:09:13,245+0200",visu_pars.VisuCreationDate
20220330_102808_jrc220330_m30_week4_1519_1_1/14,"2022-03-30T11:12:54,506+0200",visu_pars.VisuCreationDate
20220330_102808_jrc220330_m30_week4_1519_1_1/15,"2022-03-30T11:16:35,801+0200",visu_pars.VisuCreationDate
20220330_102808_jrc220330_m30_week4_1519_1_1/16,"2022-03-30T11:20:16,987+0200",visu_pars.VisuCreationDate
20220330_102808_jrc220330_m30_week4_1519_1_1/17,"2022-03-30T11:23:57,958+0200",visu_pars.VisuCreationDate
20220330_102808_jrc220330_m30_week4_1519_1_1/18,"2022-03-30T11:27:38,864+0200",visu_pars.VisuCreationDate
20220330_102808_jrc220330_m30_week4_1519_1_1/19,"2022-03-30T11:31:19,906+0200",visu_pars.VisuCreationDate
20220330_102808_jrc220330_m30_week4_1519_1_1/21,"2022-03-30T11:32:32,664+0200",visu_pars.VisuCreationDate
20220330_102808_jrc220330_m30_week4_1519_1_1/22,"2022-03-30T11:34:56,755+0200",visu_pars.VisuCreationDate
20220330_102808_jrc220330_m30_week4_1519_1_1/4,"2022-03-30T10:42:47,611+0200",visu_pars.VisuCreationDate
20220330_102808_jrc220330_m30_week4_1519_1_1/5,"2022-03-30T10:44:11,670+0200",visu_pars.VisuCreationDate
20220330_102808_jrc220330_m30_week4_1519_1_1/6,"2022-03-30T10:45:32,997+0200",visu_pars.VisuCreationDate
20220330_102808_jrc220330_m30_week4_1519_1_1/7,"2022-03-30T10:46:55,607+0200",visu_pars.VisuCreationDate
20220330_102808_jrc220330_m30_week4_1519_1_1/8,"2022-03-30T10:50:37,744+0200",visu_pars.VisuCreationDate
20220330_102808_jrc220330_m30_week4_1519_1_1/9,"2022-03-30T10:54:31,166+0200",visu_pars.VisuCreationDate
20220330_113631_jrc220330_m33_week4_1519_1_1/10,"2022-03-30T12:09:53,263+0200",visu_pars.VisuCreationDate
20220330_113631_jrc220330_m33_week4_1519_1_1/11,"2022-03-30T12:13:33,795+0200",visu_pars.VisuCreationDate
20220330_113631_jrc220330_m33_week4_1519_1_1/12,"2022-03-30T12:17:14,762+0200",visu_pars.VisuCreationDate
20220330_113631_jrc220330_m33_week4_1519_1_1/13,"2022-03-30T12:20:55,475+0200",visu_pars.VisuCreationDate
20220330_113631_jrc220330_m33_week4_1519_1_1/14,"2022-03-30T12:24:36,120+0200",visu_pars.VisuCreationDate
20220330_113631_jrc220330_m33_week4_1519_1_1/15,"2022-03-30T12:28:16,414+0200",visu_pars.VisuCreationDate
20220330_113631_jrc220330_m33_week4_1519_1_1/16,"2022-03-30T12:31:56,967+0200",visu_pars.VisuCreationDate
20220330_113631_jrc220330_m33_week4_1519_1_1/17,"2022-03-30T12:35:37,717+0200",visu_pars.VisuCreationDate
20220330_113631_jrc220330_m33_week4_1519_1_1/18,"2022-03-30T12:36:50,215+0200",visu_pars.VisuCreationDate
20220330_113631_jrc220330_m33_week4_1519_1_1/19,"2022-03-30T12:38:00,524+0200",visu_pars.VisuCreationDate
20220330_113631_jrc220330_m33_week4_1519_1_1/2,"2022-03-30T11:45:52,373+0200",visu_pars.VisuCreationDate
20220330_113631_jrc220330_m33_week4_1519_1_1/3,"2022-03-30T11:47:14,580+0200",visu_pars.VisuCreationDate
20220330_113631_jrc220330_m33_week4_1519_1_1/4,"2022-03-30T11:48:36,219+0200",visu_pars.VisuCreationDate
20220330_113631_jrc220330_m33_week4_1519_1_1/5,"2022-03-30T11:50:01,134+0200",visu_pars.VisuCreationDate
20220330_113631_jrc220330_m33_week4_1519_1_1/6,"2022-03-30T11:54:06,668+0200",visu_pars.VisuCreationDate
20220330_113631_jrc220330_m33_week4_1519_1_1/7,"2022-03-30T11:58:51,284+0200",visu_pars.VisuCreationDate
20220330_113631_jrc220330_m33_week4_1519_1_1/8,"2022-03-30T12:02:31,864+0200",visu_pars.VisuCreationDate
20220330_113631_jrc220330_m33_week4_1519_1_1/9,"2022-03-30T12:06:12,395+0200",visu_pars.VisuCreationDate
20220330_123941_jrc220330_m34_week4_1519_1_1/10,"2022-03-30T13:11:38,958+0200",visu_pars.VisuCreationDate
20220330_123941_jrc220330_m34_week4_1519_1_1/11,"2022-03-30T13:15:19,951+0200",visu_pars.VisuCreationDate
20220330_123941_jrc220330_m34_week4_1519_1_1/12,"2022-03-30T13:19:00,772+0200",visu_pars.VisuCreationDate
20220330_123941_jrc220330_m34_week4_1519_1_1/13,"2022-03-30T13:22:41,182+0200",visu_pars.VisuCreationDate
20220330_123941_jrc220330_m34_week4_1519_1_1/14,"2022-03-30T13:26:22,031+0200",visu_pars.VisuCreationDate
20220330_123941_jrc220330_m34_week4_1519_1_1/15,"2022-03-30T13:30:02,500+0200",visu_pars.VisuCreationDate
20220330_123941_jrc220330_m34_week4_1519_1_1/16,"2022-03-30T13:37:24,105+0200",visu_pars.VisuCreationDate
20220330_123941_jrc220330_m34_week4_1519_1_1/17,"2022-03-30T13:41:04,723+0200",visu_pars.VisuCreationDate
20220330_123941_jrc220330_m34_week4_1519_1_1/18,"2022-03-30T13:44:45,261+0200",visu_pars.VisuCreationDate
20220330_123941_jrc220330_m34_week4_1519_1_1/19,"2022-03-30T13:33:43,180+0200",visu_pars.VisuCreationDate
20220330_123941_jrc220330_m34_week4_1519_1_1/2,"2022-03-30T12:53:39,425+0200",visu_pars.VisuCreationDate
20220330_123941_jrc220330_m34_week4_1519_1_1/20,"2022-03-30T13:45:57,540+0200",visu_pars.VisuCreationDate
20220330_123941_jrc220330_m34_week4_1519_1_1/21,"2022-03-30T13:47:08,063+0200",visu_pars.VisuCreationDate
20220330_123941_jrc220330_m34_week4_1519_1_1/4,"2022-03-30T12:50:21,703+0200",visu_pars.VisuCreationDate
20220330_123941_jrc220330_m34_week4_1519_1_1/5,"2022-03-30T12:52:06,300+0200",visu_pars.VisuCreationDate
20220330_123941_jrc220330_m34_week4_1519_1_1/6,"2022-03-30T12:55:31,559+0200",visu_pars.VisuCreationDate
20220330_123941_jrc220330_m34_week4_1519_1_1/7,"2022-03-30T12:59:30,702+0200",visu_pars.VisuCreationDate
20220330_123941_jrc220330_m34_week4_1519_1_1/8,"2022-03-30T13:04:17,882+0200",visu_pars.VisuCreationDate
20220330_123941_jrc220330_m34_week4_1519_1_1/9,"2022-03-30T13:07:58,573+0200",visu_pars.VisuCreationDate
20220330_141755_jrc220330_m35_week4_1519_1_1/1,"2022-03-30T14:27:30,184+0200",visu_pars.VisuCreationDate
20220330_141755_jrc220330_m35_week4_1519_1_1/10,"2022-03-30T14:54:10,628+0200",visu_pars.VisuCreationDate
20220330_141755_jrc220330_m35_week4_1519_1_1/11,"2022-03-30T14:57:51,307+0200",visu_pars.VisuCreationDate
20220330_141755_jrc220330_m35_week4_1519_1_1/12,"2022-03-30T15:01:31,937+0200",visu_pars.VisuCreationDate
20220330_141755_jrc220330_m35_week4_1519_1_1/13,"2022-03-30T15:05:12,444+0200",visu_pars.VisuCreationDate
20220330_141755_jrc220330_m35_week4_1519_1_1/14,"2022-03-30T15:08:53,332+0200",visu_pars.VisuCreationDate
20220330_141755_jrc220330_m35_week4_1519_1_1/15,"2022-03-30T15:12:33,956+0200",visu_pars.VisuCreationDate
20220330_141755_jrc220330_m35_week4_1519_1_1/16,"2022-03-30T15:16:14,659+0200",visu_pars.VisuCreationDate
20220330_141755_jrc220330_m35_week4_1519_1_1/17,"2022-03-30T15:19:55,409+0200",visu_pars.VisuCreationDate
20220330_141755_jrc220330_m35_week4_1519_1_1/18,"2022-03-30T15:21:07,891+0200",visu_pars.VisuCreationDate
20220330_141755_jrc220330_m35_week4_1519_1_1/19,"2022-03-30T15:22:17,811+0200",visu_pars.VisuCreationDate
20220330_141755_jrc220330_m35_week4_1519_1_1/2,"2022-03-30T14:29:02,781+0200",visu_pars.VisuCreationDate
20220330_141755_jrc220330_m35_week4_1519_1_1/3,"2022-03-30T14:30:28,363+0200",visu_pars.VisuCreationDate
20220330_141755_jrc220330_m35_week4_1519_1_1/4,"2022-03-30T14:31:52,028+0200",visu_pars.VisuCreationDate
20220330_141755_jrc220330_m35_week4_1519_1_1/5,"2022-03-30T14:35:34,623+0200",visu_pars.VisuCreationDate
20220330_141755_jrc220330_m35_week4_1519_1_1/6,"2022-03-30T14:39:28,373+0200",visu_pars.VisuCreationDate
20220330_141755_jrc220330_m35_week4_1519_1_1/7,"2022-03-30T14:43:08,845+0200",visu_pars.VisuCreationDate
20220330_141755_jrc220330_m35_week4_1519_1_1/8,"2022-03-30T14:46:49,553+0200",visu_pars.VisuCreationDate
20220330_141755_jrc220330_m35_week4_1519_1_1/9,"2022-03-30T14:50:30,104+0200",visu_pars.VisuCreationDate
20220330_145706_jrc220330_m36_week4_1519_1_1/1,"2022-03-30T15:40:38,176+0200",visu_pars.VisuCreationDate
20220330_145706_jrc220330_m36_week4_1519_1_1/10,"2022-03-30T15:54:29,306+0200",visu_pars.VisuCreationDate
20220330_145706_jrc220330_m36_week4_1519_1_1/12,"2022-03-30T15:59:04,653+0200",visu_pars.VisuCreationDate
20220330_145706_jrc220330_m36_week4_1519_1_1/13,"2022-03-30T16:02:50,475+0200",visu_pars.VisuCreationDate
20220330_145706_jrc220330_m36_week4_1519_1_1/14,"2022-03-30T16:06:31,147+0200",visu_pars.VisuCreationDate
20220330_145706_jrc220330_m36_week4_1519_1_1/15,"2022-03-30T16:10:11,442+0200",visu_pars.VisuCreationDate
20220330_145706_jrc220330_m36_week4_1519_1_1/16,"2022-03-30T16:13:52,104+0200",visu_pars.VisuCreationDate
20220330_145706_jrc220330_m36_week4_1519_1_1/17,"2022-03-30T16:17:32,566+0200",visu_pars.VisuCreationDate
20220330_145706_jrc220330_m36_week4_1519_1_1/18,"2022-03-30T16:21:13,338+0200",visu_pars.VisuCreationDate
20220330_145706_jrc220330_m36_week4_1519_1_1/19,"2022-03-30T16:24:53,926+0200",visu_pars.VisuCreationDate
20220330_145706_jrc220330_m36_week4_1519_1_1/2,"2022-03-30T15:42:00,485+0200",visu_pars.VisuCreationDate
20220330_145706_jrc220330_m36_week4_1519_1_1/20,"2022-03-30T16:28:34,465+0200",visu_pars.VisuCreationDate
20220330_145706_jrc220330_m36_week4_1519_1_1/21,"2022-03-30T16:32:15,192+0200",visu_pars.VisuCreationDate
20220330_145706_jrc220330_m36_week4_1519_1_1/22,"2022-03-30T16:35:55,876+0200",visu_pars.VisuCreationDate
20220330_145706_jrc220330_m36_week4_1519_1_1/23,"2022-03-30T16:39:36,784+0200",visu_pars.VisuCreationDate
20220330_145706_jrc220330_m36_week4_1519_1_1/26,"2022-03-30T16:40:49,174+0200",visu_pars.VisuCreationDate
20220330_145706_jrc220330_m36_week4_1519_1_1/27,"2022-03-30T16:41:59,341+0200",visu_pars.VisuCreationDate
20220330_145706_jrc220330_m36_week4_1519_1_1/7,"2022-03-30T15:49:09,757+0200",visu_pars.VisuCreationDate
20220330_145706_jrc220330_m36_week4_1519_1_1/9,"2022-03-30T15:50:47,250+0200",visu_pars.VisuCreationDate
