original_name,drv_acq_datetime,drv_acq_time_source,drv_model,drv_sample_type,drv_subject,drv_origin,drv_dicom_origin
20221006_135248_pr221006_LF_Cells_LP_IONP_pr221006_LF_Cells_1_1/1,"2022-10-06T13:55:13,342+0200",visu_pars.VisuCreationDate,Bruker BioSpec 11.7T,phantom,pr221006_LF_Cells_LP_IONP,2025-10-02 - Toshiba EXT (Backup)/Proyectos_Laboratorio_Laura/MRI/Phantom-CIDETEC/20221006_135248_pr221006_LF_Cells_LP_IONP_pr221006_LF_Cells_1_1/1,DICOM regenerated by Dicomifier 2.5.3 (+ gjesus3 workarounds) from the ParaVision 2dseq before ingest
20221006_135248_pr221006_LF_Cells_LP_IONP_pr221006_LF_Cells_1_1/10,"2022-10-06T14:23:59,162+0200",visu_pars.VisuCreationDate,Bruker BioSpec 11.7T,phantom,pr221006_LF_Cells_LP_IONP,2025-10-02 - Toshiba EXT (Backup)/Proyectos_Laboratorio_Laura/MRI/Phantom-CIDETEC/20221006_135248_pr221006_LF_Cells_LP_IONP_pr221006_LF_Cells_1_1/10,DICOM regenerated by Dicomifier 2.5.3 (+ gjesus3 workarounds) from the ParaVision 2dseq before ingest
20221006_135248_pr221006_LF_Cells_LP_IONP_pr221006_LF_Cells_1_1/11,"2022-10-06T14:30:34,344+0200",visu_pars.VisuCreationDate,Bruker BioSpec 11.7T,phantom,pr221006_LF_Cells_LP_IONP,2025-10-02 - Toshiba EXT (Backup)/Proyectos_Laboratorio_Laura/MRI/Phantom-CIDETEC/20221006_135248_pr221006_LF_Cells_LP_IONP_pr221006_LF_Cells_1_1/11,DICOM regenerated by Dicomifier 2.5.3 (+ gjesus3 workarounds) from the ParaVision 2dseq before ingest
20221006_135248_pr221006_LF_Cells_LP_IONP_pr221006_LF_Cells_1_1/12,"2022-10-06T21:29:35,887+0200",visu_pars.VisuCreationDate,Bruker BioSpec 11.7T,phantom,pr221006_LF_Cells_LP_IONP,2025-10-02 - Toshiba EXT (Backup)/Proyectos_Laboratorio_Laura/MRI/Phantom-CIDETEC/20221006_135248_pr221006_LF_Cells_LP_IONP_pr221006_LF_Cells_1_1/12,DICOM regenerated by Dicomifier 2.5.3 (+ gjesus3 workarounds) from the ParaVision 2dseq before ingest
20221006_135248_pr221006_LF_Cells_LP_IONP_pr221006_LF_Cells_1_1/13,"2022-10-06T16:35:59,404+0200",visu_pars.VisuCreationDate,Bruker BioSpec 11.7T,phantom,pr221006_LF_Cells_LP_IONP,2025-10-02 - Toshiba EXT (Backup)/Proyectos_Laboratorio_Laura/MRI/Phantom-CIDETEC/20221006_135248_pr221006_LF_Cells_LP_IONP_pr221006_LF_Cells_1_1/13,DICOM regenerated by Dicomifier 2.5.3 (+ gjesus3 workarounds) from the ParaVision 2dseq before ingest
20221006_135248_pr221006_LF_Cells_LP_IONP_pr221006_LF_Cells_1_1/2,"2022-10-06T13:56:34,462+0200",visu_pars.VisuCreationDate,Bruker BioSpec 11.7T,phantom,pr221006_LF_Cells_LP_IONP,2025-10-02 - Toshiba EXT (Backup)/Proyectos_Laboratorio_Laura/MRI/Phantom-CIDETEC/20221006_135248_pr221006_LF_Cells_LP_IONP_pr221006_LF_Cells_1_1/2,DICOM regenerated by Dicomifier 2.5.3 (+ gjesus3 workarounds) from the ParaVision 2dseq before ingest
20221006_135248_pr221006_LF_Cells_LP_IONP_pr221006_LF_Cells_1_1/3,"2022-10-06T14:03:58,198+0200",visu_pars.VisuCreationDate,Bruker BioSpec 11.7T,phantom,pr221006_LF_Cells_LP_IONP,2025-10-02 - Toshiba EXT (Backup)/Proyectos_Laboratorio_Laura/MRI/Phantom-CIDETEC/20221006_135248_pr221006_LF_Cells_LP_IONP_pr221006_LF_Cells_1_1/3,DICOM regenerated by Dicomifier 2.5.3 (+ gjesus3 workarounds) from the ParaVision 2dseq before ingest
20221006_135248_pr221006_LF_Cells_LP_IONP_pr221006_LF_Cells_1_1/5,"2022-10-06T14:12:14,523+0200",visu_pars.VisuCreationDate,Bruker BioSpec 11.7T,phantom,pr221006_LF_Cells_LP_IONP,2025-10-02 - Toshiba EXT (Backup)/Proyectos_Laboratorio_Laura/MRI/Phantom-CIDETEC/20221006_135248_pr221006_LF_Cells_LP_IONP_pr221006_LF_Cells_1_1/5,DICOM regenerated by Dicomifier 2.5.3 (+ gjesus3 workarounds) from the ParaVision 2dseq before ingest
20221006_135248_pr221006_LF_Cells_LP_IONP_pr221006_LF_Cells_1_1/6,"2022-10-06T14:13:36,143+0200",visu_pars.VisuCreationDate,Bruker BioSpec 11.7T,phantom,pr221006_LF_Cells_LP_IONP,2025-10-02 - Toshiba EXT (Backup)/Proyectos_Laboratorio_Laura/MRI/Phantom-CIDETEC/20221006_135248_pr221006_LF_Cells_LP_IONP_pr221006_LF_Cells_1_1/6,DICOM regenerated by Dicomifier 2.5.3 (+ gjesus3 workarounds) from the ParaVision 2dseq before ingest
20221006_135248_pr221006_LF_Cells_LP_IONP_pr221006_LF_Cells_1_1/7,"2022-10-06T14:10:52,742+0200",visu_pars.VisuCreationDate,Bruker BioSpec 11.7T,phantom,pr221006_LF_Cells_LP_IONP,2025-10-02 - Toshiba EXT (Backup)/Proyectos_Laboratorio_Laura/MRI/Phantom-CIDETEC/20221006_135248_pr221006_LF_Cells_LP_IONP_pr221006_LF_Cells_1_1/7,DICOM regenerated by Dicomifier 2.5.3 (+ gjesus3 workarounds) from the ParaVision 2dseq before ingest
20221006_135248_pr221006_LF_Cells_LP_IONP_pr221006_LF_Cells_1_1/9,"2022-10-06T15:18:54,211+0200",visu_pars.VisuCreationDate,Bruker BioSpec 11.7T,phantom,pr221006_LF_Cells_LP_IONP,2025-10-02 - Toshiba EXT (Backup)/Proyectos_Laboratorio_Laura/MRI/Phantom-CIDETEC/20221006_135248_pr221006_LF_Cells_LP_IONP_pr221006_LF_Cells_1_1/9,DICOM regenerated by Dicomifier 2.5.3 (+ gjesus3 workarounds) from the ParaVision 2dseq before ingest
20221214_130723_prc221214_LFM_phantom_Cells_prc221214_LFM_p_1_1/10,"2022-12-14T13:29:27,907+0100",visu_pars.VisuCreationDate,Bruker BioSpec 7T,phantom,prc221214_LFM_phantom_Cells,2025-10-02 - Toshiba EXT (Backup)/Proyectos_Laboratorio_Laura/MRI/Phantom-Cells-LP-IONP/Phantom LP-IONP-cells/20221214_130723_prc221214_LFM_phantom_Cells_prc221214_LFM_p_1_1/10,DICOM regenerated by Dicomifier 2.5.3 (+ gjesus3 workarounds) from the ParaVision 2dseq before ingest
20221214_130723_prc221214_LFM_phantom_Cells_prc221214_LFM_p_1_1/11,"2022-12-14T13:35:32,255+0100",visu_pars.VisuCreationDate,Bruker BioSpec 7T,phantom,prc221214_LFM_phantom_Cells,2025-10-02 - Toshiba EXT (Backup)/Proyectos_Laboratorio_Laura/MRI/Phantom-Cells-LP-IONP/Phantom LP-IONP-cells/20221214_130723_prc221214_LFM_phantom_Cells_prc221214_LFM_p_1_1/11,DICOM regenerated by Dicomifier 2.5.3 (+ gjesus3 workarounds) from the ParaVision 2dseq before ingest
20221214_130723_prc221214_LFM_phantom_Cells_prc221214_LFM_p_1_1/12,"2022-12-14T14:20:56,444+0100",visu_pars.VisuCreationDate,Bruker BioSpec 7T,phantom,prc221214_LFM_phantom_Cells,2025-10-02 - Toshiba EXT (Backup)/Proyectos_Laboratorio_Laura/MRI/Phantom-Cells-LP-IONP/Phantom LP-IONP-cells/20221214_130723_prc221214_LFM_phantom_Cells_prc221214_LFM_p_1_1/12,DICOM regenerated by Dicomifier 2.5.3 (+ gjesus3 workarounds) from the ParaVision 2dseq before ingest
20221214_130723_prc221214_LFM_phantom_Cells_prc221214_LFM_p_1_1/13,"2022-12-14T15:49:23,618+0100",visu_pars.VisuCreationDate,Bruker BioSpec 7T,phantom,prc221214_LFM_phantom_Cells,2025-10-02 - Toshiba EXT (Backup)/Proyectos_Laboratorio_Laura/MRI/Phantom-Cells-LP-IONP/Phantom LP-IONP-cells/20221214_130723_prc221214_LFM_phantom_Cells_prc221214_LFM_p_1_1/13,DICOM regenerated by Dicomifier 2.5.3 (+ gjesus3 workarounds) from the ParaVision 2dseq before ingest
20221214_130723_prc221214_LFM_phantom_Cells_prc221214_LFM_p_1_1/9,"2022-12-14T13:25:38,827+0100",visu_pars.VisuCreationDate,Bruker BioSpec 7T,phantom,prc221214_LFM_phantom_Cells,2025-10-02 - Toshiba EXT (Backup)/Proyectos_Laboratorio_Laura/MRI/Phantom-Cells-LP-IONP/Phantom LP-IONP-cells/20221214_130723_prc221214_LFM_phantom_Cells_prc221214_LFM_p_1_1/9,DICOM regenerated by Dicomifier 2.5.3 (+ gjesus3 workarounds) from the ParaVision 2dseq before ingest
20230302_083135_prc230302_phantom_LFM_CIDETEC_Girasol_prc23_1_1/1,"2023-03-02T08:42:57,275+0100",visu_pars.VisuCreationDate,Bruker BioSpec 7T,phantom,prc230302_phantom_LFM-CIDETEC-Girasol,2025-10-02 - Toshiba EXT (Backup)/Proyectos_Laboratorio_Laura/MRI/Phantom-CIDETEC/20230302_083135_prc230302_phantom_LFM_CIDETEC_Girasol_prc23_1_1/1,DICOM regenerated by Dicomifier 2.5.3 (+ gjesus3 workarounds) from the ParaVision 2dseq before ingest
20230302_083135_prc230302_phantom_LFM_CIDETEC_Girasol_prc23_1_1/2,"2023-03-02T09:40:39,252+0100",visu_pars.VisuCreationDate,Bruker BioSpec 7T,phantom,prc230302_phantom_LFM-CIDETEC-Girasol,2025-10-02 - Toshiba EXT (Backup)/Proyectos_Laboratorio_Laura/MRI/Phantom-CIDETEC/20230302_083135_prc230302_phantom_LFM_CIDETEC_Girasol_prc23_1_1/2,DICOM regenerated by Dicomifier 2.5.3 (+ gjesus3 workarounds) from the ParaVision 2dseq before ingest
20230302_083135_prc230302_phantom_LFM_CIDETEC_Girasol_prc23_1_1/6,"2023-03-02T11:16:18,993+0100",visu_pars.VisuCreationDate,Bruker BioSpec 7T,phantom,prc230302_phantom_LFM-CIDETEC-Girasol,2025-10-02 - Toshiba EXT (Backup)/Proyectos_Laboratorio_Laura/MRI/Phantom-CIDETEC/20230302_083135_prc230302_phantom_LFM_CIDETEC_Girasol_prc23_1_1/6,DICOM regenerated by Dicomifier 2.5.3 (+ gjesus3 workarounds) from the ParaVision 2dseq before ingest
20230302_125130_prc230302_phantom_LFM_CIDETEC_HA_prc230302__1_1/1,"2023-03-02T13:01:35,567+0100",visu_pars.VisuCreationDate,Bruker BioSpec 7T,phantom,prc230302_phantom_LFM-CIDETEC-HA,2025-10-02 - Toshiba EXT (Backup)/Proyectos_Laboratorio_Laura/MRI/Phantom-CIDETEC/20230302_125130_prc230302_phantom_LFM_CIDETEC_HA_prc230302__1_1/1,DICOM regenerated by Dicomifier 2.5.3 (+ gjesus3 workarounds) from the ParaVision 2dseq before ingest
20230302_125130_prc230302_phantom_LFM_CIDETEC_HA_prc230302__1_1/2,"2023-03-02T13:58:48,303+0100",visu_pars.VisuCreationDate,Bruker BioSpec 7T,phantom,prc230302_phantom_LFM-CIDETEC-HA,2025-10-02 - Toshiba EXT (Backup)/Proyectos_Laboratorio_Laura/MRI/Phantom-CIDETEC/20230302_125130_prc230302_phantom_LFM_CIDETEC_HA_prc230302__1_1/2,DICOM regenerated by Dicomifier 2.5.3 (+ gjesus3 workarounds) from the ParaVision 2dseq before ingest
20230302_125130_prc230302_phantom_LFM_CIDETEC_HA_prc230302__1_1/3,"2023-03-02T15:34:27,976+0100",visu_pars.VisuCreationDate,Bruker BioSpec 7T,phantom,prc230302_phantom_LFM-CIDETEC-HA,2025-10-02 - Toshiba EXT (Backup)/Proyectos_Laboratorio_Laura/MRI/Phantom-CIDETEC/20230302_125130_prc230302_phantom_LFM_CIDETEC_HA_prc230302__1_1/3,DICOM regenerated by Dicomifier 2.5.3 (+ gjesus3 workarounds) from the ParaVision 2dseq before ingest
20230303_083832_prc230303_phantom_LFM_CIDETEC_NE_MS2P3_prc2_1_1/1,"2023-03-03T08:47:28,314+0100",visu_pars.VisuCreationDate,Bruker BioSpec 7T,phantom,prc230303_phantom_LFM-CIDETEC-NE-MS2P3,2025-10-02 - Toshiba EXT (Backup)/Proyectos_Laboratorio_Laura/MRI/Phantom-CIDETEC/20230303_083832_prc230303_phantom_LFM_CIDETEC_NE_MS2P3_prc2_1_1/1,DICOM regenerated by Dicomifier 2.5.3 (+ gjesus3 workarounds) from the ParaVision 2dseq before ingest
20230303_083832_prc230303_phantom_LFM_CIDETEC_NE_MS2P3_prc2_1_1/2,"2023-03-03T08:50:19,084+0100",visu_pars.VisuCreationDate,Bruker BioSpec 7T,phantom,prc230303_phantom_LFM-CIDETEC-NE-MS2P3,2025-10-02 - Toshiba EXT (Backup)/Proyectos_Laboratorio_Laura/MRI/Phantom-CIDETEC/20230303_083832_prc230303_phantom_LFM_CIDETEC_NE_MS2P3_prc2_1_1/2,DICOM regenerated by Dicomifier 2.5.3 (+ gjesus3 workarounds) from the ParaVision 2dseq before ingest
20230303_083832_prc230303_phantom_LFM_CIDETEC_NE_MS2P3_prc2_1_1/3,"2023-03-03T09:45:53,299+0100",visu_pars.VisuCreationDate,Bruker BioSpec 7T,phantom,prc230303_phantom_LFM-CIDETEC-NE-MS2P3,2025-10-02 - Toshiba EXT (Backup)/Proyectos_Laboratorio_Laura/MRI/Phantom-CIDETEC/20230303_083832_prc230303_phantom_LFM_CIDETEC_NE_MS2P3_prc2_1_1/3,DICOM regenerated by Dicomifier 2.5.3 (+ gjesus3 workarounds) from the ParaVision 2dseq before ingest
20230303_083832_prc230303_phantom_LFM_CIDETEC_NE_MS2P3_prc2_1_1/4,"2023-03-03T11:21:33,318+0100",visu_pars.VisuCreationDate,Bruker BioSpec 7T,phantom,prc230303_phantom_LFM-CIDETEC-NE-MS2P3,2025-10-02 - Toshiba EXT (Backup)/Proyectos_Laboratorio_Laura/MRI/Phantom-CIDETEC/20230303_083832_prc230303_phantom_LFM_CIDETEC_NE_MS2P3_prc2_1_1/4,DICOM regenerated by Dicomifier 2.5.3 (+ gjesus3 workarounds) from the ParaVision 2dseq before ingest
20230303_112611_prc230303_phantom_LFM_CIDETEC_NE_BS1_prc230_1_1/3,"2023-03-03T11:37:09,853+0100",visu_pars.VisuCreationDate,Bruker BioSpec 7T,phantom,prc230303_phantom_LFM-CIDETEC-NE-BS1,2025-10-02 - Toshiba EXT (Backup)/Proyectos_Laboratorio_Laura/MRI/Phantom-CIDETEC/20230303_112611_prc230303_phantom_LFM_CIDETEC_NE_BS1_prc230_1_1/3,DICOM regenerated by Dicomifier 2.5.3 (+ gjesus3 workarounds) from the ParaVision 2dseq before ingest
20230303_112611_prc230303_phantom_LFM_CIDETEC_NE_BS1_prc230_1_1/4,"2023-03-03T11:38:33,016+0100",visu_pars.VisuCreationDate,Bruker BioSpec 7T,phantom,prc230303_phantom_LFM-CIDETEC-NE-BS1,2025-10-02 - Toshiba EXT (Backup)/Proyectos_Laboratorio_Laura/MRI/Phantom-CIDETEC/20230303_112611_prc230303_phantom_LFM_CIDETEC_NE_BS1_prc230_1_1/4,DICOM regenerated by Dicomifier 2.5.3 (+ gjesus3 workarounds) from the ParaVision 2dseq before ingest
20230303_112611_prc230303_phantom_LFM_CIDETEC_NE_BS1_prc230_1_1/5,"2023-03-03T12:34:12,119+0100",visu_pars.VisuCreationDate,Bruker BioSpec 7T,phantom,prc230303_phantom_LFM-CIDETEC-NE-BS1,2025-10-02 - Toshiba EXT (Backup)/Proyectos_Laboratorio_Laura/MRI/Phantom-CIDETEC/20230303_112611_prc230303_phantom_LFM_CIDETEC_NE_BS1_prc230_1_1/5,DICOM regenerated by Dicomifier 2.5.3 (+ gjesus3 workarounds) from the ParaVision 2dseq before ingest
20230303_112611_prc230303_phantom_LFM_CIDETEC_NE_BS1_prc230_1_1/6,"2023-03-03T14:09:51,964+0100",visu_pars.VisuCreationDate,Bruker BioSpec 7T,phantom,prc230303_phantom_LFM-CIDETEC-NE-BS1,2025-10-02 - Toshiba EXT (Backup)/Proyectos_Laboratorio_Laura/MRI/Phantom-CIDETEC/20230303_112611_prc230303_phantom_LFM_CIDETEC_NE_BS1_prc230_1_1/6,DICOM regenerated by Dicomifier 2.5.3 (+ gjesus3 workarounds) from the ParaVision 2dseq before ingest
20230303_143717_prc230303_phantom_LFM_Girasol_DXT_20_prc230_1_1/2,"2023-03-03T14:47:20,718+0100",visu_pars.VisuCreationDate,Bruker BioSpec 7T,phantom,prc230303_phantom_LFM-Girasol-DXT-20,2025-10-02 - Toshiba EXT (Backup)/Proyectos_Laboratorio_Laura/MRI/Phantom-CIDETEC/20230303_143717_prc230303_phantom_LFM_Girasol_DXT_20_prc230_1_1/2,DICOM regenerated by Dicomifier 2.5.3 (+ gjesus3 workarounds) from the ParaVision 2dseq before ingest
20230303_143717_prc230303_phantom_LFM_Girasol_DXT_20_prc230_1_1/3,"2023-03-03T15:42:56,549+0100",visu_pars.VisuCreationDate,Bruker BioSpec 7T,phantom,prc230303_phantom_LFM-Girasol-DXT-20,2025-10-02 - Toshiba EXT (Backup)/Proyectos_Laboratorio_Laura/MRI/Phantom-CIDETEC/20230303_143717_prc230303_phantom_LFM_Girasol_DXT_20_prc230_1_1/3,DICOM regenerated by Dicomifier 2.5.3 (+ gjesus3 workarounds) from the ParaVision 2dseq before ingest
20230303_143717_prc230303_phantom_LFM_Girasol_DXT_20_prc230_1_1/4,"2023-03-03T17:18:36,327+0100",visu_pars.VisuCreationDate,Bruker BioSpec 7T,phantom,prc230303_phantom_LFM-Girasol-DXT-20,2025-10-02 - Toshiba EXT (Backup)/Proyectos_Laboratorio_Laura/MRI/Phantom-CIDETEC/20230303_143717_prc230303_phantom_LFM_Girasol_DXT_20_prc230_1_1/4,DICOM regenerated by Dicomifier 2.5.3 (+ gjesus3 workarounds) from the ParaVision 2dseq before ingest
20230308_091233_prc230308_phantom_LFM_CIDETEC_HA_20_prc2303_1_1/2,"2023-03-08T09:22:30,032+0100",visu_pars.VisuCreationDate,Bruker BioSpec 7T,phantom,prc230308_phantom_LFM-CIDETEC-HA-20,2025-10-02 - Toshiba EXT (Backup)/Proyectos_Laboratorio_Laura/MRI/Phantom-CIDETEC/20230308_091233_prc230308_phantom_LFM_CIDETEC_HA_20_prc2303_1_1/2,DICOM regenerated by Dicomifier 2.5.3 (+ gjesus3 workarounds) from the ParaVision 2dseq before ingest
20230308_091233_prc230308_phantom_LFM_CIDETEC_HA_20_prc2303_1_1/3,"2023-03-08T10:18:08,882+0100",visu_pars.VisuCreationDate,Bruker BioSpec 7T,phantom,prc230308_phantom_LFM-CIDETEC-HA-20,2025-10-02 - Toshiba EXT (Backup)/Proyectos_Laboratorio_Laura/MRI/Phantom-CIDETEC/20230308_091233_prc230308_phantom_LFM_CIDETEC_HA_20_prc2303_1_1/3,DICOM regenerated by Dicomifier 2.5.3 (+ gjesus3 workarounds) from the ParaVision 2dseq before ingest
20230308_091233_prc230308_phantom_LFM_CIDETEC_HA_20_prc2303_1_1/4,"2023-03-08T11:53:48,442+0100",visu_pars.VisuCreationDate,Bruker BioSpec 7T,phantom,prc230308_phantom_LFM-CIDETEC-HA-20,2025-10-02 - Toshiba EXT (Backup)/Proyectos_Laboratorio_Laura/MRI/Phantom-CIDETEC/20230308_091233_prc230308_phantom_LFM_CIDETEC_HA_20_prc2303_1_1/4,DICOM regenerated by Dicomifier 2.5.3 (+ gjesus3 workarounds) from the ParaVision 2dseq before ingest
20230324_104737_prc230324_phantom_LFM_CIDETED_DXT_200b_prc2_1_1/2,"2023-03-24T10:55:28,754+0100",visu_pars.VisuCreationDate,Bruker BioSpec 7T,phantom,prc230324_phantom-LFM-CIDETED-DXT-200b,2025-10-02 - Toshiba EXT (Backup)/Proyectos_Laboratorio_Laura/MRI/Phantom-CIDETEC/20230324_104737_prc230324_phantom_LFM_CIDETED_DXT_200b_prc2_1_1/2,DICOM regenerated by Dicomifier 2.5.3 (+ gjesus3 workarounds) from the ParaVision 2dseq before ingest
20230324_104737_prc230324_phantom_LFM_CIDETED_DXT_200b_prc2_1_1/3,"2023-03-24T11:50:47,760+0100",visu_pars.VisuCreationDate,Bruker BioSpec 7T,phantom,prc230324_phantom-LFM-CIDETED-DXT-200b,2025-10-02 - Toshiba EXT (Backup)/Proyectos_Laboratorio_Laura/MRI/Phantom-CIDETEC/20230324_104737_prc230324_phantom_LFM_CIDETED_DXT_200b_prc2_1_1/3,DICOM regenerated by Dicomifier 2.5.3 (+ gjesus3 workarounds) from the ParaVision 2dseq before ingest
20230324_104737_prc230324_phantom_LFM_CIDETED_DXT_200b_prc2_1_1/4,"2023-03-24T13:26:27,817+0100",visu_pars.VisuCreationDate,Bruker BioSpec 7T,phantom,prc230324_phantom-LFM-CIDETED-DXT-200b,2025-10-02 - Toshiba EXT (Backup)/Proyectos_Laboratorio_Laura/MRI/Phantom-CIDETEC/20230324_104737_prc230324_phantom_LFM_CIDETED_DXT_200b_prc2_1_1/4,DICOM regenerated by Dicomifier 2.5.3 (+ gjesus3 workarounds) from the ParaVision 2dseq before ingest
20230324_142612_prc230324_phantom_LFM_IONP_LP_IONP_prc23032_1_1/1,"2023-03-24T14:33:06,347+0100",visu_pars.VisuCreationDate,Bruker BioSpec 7T,phantom,prc230324_phantom-LFM-IONP-LP-IONP,2025-10-02 - Toshiba EXT (Backup)/Proyectos_Laboratorio_Laura/MRI/Phantom-Cells-LP-IONP/LP_IONP_phantom/20230324_142612_prc230324_phantom_LFM_IONP_LP_IONP_prc23032_1_1/1,DICOM regenerated by Dicomifier 2.5.3 (+ gjesus3 workarounds) from the ParaVision 2dseq before ingest
20230324_142612_prc230324_phantom_LFM_IONP_LP_IONP_prc23032_1_1/2,"2023-03-24T15:29:53,715+0100",visu_pars.VisuCreationDate,Bruker BioSpec 7T,phantom,prc230324_phantom-LFM-IONP-LP-IONP,2025-10-02 - Toshiba EXT (Backup)/Proyectos_Laboratorio_Laura/MRI/Phantom-Cells-LP-IONP/LP_IONP_phantom/20230324_142612_prc230324_phantom_LFM_IONP_LP_IONP_prc23032_1_1/2,DICOM regenerated by Dicomifier 2.5.3 (+ gjesus3 workarounds) from the ParaVision 2dseq before ingest
20230324_142612_prc230324_phantom_LFM_IONP_LP_IONP_prc23032_1_1/3,"2023-03-24T17:05:33,443+0100",visu_pars.VisuCreationDate,Bruker BioSpec 7T,phantom,prc230324_phantom-LFM-IONP-LP-IONP,2025-10-02 - Toshiba EXT (Backup)/Proyectos_Laboratorio_Laura/MRI/Phantom-Cells-LP-IONP/LP_IONP_phantom/20230324_142612_prc230324_phantom_LFM_IONP_LP_IONP_prc23032_1_1/3,DICOM regenerated by Dicomifier 2.5.3 (+ gjesus3 workarounds) from the ParaVision 2dseq before ingest
20230329_184949_prc230329_phantom_LFM_CIDETEC_HA_200_prc230_1_1/3,"2023-03-29T18:56:52,479+0200",visu_pars.VisuCreationDate,Bruker BioSpec 7T,phantom,prc230329_phantom-LFM-CIDETEC-HA-200,2025-10-02 - Toshiba EXT (Backup)/Proyectos_Laboratorio_Laura/MRI/Phantom-CIDETEC/20230329_184949_prc230329_phantom_LFM_CIDETEC_HA_200_prc230_1_1/3,DICOM regenerated by Dicomifier 2.5.3 (+ gjesus3 workarounds) from the ParaVision 2dseq before ingest
20230329_184949_prc230329_phantom_LFM_CIDETEC_HA_200_prc230_1_1/4,"2023-03-29T18:59:39,463+0200",visu_pars.VisuCreationDate,Bruker BioSpec 7T,phantom,prc230329_phantom-LFM-CIDETEC-HA-200,2025-10-02 - Toshiba EXT (Backup)/Proyectos_Laboratorio_Laura/MRI/Phantom-CIDETEC/20230329_184949_prc230329_phantom_LFM_CIDETEC_HA_200_prc230_1_1/4,DICOM regenerated by Dicomifier 2.5.3 (+ gjesus3 workarounds) from the ParaVision 2dseq before ingest
20230329_184949_prc230329_phantom_LFM_CIDETEC_HA_200_prc230_1_1/5,"2023-03-29T19:55:00,052+0200",visu_pars.VisuCreationDate,Bruker BioSpec 7T,phantom,prc230329_phantom-LFM-CIDETEC-HA-200,2025-10-02 - Toshiba EXT (Backup)/Proyectos_Laboratorio_Laura/MRI/Phantom-CIDETEC/20230329_184949_prc230329_phantom_LFM_CIDETEC_HA_200_prc230_1_1/5,DICOM regenerated by Dicomifier 2.5.3 (+ gjesus3 workarounds) from the ParaVision 2dseq before ingest
20230329_184949_prc230329_phantom_LFM_CIDETEC_HA_200_prc230_1_1/6,"2023-03-29T21:30:39,976+0200",visu_pars.VisuCreationDate,Bruker BioSpec 7T,phantom,prc230329_phantom-LFM-CIDETEC-HA-200,2025-10-02 - Toshiba EXT (Backup)/Proyectos_Laboratorio_Laura/MRI/Phantom-CIDETEC/20230329_184949_prc230329_phantom_LFM_CIDETEC_HA_200_prc230_1_1/6,DICOM regenerated by Dicomifier 2.5.3 (+ gjesus3 workarounds) from the ParaVision 2dseq before ingest
20230331_123626_pr230331_phantom_LFM_LP_IONP_cells_pr230331_1_1/1,"2023-03-31T12:42:02,000+0200",visu_pars.VisuCreationDate,Bruker BioSpec 7T,phantom,pr230331_phantom_LFM-LP-IONP-cells,2025-10-02 - Toshiba EXT (Backup)/Proyectos_Laboratorio_Laura/MRI/Phantom-Cells-LP-IONP/Phantom LP_IONP-Cells-Marzo23/20230331_123626_pr230331_phantom_LFM_LP_IONP_cells_pr230331_1_1/1,DICOM regenerated by Dicomifier 2.5.3 (+ gjesus3 workarounds) from the ParaVision 2dseq before ingest
20230331_123626_pr230331_phantom_LFM_LP_IONP_cells_pr230331_1_1/11,"2023-03-31T16:47:09,590+0200",visu_pars.VisuCreationDate,Bruker BioSpec 7T,phantom,pr230331_phantom_LFM-LP-IONP-cells,2025-10-02 - Toshiba EXT (Backup)/Proyectos_Laboratorio_Laura/MRI/Phantom-Cells-LP-IONP/Phantom LP_IONP-Cells-Marzo23/20230331_123626_pr230331_phantom_LFM_LP_IONP_cells_pr230331_1_1/11,DICOM regenerated by Dicomifier 2.5.3 (+ gjesus3 workarounds) from the ParaVision 2dseq before ingest
20230331_123626_pr230331_phantom_LFM_LP_IONP_cells_pr230331_1_1/2,"2023-03-31T12:45:15,803+0200",visu_pars.VisuCreationDate,Bruker BioSpec 7T,phantom,pr230331_phantom_LFM-LP-IONP-cells,2025-10-02 - Toshiba EXT (Backup)/Proyectos_Laboratorio_Laura/MRI/Phantom-Cells-LP-IONP/Phantom LP_IONP-Cells-Marzo23/20230331_123626_pr230331_phantom_LFM_LP_IONP_cells_pr230331_1_1/2,DICOM regenerated by Dicomifier 2.5.3 (+ gjesus3 workarounds) from the ParaVision 2dseq before ingest
20230331_123626_pr230331_phantom_LFM_LP_IONP_cells_pr230331_1_1/3,"2023-03-31T12:47:42,843+0200",visu_pars.VisuCreationDate,Bruker BioSpec 7T,phantom,pr230331_phantom_LFM-LP-IONP-cells,2025-10-02 - Toshiba EXT (Backup)/Proyectos_Laboratorio_Laura/MRI/Phantom-Cells-LP-IONP/Phantom LP_IONP-Cells-Marzo23/20230331_123626_pr230331_phantom_LFM_LP_IONP_cells_pr230331_1_1/3,DICOM regenerated by Dicomifier 2.5.3 (+ gjesus3 workarounds) from the ParaVision 2dseq before ingest
20230331_123626_pr230331_phantom_LFM_LP_IONP_cells_pr230331_1_1/4,"2023-03-31T12:49:13,689+0200",visu_pars.VisuCreationDate,Bruker BioSpec 7T,phantom,pr230331_phantom_LFM-LP-IONP-cells,2025-10-02 - Toshiba EXT (Backup)/Proyectos_Laboratorio_Laura/MRI/Phantom-Cells-LP-IONP/Phantom LP_IONP-Cells-Marzo23/20230331_123626_pr230331_phantom_LFM_LP_IONP_cells_pr230331_1_1/4,DICOM regenerated by Dicomifier 2.5.3 (+ gjesus3 workarounds) from the ParaVision 2dseq before ingest
20230331_123626_pr230331_phantom_LFM_LP_IONP_cells_pr230331_1_1/5,"2023-03-31T12:50:08,234+0200",visu_pars.VisuCreationDate,Bruker BioSpec 7T,phantom,pr230331_phantom_LFM-LP-IONP-cells,2025-10-02 - Toshiba EXT (Backup)/Proyectos_Laboratorio_Laura/MRI/Phantom-Cells-LP-IONP/Phantom LP_IONP-Cells-Marzo23/20230331_123626_pr230331_phantom_LFM_LP_IONP_cells_pr230331_1_1/5,DICOM regenerated by Dicomifier 2.5.3 (+ gjesus3 workarounds) from the ParaVision 2dseq before ingest
20230331_123626_pr230331_phantom_LFM_LP_IONP_cells_pr230331_1_1/6,"2023-03-31T12:51:45,976+0200",visu_pars.VisuCreationDate,Bruker BioSpec 7T,phantom,pr230331_phantom_LFM-LP-IONP-cells,2025-10-02 - Toshiba EXT (Backup)/Proyectos_Laboratorio_Laura/MRI/Phantom-Cells-LP-IONP/Phantom LP_IONP-Cells-Marzo23/20230331_123626_pr230331_phantom_LFM_LP_IONP_cells_pr230331_1_1/6,DICOM regenerated by Dicomifier 2.5.3 (+ gjesus3 workarounds) from the ParaVision 2dseq before ingest
20230331_123626_pr230331_phantom_LFM_LP_IONP_cells_pr230331_1_1/7,"2023-03-31T12:52:31,788+0200",visu_pars.VisuCreationDate,Bruker BioSpec 7T,phantom,pr230331_phantom_LFM-LP-IONP-cells,2025-10-02 - Toshiba EXT (Backup)/Proyectos_Laboratorio_Laura/MRI/Phantom-Cells-LP-IONP/Phantom LP_IONP-Cells-Marzo23/20230331_123626_pr230331_phantom_LFM_LP_IONP_cells_pr230331_1_1/7,DICOM regenerated by Dicomifier 2.5.3 (+ gjesus3 workarounds) from the ParaVision 2dseq before ingest
20230331_123626_pr230331_phantom_LFM_LP_IONP_cells_pr230331_1_1/8,"2023-03-31T14:42:03,357+0200",visu_pars.VisuCreationDate,Bruker BioSpec 7T,phantom,pr230331_phantom_LFM-LP-IONP-cells,2025-10-02 - Toshiba EXT (Backup)/Proyectos_Laboratorio_Laura/MRI/Phantom-Cells-LP-IONP/Phantom LP_IONP-Cells-Marzo23/20230331_123626_pr230331_phantom_LFM_LP_IONP_cells_pr230331_1_1/8,DICOM regenerated by Dicomifier 2.5.3 (+ gjesus3 workarounds) from the ParaVision 2dseq before ingest
20230427_181523_prc230427_LFM_phantom_Cells_2_prc230427_LFM_1_1/10,"2023-04-28T05:21:31,119+0200",visu_pars.VisuCreationDate,Bruker BioSpec 7T,phantom,prc230427_LFM_phantom-Cells-2,2025-10-02 - Toshiba EXT (Backup)/Proyectos_Laboratorio_Laura/MRI/Phantom-Cells-LP-IONP/Phantom-LP-IONP-Cells-Abril23/20230427_181523_prc230427_LFM_phantom_Cells_2_prc230427_LFM_1_1/10,DICOM regenerated by Dicomifier 2.5.3 (+ gjesus3 workarounds) from the ParaVision 2dseq before ingest
20230427_181523_prc230427_LFM_phantom_Cells_2_prc230427_LFM_1_1/4,"2023-04-27T18:30:28,126+0200",visu_pars.VisuCreationDate,Bruker BioSpec 7T,phantom,prc230427_LFM_phantom-Cells-2,2025-10-02 - Toshiba EXT (Backup)/Proyectos_Laboratorio_Laura/MRI/Phantom-Cells-LP-IONP/Phantom-LP-IONP-Cells-Abril23/20230427_181523_prc230427_LFM_phantom_Cells_2_prc230427_LFM_1_1/4,DICOM regenerated by Dicomifier 2.5.3 (+ gjesus3 workarounds) from the ParaVision 2dseq before ingest
20230427_181523_prc230427_LFM_phantom_Cells_2_prc230427_LFM_1_1/5,"2023-04-27T18:35:46,071+0200",visu_pars.VisuCreationDate,Bruker BioSpec 7T,phantom,prc230427_LFM_phantom-Cells-2,2025-10-02 - Toshiba EXT (Backup)/Proyectos_Laboratorio_Laura/MRI/Phantom-Cells-LP-IONP/Phantom-LP-IONP-Cells-Abril23/20230427_181523_prc230427_LFM_phantom_Cells_2_prc230427_LFM_1_1/5,DICOM regenerated by Dicomifier 2.5.3 (+ gjesus3 workarounds) from the ParaVision 2dseq before ingest
20230427_181523_prc230427_LFM_phantom_Cells_2_prc230427_LFM_1_1/6,"2023-04-27T18:41:29,918+0200",visu_pars.VisuCreationDate,Bruker BioSpec 7T,phantom,prc230427_LFM_phantom-Cells-2,2025-10-02 - Toshiba EXT (Backup)/Proyectos_Laboratorio_Laura/MRI/Phantom-Cells-LP-IONP/Phantom-LP-IONP-Cells-Abril23/20230427_181523_prc230427_LFM_phantom_Cells_2_prc230427_LFM_1_1/6,DICOM regenerated by Dicomifier 2.5.3 (+ gjesus3 workarounds) from the ParaVision 2dseq before ingest
20230427_181523_prc230427_LFM_phantom_Cells_2_prc230427_LFM_1_1/7,"2023-04-27T18:46:59,362+0200",visu_pars.VisuCreationDate,Bruker BioSpec 7T,phantom,prc230427_LFM_phantom-Cells-2,2025-10-02 - Toshiba EXT (Backup)/Proyectos_Laboratorio_Laura/MRI/Phantom-Cells-LP-IONP/Phantom-LP-IONP-Cells-Abril23/20230427_181523_prc230427_LFM_phantom_Cells_2_prc230427_LFM_1_1/7,DICOM regenerated by Dicomifier 2.5.3 (+ gjesus3 workarounds) from the ParaVision 2dseq before ingest
20230427_181523_prc230427_LFM_phantom_Cells_2_prc230427_LFM_1_1/8,"2023-04-27T20:38:02,492+0200",visu_pars.VisuCreationDate,Bruker BioSpec 7T,phantom,prc230427_LFM_phantom-Cells-2,2025-10-02 - Toshiba EXT (Backup)/Proyectos_Laboratorio_Laura/MRI/Phantom-Cells-LP-IONP/Phantom-LP-IONP-Cells-Abril23/20230427_181523_prc230427_LFM_phantom_Cells_2_prc230427_LFM_1_1/8,DICOM regenerated by Dicomifier 2.5.3 (+ gjesus3 workarounds) from the ParaVision 2dseq before ingest
20230427_181523_prc230427_LFM_phantom_Cells_2_prc230427_LFM_1_1/9,"2023-04-28T00:27:46,823+0200",visu_pars.VisuCreationDate,Bruker BioSpec 7T,phantom,prc230427_LFM_phantom-Cells-2,2025-10-02 - Toshiba EXT (Backup)/Proyectos_Laboratorio_Laura/MRI/Phantom-Cells-LP-IONP/Phantom-LP-IONP-Cells-Abril23/20230427_181523_prc230427_LFM_phantom_Cells_2_prc230427_LFM_1_1/9,DICOM regenerated by Dicomifier 2.5.3 (+ gjesus3 workarounds) from the ParaVision 2dseq before ingest
20230515_171635_prc230515_phantom_LFM_MnO2_ELP_1EQUI_prc230_1_1/4,"2023-05-15T17:33:28,909+0200",visu_pars.VisuCreationDate,Bruker BioSpec 7T,phantom,prc230515_phantom-LFM-MnO2-ELP-1EQUI,2025-10-02 - Toshiba EXT (Backup)/Colaboraciones/Colaboracion-Susana-muestras-MnEquiva/Phantom-MnO2-ELP-1Equivalente/20230515_171635_prc230515_phantom_LFM_MnO2_ELP_1EQUI_prc230_1_1/4,DICOM regenerated by Dicomifier 2.5.3 (+ gjesus3 workarounds) from the ParaVision 2dseq before ingest
20230515_171635_prc230515_phantom_LFM_MnO2_ELP_1EQUI_prc230_1_1/5,"2023-05-15T18:28:57,961+0200",visu_pars.VisuCreationDate,Bruker BioSpec 7T,phantom,prc230515_phantom-LFM-MnO2-ELP-1EQUI,2025-10-02 - Toshiba EXT (Backup)/Colaboraciones/Colaboracion-Susana-muestras-MnEquiva/Phantom-MnO2-ELP-1Equivalente/20230515_171635_prc230515_phantom_LFM_MnO2_ELP_1EQUI_prc230_1_1/5,DICOM regenerated by Dicomifier 2.5.3 (+ gjesus3 workarounds) from the ParaVision 2dseq before ingest
20230515_171635_prc230515_phantom_LFM_MnO2_ELP_1EQUI_prc230_1_1/6,"2023-05-15T20:04:23,757+0200",visu_pars.VisuCreationDate,Bruker BioSpec 7T,phantom,prc230515_phantom-LFM-MnO2-ELP-1EQUI,2025-10-02 - Toshiba EXT (Backup)/Colaboraciones/Colaboracion-Susana-muestras-MnEquiva/Phantom-MnO2-ELP-1Equivalente/20230515_171635_prc230515_phantom_LFM_MnO2_ELP_1EQUI_prc230_1_1/6,DICOM regenerated by Dicomifier 2.5.3 (+ gjesus3 workarounds) from the ParaVision 2dseq before ingest
20230516_175403_prc230516_Phantom_LFM_MnO2_2Equivalente_pr2_1_1/4,"2023-05-16T18:24:02,249+0200",visu_pars.VisuCreationDate,Bruker BioSpec 7T,phantom,prc230516_Phantom-LFM-MnO2-2Equivalente,2025-10-02 - Toshiba EXT (Backup)/Colaboraciones/Colaboracion-Susana-muestras-MnEquiva/Phantom-MnO2-ELP-2Equivalente/20230516_175403_prc230516_Phantom_LFM_MnO2_2Equivalente_pr2_1_1/4,DICOM regenerated by Dicomifier 2.5.3 (+ gjesus3 workarounds) from the ParaVision 2dseq before ingest
20230516_175403_prc230516_Phantom_LFM_MnO2_2Equivalente_pr2_1_1/5,"2023-05-16T18:25:02,607+0200",visu_pars.VisuCreationDate,Bruker BioSpec 7T,phantom,prc230516_Phantom-LFM-MnO2-2Equivalente,2025-10-02 - Toshiba EXT (Backup)/Colaboraciones/Colaboracion-Susana-muestras-MnEquiva/Phantom-MnO2-ELP-2Equivalente/20230516_175403_prc230516_Phantom_LFM_MnO2_2Equivalente_pr2_1_1/5,DICOM regenerated by Dicomifier 2.5.3 (+ gjesus3 workarounds) from the ParaVision 2dseq before ingest
20230516_175403_prc230516_Phantom_LFM_MnO2_2Equivalente_pr2_1_1/6,"2023-05-16T18:26:03,305+0200",visu_pars.VisuCreationDate,Bruker BioSpec 7T,phantom,prc230516_Phantom-LFM-MnO2-2Equivalente,2025-10-02 - Toshiba EXT (Backup)/Colaboraciones/Colaboracion-Susana-muestras-MnEquiva/Phantom-MnO2-ELP-2Equivalente/20230516_175403_prc230516_Phantom_LFM_MnO2_2Equivalente_pr2_1_1/6,DICOM regenerated by Dicomifier 2.5.3 (+ gjesus3 workarounds) from the ParaVision 2dseq before ingest
20230516_175403_prc230516_Phantom_LFM_MnO2_2Equivalente_pr2_1_1/7,"2023-05-16T19:22:07,940+0200",visu_pars.VisuCreationDate,Bruker BioSpec 7T,phantom,prc230516_Phantom-LFM-MnO2-2Equivalente,2025-10-02 - Toshiba EXT (Backup)/Colaboraciones/Colaboracion-Susana-muestras-MnEquiva/Phantom-MnO2-ELP-2Equivalente/20230516_175403_prc230516_Phantom_LFM_MnO2_2Equivalente_pr2_1_1/7,DICOM regenerated by Dicomifier 2.5.3 (+ gjesus3 workarounds) from the ParaVision 2dseq before ingest
20230516_175403_prc230516_Phantom_LFM_MnO2_2Equivalente_pr2_1_1/8,"2023-05-16T20:57:47,787+0200",visu_pars.VisuCreationDate,Bruker BioSpec 7T,phantom,prc230516_Phantom-LFM-MnO2-2Equivalente,2025-10-02 - Toshiba EXT (Backup)/Colaboraciones/Colaboracion-Susana-muestras-MnEquiva/Phantom-MnO2-ELP-2Equivalente/20230516_175403_prc230516_Phantom_LFM_MnO2_2Equivalente_pr2_1_1/8,DICOM regenerated by Dicomifier 2.5.3 (+ gjesus3 workarounds) from the ParaVision 2dseq before ingest
20230518_182255_prc230517_Phantom_LFM_MnO2_0_5Equivalente_p_1_1/2,"2023-05-18T18:30:53,696+0200",visu_pars.VisuCreationDate,Bruker BioSpec 7T,phantom,prc230517_Phantom-LFM-MnO2-0.5Equivalente,2025-10-02 - Toshiba EXT (Backup)/Colaboraciones/Colaboracion-Susana-muestras-MnEquiva/Phantom-MnO2-ELP-0.5Equivalente/20230518_182255_prc230517_Phantom_LFM_MnO2_0_5Equivalente_p_1_1/2,DICOM regenerated by Dicomifier 2.5.3 (+ gjesus3 workarounds) from the ParaVision 2dseq before ingest
20230518_182255_prc230517_Phantom_LFM_MnO2_0_5Equivalente_p_1_1/4,"2023-05-18T21:05:58,167+0200",visu_pars.VisuCreationDate,Bruker BioSpec 7T,phantom,prc230517_Phantom-LFM-MnO2-0.5Equivalente,2025-10-02 - Toshiba EXT (Backup)/Colaboraciones/Colaboracion-Susana-muestras-MnEquiva/Phantom-MnO2-ELP-0.5Equivalente/20230518_182255_prc230517_Phantom_LFM_MnO2_0_5Equivalente_p_1_1/4,DICOM regenerated by Dicomifier 2.5.3 (+ gjesus3 workarounds) from the ParaVision 2dseq before ingest
20230518_182255_prc230517_Phantom_LFM_MnO2_0_5Equivalente_p_1_1/5,"2023-05-18T18:32:34,123+0200",visu_pars.VisuCreationDate,Bruker BioSpec 7T,phantom,prc230517_Phantom-LFM-MnO2-0.5Equivalente,2025-10-02 - Toshiba EXT (Backup)/Colaboraciones/Colaboracion-Susana-muestras-MnEquiva/Phantom-MnO2-ELP-0.5Equivalente/20230518_182255_prc230517_Phantom_LFM_MnO2_0_5Equivalente_p_1_1/5,DICOM regenerated by Dicomifier 2.5.3 (+ gjesus3 workarounds) from the ParaVision 2dseq before ingest
20230518_182255_prc230517_Phantom_LFM_MnO2_0_5Equivalente_p_1_1/6,"2023-05-18T18:34:46,167+0200",visu_pars.VisuCreationDate,Bruker BioSpec 7T,phantom,prc230517_Phantom-LFM-MnO2-0.5Equivalente,2025-10-02 - Toshiba EXT (Backup)/Colaboraciones/Colaboracion-Susana-muestras-MnEquiva/Phantom-MnO2-ELP-0.5Equivalente/20230518_182255_prc230517_Phantom_LFM_MnO2_0_5Equivalente_p_1_1/6,DICOM regenerated by Dicomifier 2.5.3 (+ gjesus3 workarounds) from the ParaVision 2dseq before ingest
20230518_182255_prc230517_Phantom_LFM_MnO2_0_5Equivalente_p_1_1/7,"2023-05-18T19:30:18,361+0200",visu_pars.VisuCreationDate,Bruker BioSpec 7T,phantom,prc230517_Phantom-LFM-MnO2-0.5Equivalente,2025-10-02 - Toshiba EXT (Backup)/Colaboraciones/Colaboracion-Susana-muestras-MnEquiva/Phantom-MnO2-ELP-0.5Equivalente/20230518_182255_prc230517_Phantom_LFM_MnO2_0_5Equivalente_p_1_1/7,DICOM regenerated by Dicomifier 2.5.3 (+ gjesus3 workarounds) from the ParaVision 2dseq before ingest
20230602_142720_prc230602_LFM_phantom_cells_MnO2_prc230602__1_1/10,"2023-06-02T20:31:47,357+0200",visu_pars.VisuCreationDate,Bruker BioSpec 7T,phantom,prc230602_LFM-phantom-cells-MnO2,2025-10-02 - Toshiba EXT (Backup)/Colaboraciones/Colaboracion-Susana-muestras-MnEquiva/20230602_142720_prc230602_LFM_phantom_cells_MnO2_prc230602__1_1/10,DICOM regenerated by Dicomifier 2.5.3 (+ gjesus3 workarounds) from the ParaVision 2dseq before ingest
20230602_142720_prc230602_LFM_phantom_cells_MnO2_prc230602__1_1/11,"2023-06-03T01:24:31,673+0200",visu_pars.VisuCreationDate,Bruker BioSpec 7T,phantom,prc230602_LFM-phantom-cells-MnO2,2025-10-02 - Toshiba EXT (Backup)/Colaboraciones/Colaboracion-Susana-muestras-MnEquiva/20230602_142720_prc230602_LFM_phantom_cells_MnO2_prc230602__1_1/11,DICOM regenerated by Dicomifier 2.5.3 (+ gjesus3 workarounds) from the ParaVision 2dseq before ingest
20230602_142720_prc230602_LFM_phantom_cells_MnO2_prc230602__1_1/12,"2023-06-03T05:19:26,482+0200",visu_pars.VisuCreationDate,Bruker BioSpec 7T,phantom,prc230602_LFM-phantom-cells-MnO2,2025-10-02 - Toshiba EXT (Backup)/Colaboraciones/Colaboracion-Susana-muestras-MnEquiva/20230602_142720_prc230602_LFM_phantom_cells_MnO2_prc230602__1_1/12,DICOM regenerated by Dicomifier 2.5.3 (+ gjesus3 workarounds) from the ParaVision 2dseq before ingest
20230602_142720_prc230602_LFM_phantom_cells_MnO2_prc230602__1_1/4,"2023-06-02T14:40:14,673+0200",visu_pars.VisuCreationDate,Bruker BioSpec 7T,phantom,prc230602_LFM-phantom-cells-MnO2,2025-10-02 - Toshiba EXT (Backup)/Colaboraciones/Colaboracion-Susana-muestras-MnEquiva/20230602_142720_prc230602_LFM_phantom_cells_MnO2_prc230602__1_1/4,DICOM regenerated by Dicomifier 2.5.3 (+ gjesus3 workarounds) from the ParaVision 2dseq before ingest
20230602_142720_prc230602_LFM_phantom_cells_MnO2_prc230602__1_1/6,"2023-06-02T14:44:21,252+0200",visu_pars.VisuCreationDate,Bruker BioSpec 7T,phantom,prc230602_LFM-phantom-cells-MnO2,2025-10-02 - Toshiba EXT (Backup)/Colaboraciones/Colaboracion-Susana-muestras-MnEquiva/20230602_142720_prc230602_LFM_phantom_cells_MnO2_prc230602__1_1/6,DICOM regenerated by Dicomifier 2.5.3 (+ gjesus3 workarounds) from the ParaVision 2dseq before ingest
20230602_142720_prc230602_LFM_phantom_cells_MnO2_prc230602__1_1/7,"2023-06-02T14:46:20,813+0200",visu_pars.VisuCreationDate,Bruker BioSpec 7T,phantom,prc230602_LFM-phantom-cells-MnO2,2025-10-02 - Toshiba EXT (Backup)/Colaboraciones/Colaboracion-Susana-muestras-MnEquiva/20230602_142720_prc230602_LFM_phantom_cells_MnO2_prc230602__1_1/7,DICOM regenerated by Dicomifier 2.5.3 (+ gjesus3 workarounds) from the ParaVision 2dseq before ingest
20230602_142720_prc230602_LFM_phantom_cells_MnO2_prc230602__1_1/8,"2023-06-02T14:50:54,526+0200",visu_pars.VisuCreationDate,Bruker BioSpec 7T,phantom,prc230602_LFM-phantom-cells-MnO2,2025-10-02 - Toshiba EXT (Backup)/Colaboraciones/Colaboracion-Susana-muestras-MnEquiva/20230602_142720_prc230602_LFM_phantom_cells_MnO2_prc230602__1_1/8,DICOM regenerated by Dicomifier 2.5.3 (+ gjesus3 workarounds) from the ParaVision 2dseq before ingest
20230602_142720_prc230602_LFM_phantom_cells_MnO2_prc230602__1_1/9,"2023-06-02T16:42:02,346+0200",visu_pars.VisuCreationDate,Bruker BioSpec 7T,phantom,prc230602_LFM-phantom-cells-MnO2,2025-10-02 - Toshiba EXT (Backup)/Colaboraciones/Colaboracion-Susana-muestras-MnEquiva/20230602_142720_prc230602_LFM_phantom_cells_MnO2_prc230602__1_1/9,DICOM regenerated by Dicomifier 2.5.3 (+ gjesus3 workarounds) from the ParaVision 2dseq before ingest
20230616_124830_prc230616_phantom_cells_2Eq_prc230616_phant_1_1/10,"2023-06-16T18:50:03,197+0200",visu_pars.VisuCreationDate,Bruker BioSpec 7T,phantom,prc230616_phantom_cells_2Eq,2025-10-02 - Toshiba EXT (Backup)/Colaboraciones/Colaboracion-Susana-muestras-MnEquiva/Phantom-MnO2-2Equ-CELLS/20230616_124830_prc230616_phantom_cells_2Eq_prc230616_phant_1_1/10,DICOM regenerated by Dicomifier 2.5.3 (+ gjesus3 workarounds) from the ParaVision 2dseq before ingest
20230616_124830_prc230616_phantom_cells_2Eq_prc230616_phant_1_1/11,"2023-06-16T23:40:47,531+0200",visu_pars.VisuCreationDate,Bruker BioSpec 7T,phantom,prc230616_phantom_cells_2Eq,2025-10-02 - Toshiba EXT (Backup)/Colaboraciones/Colaboracion-Susana-muestras-MnEquiva/Phantom-MnO2-2Equ-CELLS/20230616_124830_prc230616_phantom_cells_2Eq_prc230616_phant_1_1/11,DICOM regenerated by Dicomifier 2.5.3 (+ gjesus3 workarounds) from the ParaVision 2dseq before ingest
20230616_124830_prc230616_phantom_cells_2Eq_prc230616_phant_1_1/3,"2023-06-16T13:00:52,878+0200",visu_pars.VisuCreationDate,Bruker BioSpec 7T,phantom,prc230616_phantom_cells_2Eq,2025-10-02 - Toshiba EXT (Backup)/Colaboraciones/Colaboracion-Susana-muestras-MnEquiva/Phantom-MnO2-2Equ-CELLS/20230616_124830_prc230616_phantom_cells_2Eq_prc230616_phant_1_1/3,DICOM regenerated by Dicomifier 2.5.3 (+ gjesus3 workarounds) from the ParaVision 2dseq before ingest
20230616_124830_prc230616_phantom_cells_2Eq_prc230616_phant_1_1/4,"2023-06-16T13:02:14,017+0200",visu_pars.VisuCreationDate,Bruker BioSpec 7T,phantom,prc230616_phantom_cells_2Eq,2025-10-02 - Toshiba EXT (Backup)/Colaboraciones/Colaboracion-Susana-muestras-MnEquiva/Phantom-MnO2-2Equ-CELLS/20230616_124830_prc230616_phantom_cells_2Eq_prc230616_phant_1_1/4,DICOM regenerated by Dicomifier 2.5.3 (+ gjesus3 workarounds) from the ParaVision 2dseq before ingest
20230616_124830_prc230616_phantom_cells_2Eq_prc230616_phant_1_1/5,"2023-06-16T13:09:19,366+0200",visu_pars.VisuCreationDate,Bruker BioSpec 7T,phantom,prc230616_phantom_cells_2Eq,2025-10-02 - Toshiba EXT (Backup)/Colaboraciones/Colaboracion-Susana-muestras-MnEquiva/Phantom-MnO2-2Equ-CELLS/20230616_124830_prc230616_phantom_cells_2Eq_prc230616_phant_1_1/5,DICOM regenerated by Dicomifier 2.5.3 (+ gjesus3 workarounds) from the ParaVision 2dseq before ingest
20230616_124830_prc230616_phantom_cells_2Eq_prc230616_phant_1_1/8,"2023-06-16T13:11:20,557+0200",visu_pars.VisuCreationDate,Bruker BioSpec 7T,phantom,prc230616_phantom_cells_2Eq,2025-10-02 - Toshiba EXT (Backup)/Colaboraciones/Colaboracion-Susana-muestras-MnEquiva/Phantom-MnO2-2Equ-CELLS/20230616_124830_prc230616_phantom_cells_2Eq_prc230616_phant_1_1/8,DICOM regenerated by Dicomifier 2.5.3 (+ gjesus3 workarounds) from the ParaVision 2dseq before ingest
20230616_124830_prc230616_phantom_cells_2Eq_prc230616_phant_1_1/9,"2023-06-16T15:00:36,267+0200",visu_pars.VisuCreationDate,Bruker BioSpec 7T,phantom,prc230616_phantom_cells_2Eq,2025-10-02 - Toshiba EXT (Backup)/Colaboraciones/Colaboracion-Susana-muestras-MnEquiva/Phantom-MnO2-2Equ-CELLS/20230616_124830_prc230616_phantom_cells_2Eq_prc230616_phant_1_1/9,DICOM regenerated by Dicomifier 2.5.3 (+ gjesus3 workarounds) from the ParaVision 2dseq before ingest
20230620_162813_jrc230620_Phantom_Claudia_10K_jrc230620_Pha_1_1/1,"2023-06-20T16:38:29,384+0200",visu_pars.VisuCreationDate,Bruker BioSpec 7T,phantom,jrc230620_Phantom_Claudia_10K,2025-10-02 - Toshiba EXT (Backup)/Colaboraciones/Muestra-Caludia/20230620_162813_jrc230620_Phantom_Claudia_10K_jrc230620_Pha_1_1/1,DICOM regenerated by Dicomifier 2.5.3 (+ gjesus3 workarounds) from the ParaVision 2dseq before ingest
20230620_162813_jrc230620_Phantom_Claudia_10K_jrc230620_Pha_1_1/2,"2023-06-20T17:36:02,163+0200",visu_pars.VisuCreationDate,Bruker BioSpec 7T,phantom,jrc230620_Phantom_Claudia_10K,2025-10-02 - Toshiba EXT (Backup)/Colaboraciones/Muestra-Caludia/20230620_162813_jrc230620_Phantom_Claudia_10K_jrc230620_Pha_1_1/2,DICOM regenerated by Dicomifier 2.5.3 (+ gjesus3 workarounds) from the ParaVision 2dseq before ingest
20230620_162813_jrc230620_Phantom_Claudia_10K_jrc230620_Pha_1_1/3,"2023-06-20T19:11:42,603+0200",visu_pars.VisuCreationDate,Bruker BioSpec 7T,phantom,jrc230620_Phantom_Claudia_10K,2025-10-02 - Toshiba EXT (Backup)/Colaboraciones/Muestra-Caludia/20230620_162813_jrc230620_Phantom_Claudia_10K_jrc230620_Pha_1_1/3,DICOM regenerated by Dicomifier 2.5.3 (+ gjesus3 workarounds) from the ParaVision 2dseq before ingest
20230704_085230_prc_230704_1_PLGA_PEG_MAL_NP_1_1_1/6,"2023-07-04T09:06:00,830+0200",visu_pars.VisuCreationDate,Bruker BioSpec 7T,material,prc_230704_1-PLGA-PEG-MAL-NP,2025-10-02 - Toshiba EXT (Backup)/Colaboraciones/Colaboracion-Catarina-Portugal/MRI-NPs/20230704_085230_prc_230704_1_PLGA_PEG_MAL_NP_1_1_1/6,DICOM regenerated by Dicomifier 2.5.3 (+ gjesus3 workarounds) from the ParaVision 2dseq before ingest
20230704_085230_prc_230704_1_PLGA_PEG_MAL_NP_1_1_1/7,"2023-07-04T10:02:01,937+0200",visu_pars.VisuCreationDate,Bruker BioSpec 7T,material,prc_230704_1-PLGA-PEG-MAL-NP,2025-10-02 - Toshiba EXT (Backup)/Colaboraciones/Colaboracion-Catarina-Portugal/MRI-NPs/20230704_085230_prc_230704_1_PLGA_PEG_MAL_NP_1_1_1/7,DICOM regenerated by Dicomifier 2.5.3 (+ gjesus3 workarounds) from the ParaVision 2dseq before ingest
20230704_085230_prc_230704_1_PLGA_PEG_MAL_NP_1_1_1/8,"2023-07-04T11:37:41,808+0200",visu_pars.VisuCreationDate,Bruker BioSpec 7T,material,prc_230704_1-PLGA-PEG-MAL-NP,2025-10-02 - Toshiba EXT (Backup)/Colaboraciones/Colaboracion-Catarina-Portugal/MRI-NPs/20230704_085230_prc_230704_1_PLGA_PEG_MAL_NP_1_1_1/8,DICOM regenerated by Dicomifier 2.5.3 (+ gjesus3 workarounds) from the ParaVision 2dseq before ingest
20230706_174026_prc_230706_2_PepH3_PLGA_NP_1_1_1/1,"2023-07-06T17:46:19,143+0200",visu_pars.VisuCreationDate,Bruker BioSpec 7T,material,prc_230706_2-PepH3-PLGA-NP,2025-10-02 - Toshiba EXT (Backup)/Colaboraciones/Colaboracion-Catarina-Portugal/MRI-NPs/20230706_174026_prc_230706_2_PepH3_PLGA_NP_1_1_1/1,DICOM regenerated by Dicomifier 2.5.3 (+ gjesus3 workarounds) from the ParaVision 2dseq before ingest
20230706_174026_prc_230706_2_PepH3_PLGA_NP_1_1_1/3,"2023-07-06T17:49:55,228+0200",visu_pars.VisuCreationDate,Bruker BioSpec 7T,material,prc_230706_2-PepH3-PLGA-NP,2025-10-02 - Toshiba EXT (Backup)/Colaboraciones/Colaboracion-Catarina-Portugal/MRI-NPs/20230706_174026_prc_230706_2_PepH3_PLGA_NP_1_1_1/3,DICOM regenerated by Dicomifier 2.5.3 (+ gjesus3 workarounds) from the ParaVision 2dseq before ingest
20230706_174026_prc_230706_2_PepH3_PLGA_NP_1_1_1/4,"2023-07-06T18:45:18,521+0200",visu_pars.VisuCreationDate,Bruker BioSpec 7T,material,prc_230706_2-PepH3-PLGA-NP,2025-10-02 - Toshiba EXT (Backup)/Colaboraciones/Colaboracion-Catarina-Portugal/MRI-NPs/20230706_174026_prc_230706_2_PepH3_PLGA_NP_1_1_1/4,DICOM regenerated by Dicomifier 2.5.3 (+ gjesus3 workarounds) from the ParaVision 2dseq before ingest
20230706_174026_prc_230706_2_PepH3_PLGA_NP_1_1_1/5,"2023-07-06T20:20:58,256+0200",visu_pars.VisuCreationDate,Bruker BioSpec 7T,material,prc_230706_2-PepH3-PLGA-NP,2025-10-02 - Toshiba EXT (Backup)/Colaboraciones/Colaboracion-Catarina-Portugal/MRI-NPs/20230706_174026_prc_230706_2_PepH3_PLGA_NP_1_1_1/5,DICOM regenerated by Dicomifier 2.5.3 (+ gjesus3 workarounds) from the ParaVision 2dseq before ingest
20230707_134411_prc230707_LFM_phantom_cells_MnO2_0_5EQ_1_1_1/10,"2023-07-07T14:14:36,157+0200",visu_pars.VisuCreationDate,Bruker BioSpec 7T,phantom,prc230707_LFM-phantom-cells.MnO2-0.5EQ,2025-10-02 - Toshiba EXT (Backup)/Colaboraciones/Colaboracion-Susana-muestras-MnEquiva/20230707_134411_prc230707_LFM_phantom_cells_MnO2_0_5EQ_1_1_1/10,DICOM regenerated by Dicomifier 2.5.3 (+ gjesus3 workarounds) from the ParaVision 2dseq before ingest
20230707_134411_prc230707_LFM_phantom_cells_MnO2_0_5EQ_1_1_1/13,"2023-07-07T14:17:17,397+0200",visu_pars.VisuCreationDate,Bruker BioSpec 7T,phantom,prc230707_LFM-phantom-cells.MnO2-0.5EQ,2025-10-02 - Toshiba EXT (Backup)/Colaboraciones/Colaboracion-Susana-muestras-MnEquiva/20230707_134411_prc230707_LFM_phantom_cells_MnO2_0_5EQ_1_1_1/13,DICOM regenerated by Dicomifier 2.5.3 (+ gjesus3 workarounds) from the ParaVision 2dseq before ingest
20230707_134411_prc230707_LFM_phantom_cells_MnO2_0_5EQ_1_1_1/14,"2023-07-07T18:05:12,276+0200",visu_pars.VisuCreationDate,Bruker BioSpec 7T,phantom,prc230707_LFM-phantom-cells.MnO2-0.5EQ,2025-10-02 - Toshiba EXT (Backup)/Colaboraciones/Colaboracion-Susana-muestras-MnEquiva/20230707_134411_prc230707_LFM_phantom_cells_MnO2_0_5EQ_1_1_1/14,DICOM regenerated by Dicomifier 2.5.3 (+ gjesus3 workarounds) from the ParaVision 2dseq before ingest
20230707_134411_prc230707_LFM_phantom_cells_MnO2_0_5EQ_1_1_1/15,"2023-07-07T21:57:38,601+0200",visu_pars.VisuCreationDate,Bruker BioSpec 7T,phantom,prc230707_LFM-phantom-cells.MnO2-0.5EQ,2025-10-02 - Toshiba EXT (Backup)/Colaboraciones/Colaboracion-Susana-muestras-MnEquiva/20230707_134411_prc230707_LFM_phantom_cells_MnO2_0_5EQ_1_1_1/15,DICOM regenerated by Dicomifier 2.5.3 (+ gjesus3 workarounds) from the ParaVision 2dseq before ingest
20230707_134411_prc230707_LFM_phantom_cells_MnO2_0_5EQ_1_1_1/8,"2023-07-07T14:04:33,361+0200",visu_pars.VisuCreationDate,Bruker BioSpec 7T,phantom,prc230707_LFM-phantom-cells.MnO2-0.5EQ,2025-10-02 - Toshiba EXT (Backup)/Colaboraciones/Colaboracion-Susana-muestras-MnEquiva/20230707_134411_prc230707_LFM_phantom_cells_MnO2_0_5EQ_1_1_1/8,DICOM regenerated by Dicomifier 2.5.3 (+ gjesus3 workarounds) from the ParaVision 2dseq before ingest
20230711_154709_prc_230711_3_VL_sdAb__PLGA_PEG_1_1_1/1,"2023-07-11T15:52:43,476+0200",visu_pars.VisuCreationDate,Bruker BioSpec 7T,material,prc_230711_3-VL(sdAb)-PLGA-PEG,2025-10-02 - Toshiba EXT (Backup)/Colaboraciones/Colaboracion-Catarina-Portugal/MRI-NPs/20230711_154709_prc_230711_3_VL_sdAb__PLGA_PEG_1_1_1/1,DICOM regenerated by Dicomifier 2.5.3 (+ gjesus3 workarounds) from the ParaVision 2dseq before ingest
20230711_154709_prc_230711_3_VL_sdAb__PLGA_PEG_1_1_1/2,"2023-07-11T15:55:24,258+0200",visu_pars.VisuCreationDate,Bruker BioSpec 7T,material,prc_230711_3-VL(sdAb)-PLGA-PEG,2025-10-02 - Toshiba EXT (Backup)/Colaboraciones/Colaboracion-Catarina-Portugal/MRI-NPs/20230711_154709_prc_230711_3_VL_sdAb__PLGA_PEG_1_1_1/2,DICOM regenerated by Dicomifier 2.5.3 (+ gjesus3 workarounds) from the ParaVision 2dseq before ingest
20230711_154709_prc_230711_3_VL_sdAb__PLGA_PEG_1_1_1/3,"2023-07-11T16:50:50,994+0200",visu_pars.VisuCreationDate,Bruker BioSpec 7T,material,prc_230711_3-VL(sdAb)-PLGA-PEG,2025-10-02 - Toshiba EXT (Backup)/Colaboraciones/Colaboracion-Catarina-Portugal/MRI-NPs/20230711_154709_prc_230711_3_VL_sdAb__PLGA_PEG_1_1_1/3,DICOM regenerated by Dicomifier 2.5.3 (+ gjesus3 workarounds) from the ParaVision 2dseq before ingest
20230712_103427_prc_230711_4_VL_sdAb__pepH3_PLGA_PEG_1_1_1/2,"2023-07-12T10:43:27,038+0200",visu_pars.VisuCreationDate,Bruker BioSpec 7T,material,prc_230711_4-VL(sdAb)-pepH3-PLGA-PEG,2025-10-02 - Toshiba EXT (Backup)/Colaboraciones/Muestras Portugal/7T/20230712_103427_prc_230711_4_VL_sdAb__pepH3_PLGA_PEG_1_1_1/2,DICOM regenerated by Dicomifier 2.5.3 (+ gjesus3 workarounds) from the ParaVision 2dseq before ingest
20230712_103427_prc_230711_4_VL_sdAb__pepH3_PLGA_PEG_1_1_1/3,"2023-07-12T11:39:09,590+0200",visu_pars.VisuCreationDate,Bruker BioSpec 7T,material,prc_230711_4-VL(sdAb)-pepH3-PLGA-PEG,2025-10-02 - Toshiba EXT (Backup)/Colaboraciones/Muestras Portugal/7T/20230712_103427_prc_230711_4_VL_sdAb__pepH3_PLGA_PEG_1_1_1/3,DICOM regenerated by Dicomifier 2.5.3 (+ gjesus3 workarounds) from the ParaVision 2dseq before ingest
20230712_103427_prc_230711_4_VL_sdAb__pepH3_PLGA_PEG_1_1_1/4,"2023-07-12T13:14:49,368+0200",visu_pars.VisuCreationDate,Bruker BioSpec 7T,material,prc_230711_4-VL(sdAb)-pepH3-PLGA-PEG,2025-10-02 - Toshiba EXT (Backup)/Colaboraciones/Muestras Portugal/7T/20230712_103427_prc_230711_4_VL_sdAb__pepH3_PLGA_PEG_1_1_1/4,DICOM regenerated by Dicomifier 2.5.3 (+ gjesus3 workarounds) from the ParaVision 2dseq before ingest
20230712_152231_prc_230711_5_PLGA_PEG_IONP_1_1_1/2,"2023-07-12T15:28:46,358+0200",visu_pars.VisuCreationDate,Bruker BioSpec 7T,material,prc_230711_5-PLGA-PEG-IONP,2025-10-02 - Toshiba EXT (Backup)/Colaboraciones/Muestras Portugal/7T/20230712_152231_prc_230711_5_PLGA_PEG_IONP_1_1_1/2,DICOM regenerated by Dicomifier 2.5.3 (+ gjesus3 workarounds) from the ParaVision 2dseq before ingest
20230712_152231_prc_230711_5_PLGA_PEG_IONP_1_1_1/3,"2023-07-12T16:25:40,481+0200",visu_pars.VisuCreationDate,Bruker BioSpec 7T,material,prc_230711_5-PLGA-PEG-IONP,2025-10-02 - Toshiba EXT (Backup)/Colaboraciones/Muestras Portugal/7T/20230712_152231_prc_230711_5_PLGA_PEG_IONP_1_1_1/3,DICOM regenerated by Dicomifier 2.5.3 (+ gjesus3 workarounds) from the ParaVision 2dseq before ingest
20230712_152231_prc_230711_5_PLGA_PEG_IONP_1_1_1/4,"2023-07-12T18:01:20,363+0200",visu_pars.VisuCreationDate,Bruker BioSpec 7T,material,prc_230711_5-PLGA-PEG-IONP,2025-10-02 - Toshiba EXT (Backup)/Colaboraciones/Muestras Portugal/7T/20230712_152231_prc_230711_5_PLGA_PEG_IONP_1_1_1/4,DICOM regenerated by Dicomifier 2.5.3 (+ gjesus3 workarounds) from the ParaVision 2dseq before ingest
20230713_162108_prc_230713_6_PepH3_PLGA_IONP_1_1_1/2,"2023-07-13T16:30:38,884+0200",visu_pars.VisuCreationDate,Bruker BioSpec 7T,material,prc_230713_6-PepH3-PLGA-IONP,2025-10-02 - Toshiba EXT (Backup)/Colaboraciones/Muestras Portugal/7T/20230713_162108_prc_230713_6_PepH3_PLGA_IONP_1_1_1/2,DICOM regenerated by Dicomifier 2.5.3 (+ gjesus3 workarounds) from the ParaVision 2dseq before ingest
20230713_162108_prc_230713_6_PepH3_PLGA_IONP_1_1_1/3,"2023-07-13T17:25:58,883+0200",visu_pars.VisuCreationDate,Bruker BioSpec 7T,material,prc_230713_6-PepH3-PLGA-IONP,2025-10-02 - Toshiba EXT (Backup)/Colaboraciones/Muestras Portugal/7T/20230713_162108_prc_230713_6_PepH3_PLGA_IONP_1_1_1/3,DICOM regenerated by Dicomifier 2.5.3 (+ gjesus3 workarounds) from the ParaVision 2dseq before ingest
20230713_162108_prc_230713_6_PepH3_PLGA_IONP_1_1_1/4,"2023-07-13T19:01:38,629+0200",visu_pars.VisuCreationDate,Bruker BioSpec 7T,material,prc_230713_6-PepH3-PLGA-IONP,2025-10-02 - Toshiba EXT (Backup)/Colaboraciones/Muestras Portugal/7T/20230713_162108_prc_230713_6_PepH3_PLGA_IONP_1_1_1/4,DICOM regenerated by Dicomifier 2.5.3 (+ gjesus3 workarounds) from the ParaVision 2dseq before ingest
20230719_113329_prc_320719_7_Vl_sdAb__PLGA_PEG_IONP_1_1_1/1,"2023-07-19T11:39:43,598+0200",visu_pars.VisuCreationDate,Bruker BioSpec 7T,material,prc_320719_7-Vl(sdAb)-PLGA-PEG-IONP,2025-10-02 - Toshiba EXT (Backup)/Colaboraciones/Muestras Portugal/7T/20230719_113329_prc_320719_7_Vl_sdAb__PLGA_PEG_IONP_1_1_1/1,DICOM regenerated by Dicomifier 2.5.3 (+ gjesus3 workarounds) from the ParaVision 2dseq before ingest
20230719_113329_prc_320719_7_Vl_sdAb__PLGA_PEG_IONP_1_1_1/2,"2023-07-19T12:36:39,720+0200",visu_pars.VisuCreationDate,Bruker BioSpec 7T,material,prc_320719_7-Vl(sdAb)-PLGA-PEG-IONP,2025-10-02 - Toshiba EXT (Backup)/Colaboraciones/Muestras Portugal/7T/20230719_113329_prc_320719_7_Vl_sdAb__PLGA_PEG_IONP_1_1_1/2,DICOM regenerated by Dicomifier 2.5.3 (+ gjesus3 workarounds) from the ParaVision 2dseq before ingest
20230719_113329_prc_320719_7_Vl_sdAb__PLGA_PEG_IONP_1_1_1/3,"2023-07-19T14:12:19,381+0200",visu_pars.VisuCreationDate,Bruker BioSpec 7T,material,prc_320719_7-Vl(sdAb)-PLGA-PEG-IONP,2025-10-02 - Toshiba EXT (Backup)/Colaboraciones/Muestras Portugal/7T/20230719_113329_prc_320719_7_Vl_sdAb__PLGA_PEG_IONP_1_1_1/3,DICOM regenerated by Dicomifier 2.5.3 (+ gjesus3 workarounds) from the ParaVision 2dseq before ingest
20230719_145704_prc_320719_7_Vl_sdAb__PepH3_PLGA_PEG_IONP_1_1_1/1,"2023-07-19T15:03:49,501+0200",visu_pars.VisuCreationDate,Bruker BioSpec 7T,material,prc_320719_7-Vl(sdAb)-PepH3-PLGA-PEG-IONP,2025-10-02 - Toshiba EXT (Backup)/Colaboraciones/Muestras Portugal/7T/20230719_145704_prc_320719_7_Vl_sdAb__PepH3_PLGA_PEG_IONP_1_1_1/1,DICOM regenerated by Dicomifier 2.5.3 (+ gjesus3 workarounds) from the ParaVision 2dseq before ingest
20230719_145704_prc_320719_7_Vl_sdAb__PepH3_PLGA_PEG_IONP_1_1_1/2,"2023-07-19T16:00:47,282+0200",visu_pars.VisuCreationDate,Bruker BioSpec 7T,material,prc_320719_7-Vl(sdAb)-PepH3-PLGA-PEG-IONP,2025-10-02 - Toshiba EXT (Backup)/Colaboraciones/Muestras Portugal/7T/20230719_145704_prc_320719_7_Vl_sdAb__PepH3_PLGA_PEG_IONP_1_1_1/2,DICOM regenerated by Dicomifier 2.5.3 (+ gjesus3 workarounds) from the ParaVision 2dseq before ingest
20230719_145704_prc_320719_7_Vl_sdAb__PepH3_PLGA_PEG_IONP_1_1_1/3,"2023-07-19T17:36:27,904+0200",visu_pars.VisuCreationDate,Bruker BioSpec 7T,material,prc_320719_7-Vl(sdAb)-PepH3-PLGA-PEG-IONP,2025-10-02 - Toshiba EXT (Backup)/Colaboraciones/Muestras Portugal/7T/20230719_145704_prc_320719_7_Vl_sdAb__PepH3_PLGA_PEG_IONP_1_1_1/3,DICOM regenerated by Dicomifier 2.5.3 (+ gjesus3 workarounds) from the ParaVision 2dseq before ingest
