original_name,drv_acq_datetime,drv_acq_time_source,drv_dicom_origin
20210128_090809_jrc210128_m50MBmrs_1_1/10,"2021-01-28T10:04:36,768+0100",visu_pars.VisuCreationDate,DICOM regenerated by Dicomifier 2.5.3 (+ gjesus3 workarounds) from the ParaVision 2dseq before ingest
20210128_090809_jrc210128_m50MBmrs_1_1/3,"2021-01-28T09:39:41,503+0100",visu_pars.VisuCreationDate,DICOM regenerated by Dicomifier 2.5.3 (+ gjesus3 workarounds) from the ParaVision 2dseq before ingest
20210128_090809_jrc210128_m50MBmrs_1_1/4,"2021-01-28T09:43:27,692+0100",visu_pars.VisuCreationDate,DICOM regenerated by Dicomifier 2.5.3 (+ gjesus3 workarounds) from the ParaVision 2dseq before ingest
20210128_090809_jrc210128_m50MBmrs_1_1/5,"2021-01-28T09:46:27,374+0100",visu_pars.VisuCreationDate,DICOM regenerated by Dicomifier 2.5.3 (+ gjesus3 workarounds) from the ParaVision 2dseq before ingest
20210128_090809_jrc210128_m50MBmrs_1_1/6,"2021-01-28T09:49:04,328+0100",visu_pars.VisuCreationDate,DICOM regenerated by Dicomifier 2.5.3 (+ gjesus3 workarounds) from the ParaVision 2dseq before ingest
20210128_090809_jrc210128_m50MBmrs_1_1/7,"2021-01-28T09:51:41,187+0100",visu_pars.VisuCreationDate,DICOM regenerated by Dicomifier 2.5.3 (+ gjesus3 workarounds) from the ParaVision 2dseq before ingest
20210128_102542_jrc210128_m53MBmrs_1_1/10,"2021-01-28T11:31:02,361+0100",visu_pars.VisuCreationDate,DICOM regenerated by Dicomifier 2.5.3 (+ gjesus3 workarounds) from the ParaVision 2dseq before ingest
20210128_102542_jrc210128_m53MBmrs_1_1/4,"2021-01-28T11:07:06,512+0100",visu_pars.VisuCreationDate,DICOM regenerated by Dicomifier 2.5.3 (+ gjesus3 workarounds) from the ParaVision 2dseq before ingest
20210128_102542_jrc210128_m53MBmrs_1_1/5,"2021-01-28T11:10:10,254+0100",visu_pars.VisuCreationDate,DICOM regenerated by Dicomifier 2.5.3 (+ gjesus3 workarounds) from the ParaVision 2dseq before ingest
20210128_102542_jrc210128_m53MBmrs_1_1/6,"2021-01-28T11:12:47,140+0100",visu_pars.VisuCreationDate,DICOM regenerated by Dicomifier 2.5.3 (+ gjesus3 workarounds) from the ParaVision 2dseq before ingest
20210128_102542_jrc210128_m53MBmrs_1_1/7,"2021-01-28T11:15:24,261+0100",visu_pars.VisuCreationDate,DICOM regenerated by Dicomifier 2.5.3 (+ gjesus3 workarounds) from the ParaVision 2dseq before ingest
20210129_113034_jrc210129_m57MBmrs_1_1/4,"2021-01-29T12:22:36,444+0100",visu_pars.VisuCreationDate,DICOM regenerated by Dicomifier 2.5.3 (+ gjesus3 workarounds) from the ParaVision 2dseq before ingest
20210129_113034_jrc210129_m57MBmrs_1_1/5,"2021-01-29T12:25:30,867+0100",visu_pars.VisuCreationDate,DICOM regenerated by Dicomifier 2.5.3 (+ gjesus3 workarounds) from the ParaVision 2dseq before ingest
20210129_113034_jrc210129_m57MBmrs_1_1/6,"2021-01-29T12:28:08,005+0100",visu_pars.VisuCreationDate,DICOM regenerated by Dicomifier 2.5.3 (+ gjesus3 workarounds) from the ParaVision 2dseq before ingest
20210129_113034_jrc210129_m57MBmrs_1_1/9,"2021-01-29T12:36:16,305+0100",visu_pars.VisuCreationDate,DICOM regenerated by Dicomifier 2.5.3 (+ gjesus3 workarounds) from the ParaVision 2dseq before ingest
20210129_125823_jrc210129_m56MBmrs_1_1/1,"2021-01-29T13:16:06,410+0100",visu_pars.VisuCreationDate,DICOM regenerated by Dicomifier 2.5.3 (+ gjesus3 workarounds) from the ParaVision 2dseq before ingest
20210129_125823_jrc210129_m56MBmrs_1_1/2,"2021-01-29T13:20:00,311+0100",visu_pars.VisuCreationDate,DICOM regenerated by Dicomifier 2.5.3 (+ gjesus3 workarounds) from the ParaVision 2dseq before ingest
20210129_125823_jrc210129_m56MBmrs_1_1/3,"2021-01-29T13:22:37,245+0100",visu_pars.VisuCreationDate,DICOM regenerated by Dicomifier 2.5.3 (+ gjesus3 workarounds) from the ParaVision 2dseq before ingest
20210129_125823_jrc210129_m56MBmrs_1_1/6,"2021-01-29T13:30:08,988+0100",visu_pars.VisuCreationDate,DICOM regenerated by Dicomifier 2.5.3 (+ gjesus3 workarounds) from the ParaVision 2dseq before ingest
20210222_085824_jrc210222_m55MBmrs_1_1/12,"2021-02-22T10:19:08,247+0100",visu_pars.VisuCreationDate,DICOM regenerated by Dicomifier 2.5.3 (+ gjesus3 workarounds) from the ParaVision 2dseq before ingest
20210222_085824_jrc210222_m55MBmrs_1_1/5,"2021-02-22T09:57:45,072+0100",visu_pars.VisuCreationDate,DICOM regenerated by Dicomifier 2.5.3 (+ gjesus3 workarounds) from the ParaVision 2dseq before ingest
20210222_085824_jrc210222_m55MBmrs_1_1/6,"2021-02-22T10:00:40,666+0100",visu_pars.VisuCreationDate,DICOM regenerated by Dicomifier 2.5.3 (+ gjesus3 workarounds) from the ParaVision 2dseq before ingest
20210222_085824_jrc210222_m55MBmrs_1_1/7,"2021-02-22T10:03:17,978+0100",visu_pars.VisuCreationDate,DICOM regenerated by Dicomifier 2.5.3 (+ gjesus3 workarounds) from the ParaVision 2dseq before ingest
20210222_085824_jrc210222_m55MBmrs_1_1/8,"2021-02-22T10:05:54,981+0100",visu_pars.VisuCreationDate,DICOM regenerated by Dicomifier 2.5.3 (+ gjesus3 workarounds) from the ParaVision 2dseq before ingest
20210222_104227_jrc210222_m58MBmrs_1_1/2,"2021-02-22T11:13:21,219+0100",visu_pars.VisuCreationDate,DICOM regenerated by Dicomifier 2.5.3 (+ gjesus3 workarounds) from the ParaVision 2dseq before ingest
20210222_104227_jrc210222_m58MBmrs_1_1/3,"2021-02-22T11:17:18,124+0100",visu_pars.VisuCreationDate,DICOM regenerated by Dicomifier 2.5.3 (+ gjesus3 workarounds) from the ParaVision 2dseq before ingest
20210222_104227_jrc210222_m58MBmrs_1_1/4,"2021-02-22T11:19:55,037+0100",visu_pars.VisuCreationDate,DICOM regenerated by Dicomifier 2.5.3 (+ gjesus3 workarounds) from the ParaVision 2dseq before ingest
20210222_104227_jrc210222_m58MBmrs_1_1/5,"2021-02-22T11:22:32,138+0100",visu_pars.VisuCreationDate,DICOM regenerated by Dicomifier 2.5.3 (+ gjesus3 workarounds) from the ParaVision 2dseq before ingest
20210222_104227_jrc210222_m58MBmrs_1_1/8,"2021-02-22T11:29:57,875+0100",visu_pars.VisuCreationDate,DICOM regenerated by Dicomifier 2.5.3 (+ gjesus3 workarounds) from the ParaVision 2dseq before ingest
20210301_125535_jrc210301_m57LVmrs_1_1/11,"2021-03-01T14:36:11,210+0100",visu_pars.VisuCreationDate,DICOM regenerated by Dicomifier 2.5.3 (+ gjesus3 workarounds) from the ParaVision 2dseq before ingest
20210301_125535_jrc210301_m57LVmrs_1_1/7,"2021-03-01T14:05:25,699+0100",visu_pars.VisuCreationDate,DICOM regenerated by Dicomifier 2.5.3 (+ gjesus3 workarounds) from the ParaVision 2dseq before ingest
20210301_125535_jrc210301_m57LVmrs_1_1/8,"2021-03-01T14:17:15,403+0100",visu_pars.VisuCreationDate,DICOM regenerated by Dicomifier 2.5.3 (+ gjesus3 workarounds) from the ParaVision 2dseq before ingest
20210301_125535_jrc210301_m57LVmrs_1_1/9,"2021-03-01T14:27:36,959+0100",visu_pars.VisuCreationDate,DICOM regenerated by Dicomifier 2.5.3 (+ gjesus3 workarounds) from the ParaVision 2dseq before ingest
20210302_093848_jrc210302_m56LVmrs_1_1/3,"2021-03-02T10:21:36,762+0100",visu_pars.VisuCreationDate,DICOM regenerated by Dicomifier 2.5.3 (+ gjesus3 workarounds) from the ParaVision 2dseq before ingest
20210302_093848_jrc210302_m56LVmrs_1_1/4,"2021-03-02T10:32:15,828+0100",visu_pars.VisuCreationDate,DICOM regenerated by Dicomifier 2.5.3 (+ gjesus3 workarounds) from the ParaVision 2dseq before ingest
20210302_093848_jrc210302_m56LVmrs_1_1/5,"2021-03-02T10:45:19,662+0100",visu_pars.VisuCreationDate,DICOM regenerated by Dicomifier 2.5.3 (+ gjesus3 workarounds) from the ParaVision 2dseq before ingest
20210302_093848_jrc210302_m56LVmrs_1_1/7,"2021-03-02T10:54:50,706+0100",visu_pars.VisuCreationDate,DICOM regenerated by Dicomifier 2.5.3 (+ gjesus3 workarounds) from the ParaVision 2dseq before ingest
