original_name,status,n_dicom,reason
20221006_135248_pr221006_LF_Cells_LP_IONP_pr221006_LF_Cells_1_1/1,converted,3,
20221006_135248_pr221006_LF_Cells_LP_IONP_pr221006_LF_Cells_1_1/10,converted,2898,
20221006_135248_pr221006_LF_Cells_LP_IONP_pr221006_LF_Cells_1_1/11,converted,378,
20221006_135248_pr221006_LF_Cells_LP_IONP_pr221006_LF_Cells_1_1/12,converted,714,
20221006_135248_pr221006_LF_Cells_LP_IONP_pr221006_LF_Cells_1_1/13,converted,1554,
20221006_135248_pr221006_LF_Cells_LP_IONP_pr221006_LF_Cells_1_1/2,converted,3,
20221006_135248_pr221006_LF_Cells_LP_IONP_pr221006_LF_Cells_1_1/3,converted,3,
20221006_135248_pr221006_LF_Cells_LP_IONP_pr221006_LF_Cells_1_1/5,converted,48,
20221006_135248_pr221006_LF_Cells_LP_IONP_pr221006_LF_Cells_1_1/6,converted,30,
20221006_135248_pr221006_LF_Cells_LP_IONP_pr221006_LF_Cells_1_1/7,converted,48,
20221006_135248_pr221006_LF_Cells_LP_IONP_pr221006_LF_Cells_1_1/9,converted,1554,
20221214_130723_prc221214_LFM_phantom_Cells_prc221214_LFM_p_1_1/10,converted,9,
20221214_130723_prc221214_LFM_phantom_Cells_prc221214_LFM_p_1_1/11,converted,3,
20221214_130723_prc221214_LFM_phantom_Cells_prc221214_LFM_p_1_1/12,converted,384,
20221214_130723_prc221214_LFM_phantom_Cells_prc221214_LFM_p_1_1/13,converted,36,
20221214_130723_prc221214_LFM_phantom_Cells_prc221214_LFM_p_1_1/9,converted,3,
20230302_083135_prc230302_phantom_LFM_CIDETEC_Girasol_prc23_1_1/1,converted,3,
20230302_083135_prc230302_phantom_LFM_CIDETEC_Girasol_prc23_1_1/2,converted,128,
20230302_083135_prc230302_phantom_LFM_CIDETEC_Girasol_prc23_1_1/6,converted,12,
20230302_125130_prc230302_phantom_LFM_CIDETEC_HA_prc230302__1_1/1,converted,3,
20230302_125130_prc230302_phantom_LFM_CIDETEC_HA_prc230302__1_1/2,converted,128,
20230302_125130_prc230302_phantom_LFM_CIDETEC_HA_prc230302__1_1/3,converted,12,
20230303_083832_prc230303_phantom_LFM_CIDETEC_NE_MS2P3_prc2_1_1/1,converted,3,
20230303_083832_prc230303_phantom_LFM_CIDETEC_NE_MS2P3_prc2_1_1/2,converted,3,
20230303_083832_prc230303_phantom_LFM_CIDETEC_NE_MS2P3_prc2_1_1/3,converted,128,
20230303_083832_prc230303_phantom_LFM_CIDETEC_NE_MS2P3_prc2_1_1/4,converted,12,
20230303_112611_prc230303_phantom_LFM_CIDETEC_NE_BS1_prc230_1_1/3,converted,3,
20230303_112611_prc230303_phantom_LFM_CIDETEC_NE_BS1_prc230_1_1/4,converted,3,
20230303_112611_prc230303_phantom_LFM_CIDETEC_NE_BS1_prc230_1_1/5,converted,128,
20230303_112611_prc230303_phantom_LFM_CIDETEC_NE_BS1_prc230_1_1/6,converted,12,
20230303_143717_prc230303_phantom_LFM_Girasol_DXT_20_prc230_1_1/2,converted,3,
20230303_143717_prc230303_phantom_LFM_Girasol_DXT_20_prc230_1_1/3,converted,128,
20230303_143717_prc230303_phantom_LFM_Girasol_DXT_20_prc230_1_1/4,converted,12,
20230308_091233_prc230308_phantom_LFM_CIDETEC_HA_20_prc2303_1_1/2,converted,3,
20230308_091233_prc230308_phantom_LFM_CIDETEC_HA_20_prc2303_1_1/3,converted,128,
20230308_091233_prc230308_phantom_LFM_CIDETEC_HA_20_prc2303_1_1/4,converted,12,
20230324_104737_prc230324_phantom_LFM_CIDETED_DXT_200b_prc2_1_1/2,converted,3,
20230324_104737_prc230324_phantom_LFM_CIDETED_DXT_200b_prc2_1_1/3,converted,128,
20230324_104737_prc230324_phantom_LFM_CIDETED_DXT_200b_prc2_1_1/4,converted,12,
20230324_142612_prc230324_phantom_LFM_IONP_LP_IONP_prc23032_1_1/1,converted,3,
20230324_142612_prc230324_phantom_LFM_IONP_LP_IONP_prc23032_1_1/2,converted,128,
20230324_142612_prc230324_phantom_LFM_IONP_LP_IONP_prc23032_1_1/3,converted,12,
20230329_184949_prc230329_phantom_LFM_CIDETEC_HA_200_prc230_1_1/3,converted,3,
20230329_184949_prc230329_phantom_LFM_CIDETEC_HA_200_prc230_1_1/4,converted,3,
20230329_184949_prc230329_phantom_LFM_CIDETEC_HA_200_prc230_1_1/5,converted,128,
20230329_184949_prc230329_phantom_LFM_CIDETEC_HA_200_prc230_1_1/6,converted,12,
20230331_123626_pr230331_phantom_LFM_LP_IONP_cells_pr230331_1_1/1,converted,3,
20230331_123626_pr230331_phantom_LFM_LP_IONP_cells_pr230331_1_1/11,converted,168,
20230331_123626_pr230331_phantom_LFM_LP_IONP_cells_pr230331_1_1/2,converted,3,
20230331_123626_pr230331_phantom_LFM_LP_IONP_cells_pr230331_1_1/3,converted,16,
20230331_123626_pr230331_phantom_LFM_LP_IONP_cells_pr230331_1_1/4,converted,48,
20230331_123626_pr230331_phantom_LFM_LP_IONP_cells_pr230331_1_1/5,converted,3,
20230331_123626_pr230331_phantom_LFM_LP_IONP_cells_pr230331_1_1/6,converted,16,
20230331_123626_pr230331_phantom_LFM_LP_IONP_cells_pr230331_1_1/7,converted,48,
20230331_123626_pr230331_phantom_LFM_LP_IONP_cells_pr230331_1_1/8,converted,1792,
20230427_181523_prc230427_LFM_phantom_Cells_2_prc230427_LFM_1_1/10,converted,3584,
20230427_181523_prc230427_LFM_phantom_Cells_2_prc230427_LFM_1_1/11,notregistered:no-recon,0,no pdata/<idx>/2dseq: no reconstructed image
20230427_181523_prc230427_LFM_phantom_Cells_2_prc230427_LFM_1_1/4,converted,3,
20230427_181523_prc230427_LFM_phantom_Cells_2_prc230427_LFM_1_1/5,converted,3,
20230427_181523_prc230427_LFM_phantom_Cells_2_prc230427_LFM_1_1/6,converted,10,
20230427_181523_prc230427_LFM_phantom_Cells_2_prc230427_LFM_1_1/7,converted,28,
20230427_181523_prc230427_LFM_phantom_Cells_2_prc230427_LFM_1_1/8,converted,1280,
20230427_181523_prc230427_LFM_phantom_Cells_2_prc230427_LFM_1_1/9,converted,120,
20230515_171635_prc230515_phantom_LFM_MnO2_ELP_1EQUI_prc230_1_1/4,converted,3,
20230515_171635_prc230515_phantom_LFM_MnO2_ELP_1EQUI_prc230_1_1/5,converted,128,
20230515_171635_prc230515_phantom_LFM_MnO2_ELP_1EQUI_prc230_1_1/6,converted,12,
20230516_175403_prc230516_Phantom_LFM_MnO2_2Equivalente_pr2_1_1/4,converted,3,
20230516_175403_prc230516_Phantom_LFM_MnO2_2Equivalente_pr2_1_1/5,converted,3,
20230516_175403_prc230516_Phantom_LFM_MnO2_2Equivalente_pr2_1_1/6,converted,3,
20230516_175403_prc230516_Phantom_LFM_MnO2_2Equivalente_pr2_1_1/7,converted,128,
20230516_175403_prc230516_Phantom_LFM_MnO2_2Equivalente_pr2_1_1/8,converted,12,
20230518_182255_prc230517_Phantom_LFM_MnO2_0_5Equivalente_p_1_1/2,converted,3,
20230518_182255_prc230517_Phantom_LFM_MnO2_0_5Equivalente_p_1_1/4,converted,12,
20230518_182255_prc230517_Phantom_LFM_MnO2_0_5Equivalente_p_1_1/5,converted,3,
20230518_182255_prc230517_Phantom_LFM_MnO2_0_5Equivalente_p_1_1/6,converted,3,
20230518_182255_prc230517_Phantom_LFM_MnO2_0_5Equivalente_p_1_1/7,converted,128,
20230602_142720_prc230602_LFM_phantom_cells_MnO2_prc230602__1_1/10,converted,120,
20230602_142720_prc230602_LFM_phantom_cells_MnO2_prc230602__1_1/11,converted,1792,
20230602_142720_prc230602_LFM_phantom_cells_MnO2_prc230602__1_1/12,converted,168,
20230602_142720_prc230602_LFM_phantom_cells_MnO2_prc230602__1_1/4,converted,3,
20230602_142720_prc230602_LFM_phantom_cells_MnO2_prc230602__1_1/6,converted,10,
20230602_142720_prc230602_LFM_phantom_cells_MnO2_prc230602__1_1/7,converted,10,
20230602_142720_prc230602_LFM_phantom_cells_MnO2_prc230602__1_1/8,converted,14,
20230602_142720_prc230602_LFM_phantom_cells_MnO2_prc230602__1_1/9,converted,1280,
20230616_124830_prc230616_phantom_cells_2Eq_prc230616_phant_1_1/10,converted,120,
20230616_124830_prc230616_phantom_cells_2Eq_prc230616_phant_1_1/11,converted,768,
20230616_124830_prc230616_phantom_cells_2Eq_prc230616_phant_1_1/3,converted,3,
20230616_124830_prc230616_phantom_cells_2Eq_prc230616_phant_1_1/4,converted,3,
20230616_124830_prc230616_phantom_cells_2Eq_prc230616_phant_1_1/5,converted,6,
20230616_124830_prc230616_phantom_cells_2Eq_prc230616_phant_1_1/8,converted,10,
20230616_124830_prc230616_phantom_cells_2Eq_prc230616_phant_1_1/9,converted,1280,
20230620_162813_jrc230620_Phantom_Claudia_10K_jrc230620_Pha_1_1/1,converted,3,
20230620_162813_jrc230620_Phantom_Claudia_10K_jrc230620_Pha_1_1/2,converted,128,
20230620_162813_jrc230620_Phantom_Claudia_10K_jrc230620_Pha_1_1/3,converted,12,
20230704_085230_prc_230704_1_PLGA_PEG_MAL_NP_1_1_1/6,converted,3,
20230704_085230_prc_230704_1_PLGA_PEG_MAL_NP_1_1_1/7,converted,128,
20230704_085230_prc_230704_1_PLGA_PEG_MAL_NP_1_1_1/8,converted,12,
20230706_174026_prc_230706_2_PepH3_PLGA_NP_1_1_1/1,converted,3,
20230706_174026_prc_230706_2_PepH3_PLGA_NP_1_1_1/3,converted,3,
20230706_174026_prc_230706_2_PepH3_PLGA_NP_1_1_1/4,converted,128,
20230706_174026_prc_230706_2_PepH3_PLGA_NP_1_1_1/5,converted,12,
20230707_134411_prc230707_LFM_phantom_cells_MnO2_0_5EQ_1_1_1/10,converted,20,
20230707_134411_prc230707_LFM_phantom_cells_MnO2_0_5EQ_1_1_1/13,converted,14,
20230707_134411_prc230707_LFM_phantom_cells_MnO2_0_5EQ_1_1_1/14,converted,2560,
20230707_134411_prc230707_LFM_phantom_cells_MnO2_0_5EQ_1_1_1/15,converted,240,
20230707_134411_prc230707_LFM_phantom_cells_MnO2_0_5EQ_1_1_1/8,converted,3,
20230711_154709_prc_230711_3_VL_sdAb__PLGA_PEG_1_1_1/1,converted,3,
20230711_154709_prc_230711_3_VL_sdAb__PLGA_PEG_1_1_1/2,converted,3,
20230711_154709_prc_230711_3_VL_sdAb__PLGA_PEG_1_1_1/3,converted,128,
20230711_154709_prc_230711_3_VL_sdAb__PLGA_PEG_1_1_1/4,notregistered:no-recon,0,no pdata/<idx>/2dseq: no reconstructed image
20230712_103427_prc_230711_4_VL_sdAb__pepH3_PLGA_PEG_1_1_1/2,converted,3,
20230712_103427_prc_230711_4_VL_sdAb__pepH3_PLGA_PEG_1_1_1/3,converted,128,
20230712_103427_prc_230711_4_VL_sdAb__pepH3_PLGA_PEG_1_1_1/4,converted,12,
20230712_152231_prc_230711_5_PLGA_PEG_IONP_1_1_1/2,converted,3,
20230712_152231_prc_230711_5_PLGA_PEG_IONP_1_1_1/3,converted,128,
20230712_152231_prc_230711_5_PLGA_PEG_IONP_1_1_1/4,converted,12,
20230713_162108_prc_230713_6_PepH3_PLGA_IONP_1_1_1/2,converted,3,
20230713_162108_prc_230713_6_PepH3_PLGA_IONP_1_1_1/3,converted,128,
20230713_162108_prc_230713_6_PepH3_PLGA_IONP_1_1_1/4,converted,12,
20230719_113329_prc_320719_7_Vl_sdAb__PLGA_PEG_IONP_1_1_1/1,converted,3,
20230719_113329_prc_320719_7_Vl_sdAb__PLGA_PEG_IONP_1_1_1/2,converted,128,
20230719_113329_prc_320719_7_Vl_sdAb__PLGA_PEG_IONP_1_1_1/3,converted,12,
20230719_145704_prc_320719_7_Vl_sdAb__PepH3_PLGA_PEG_IONP_1_1_1/1,converted,3,
20230719_145704_prc_320719_7_Vl_sdAb__PepH3_PLGA_PEG_IONP_1_1_1/2,converted,128,
20230719_145704_prc_320719_7_Vl_sdAb__PepH3_PLGA_PEG_IONP_1_1_1/3,converted,12,
