acq_id,disposition,target_acq_id,to_project,reason
ACQ-20260710-MRI-001,orphan,,,"partial ingest 2026-07-16 11:16 (no-DICOM placeholder path): /raw/ folder + sidecar written, registry commit never landed (BACKLOG 2026-08-13, 17 orphan folders)"
ACQ-20260710-MRI-002,orphan,,,"partial ingest 2026-07-16 11:16 (no-DICOM placeholder path): /raw/ folder + sidecar written, registry commit never landed (BACKLOG 2026-08-13, 17 orphan folders)"
ACQ-20260710-MRI-003,orphan,,,"partial ingest 2026-07-16 11:16 (no-DICOM placeholder path): /raw/ folder + sidecar written, registry commit never landed (BACKLOG 2026-08-13, 17 orphan folders)"
ACQ-20260710-MRI-004,orphan,,,"partial ingest 2026-07-16 11:16 (no-DICOM placeholder path): /raw/ folder + sidecar written, registry commit never landed (BACKLOG 2026-08-13, 17 orphan folders)"
ACQ-20260710-MRI-005,orphan,,,"partial ingest 2026-07-16 11:16 (no-DICOM placeholder path): /raw/ folder + sidecar written, registry commit never landed (BACKLOG 2026-08-13, 17 orphan folders)"
ACQ-20260710-MRI-006,orphan,,,"partial ingest 2026-07-16 11:16 (no-DICOM placeholder path): /raw/ folder + sidecar written, registry commit never landed (BACKLOG 2026-08-13, 17 orphan folders)"
ACQ-20260710-MRI-007,orphan,,,"partial ingest 2026-07-16 11:16 (no-DICOM placeholder path): /raw/ folder + sidecar written, registry commit never landed (BACKLOG 2026-08-13, 17 orphan folders)"
ACQ-20260710-MRI-008,orphan,,,"partial ingest 2026-07-16 11:16 (no-DICOM placeholder path): /raw/ folder + sidecar written, registry commit never landed (BACKLOG 2026-08-13, 17 orphan folders)"
ACQ-20260710-MRI-009,orphan,,,"partial ingest 2026-07-16 11:16 (no-DICOM placeholder path): /raw/ folder + sidecar written, registry commit never landed (BACKLOG 2026-08-13, 17 orphan folders)"
ACQ-20260710-MRI-010,orphan,,,"partial ingest 2026-07-16 11:16 (no-DICOM placeholder path): /raw/ folder + sidecar written, registry commit never landed (BACKLOG 2026-08-13, 17 orphan folders)"
ACQ-20260710-MRI-011,orphan,,,"partial ingest 2026-07-16 11:16 (no-DICOM placeholder path): /raw/ folder + sidecar written, registry commit never landed (BACKLOG 2026-08-13, 17 orphan folders)"
ACQ-20260710-MRI-012,orphan,,,"partial ingest 2026-07-16 11:16 (no-DICOM placeholder path): /raw/ folder + sidecar written, registry commit never landed (BACKLOG 2026-08-13, 17 orphan folders)"
ACQ-20260710-MRI-013,orphan,,,"partial ingest 2026-07-16 11:16 (no-DICOM placeholder path): /raw/ folder + sidecar written, registry commit never landed (BACKLOG 2026-08-13, 17 orphan folders)"
ACQ-20260710-MRI-014,orphan,,,"partial ingest 2026-07-16 11:16 (no-DICOM placeholder path): /raw/ folder + sidecar written, registry commit never landed (BACKLOG 2026-08-13, 17 orphan folders)"
ACQ-20260710-MRI-015,orphan,,,"partial ingest 2026-07-16 11:16 (no-DICOM placeholder path): /raw/ folder + sidecar written, registry commit never landed (BACKLOG 2026-08-13, 17 orphan folders)"
ACQ-20260710-MRI-016,orphan,,,"partial ingest 2026-07-16 11:16 (no-DICOM placeholder path): /raw/ folder + sidecar written, registry commit never landed (BACKLOG 2026-08-13, 17 orphan folders)"
ACQ-20260710-MRI-017,orphan,,,"partial ingest 2026-07-16 11:16 (no-DICOM placeholder path): /raw/ folder + sidecar written, registry commit never landed (BACKLOG 2026-08-13, 17 orphan folders)"
