acq_id,disposition,target_acq_id,to_project,reason,subfolder,dest_name
ACQ-20211105-CELL-021,derivative,ACQ-20211105-CELL-022,AE-biomaGUNE-0420,R4 group CELL 2021-11-05T12:14:20: identical re-save of id15_polariz.czi (ACQ-20211105-CELL-022) -- 20/20 tiles byte-identical to tiles of id15_polariz.czi,working\historical_drives\drive1_FRIO-X6\Haizpea_2020-2022.7z\Haizpea_2020-2022\project0420\20210610_0420_2.1\20211025_picosirius,id15_polariz-Stitching-21.czi
ACQ-20230530-CELL-012,derivative,ACQ-20230530-CELL-011,AE-biomaGUNE-1019,R4 group CELL 2023-05-30T09:24:00: identical re-save of 230530-ID161-alphasma8OHdG-lungs-20x-1.czi (ACQ-20230530-CELL-011) -- 3/3 tiles byte-identical to tiles of 230530-ID161-alphasma8OHdG-lungs-20x-1.czi,working\historical_drives\drive1_FRIO-X6\Cell observer\Maria Jesus\MJS-Proyecto 1019-3 Viejos 8OHdG,230530-ID161-alphasma8OHdG-lungs-20x-2.czi
ACQ-20230915-CELL-007,derivative,ACQ-20230915-CELL-008,AE-biomaGUNE-1321,R4 group CELL 2023-09-15T09:43:28: identical re-save of ID68_lung_HE_10x.czi (ACQ-20230915-CELL-008) -- 120/120 tiles byte-identical to tiles of ID68_lung_HE_10x.czi,working\historical_drives\drive1_FRIO-X6\Cell observer\AINHIZE\LAURA\1321\ID53-70\HE,ID68_lung_HE_10x-Change Scaling-01.czi
ACQ-20230925-CELL-019,derivative,ACQ-20230925-CELL-007,AE-biomaGUNE-1321,R4 group CELL 2023-09-25T07:35:04: identical re-save of ID59_lung_PR_10x.czi (ACQ-20230925-CELL-007) -- 81/81 tiles byte-identical to tiles of ID59_lung_PR_10x.czi,working\historical_drives\drive1_FRIO-X6\Cell observer\Laura\Cell observer\PR,ROI-ID59_lung_PR_10x.czi
ACQ-20240304-CELL-008,derivative,ACQ-20240304-CELL-007,AE-biomaGUNE-0219,R4 group CELL 2024-03-04T08:52:42: identical re-save of ID19_0219_alphasma_10x tiles.czi (ACQ-20240304-CELL-007) -- 180/180 tiles byte-identical to tiles of ID19_0219_alphasma_10x tiles.czi,working\historical_drives\drive1_FRIO-X6\Cell observer\AINHIZE\LAURA\1321\Immunos tiles Marina,ID19_0219_alphasma_10x tiles.czi1.czi
ACQ-20240304-CELL-012,derivative,ACQ-20240304-CELL-011,AE-biomaGUNE-0219,R4 group CELL 2024-03-04T09:25:20: identical re-save of ID22_0219_alphasma_10x tiles.czi (ACQ-20240304-CELL-011) -- 192/192 tiles byte-identical to tiles of ID22_0219_alphasma_10x tiles.czi,working\historical_drives\drive1_FRIO-X6\Cell observer\AINHIZE\LAURA\1321\Immunos tiles Marina,ID22_0219_alphasma_10x tiles.czi1.czi
ACQ-20240304-CELL-010,derivative,ACQ-20240304-CELL-009,AE-biomaGUNE-0219,R4 group CELL 2024-03-04T10:19:47: identical re-save of ID19_0219_col I_10x tiles.czi (ACQ-20240304-CELL-009) -- 180/180 tiles byte-identical to tiles of ID19_0219_col I_10x tiles.czi,working\historical_drives\drive1_FRIO-X6\Cell observer\AINHIZE\LAURA\1321\Immunos tiles Marina,ID19_0219_col I_10x tiles.czi1.czi
ACQ-20240304-CELL-014,derivative,ACQ-20240304-CELL-013,AE-biomaGUNE-0219,R4 group CELL 2024-03-04T10:43:47: identical re-save of ID22_0219_col I_10x tiles.czi (ACQ-20240304-CELL-013) -- 160/160 tiles byte-identical to tiles of ID22_0219_col I_10x tiles.czi,working\historical_drives\drive1_FRIO-X6\Cell observer\AINHIZE\LAURA\1321\Immunos tiles Marina,ID22_0219_col I_10x tiles.czi1.czi
ACQ-20250415-CELL-010,derivative,ACQ-20250415-CELL-001,AE-biomaGUNE-1123,R4 group CELL 2025-04-15T10:59:35: identical re-save of 102-40x-1.czi (ACQ-20250415-CELL-001) -- 1/1 tiles byte-identical to tiles of 102-40x-1.czi,working\historical_drives\drive1_FRIO-X6\Cell observer\AINHIZE\1123\Biodistribución 1123 FeMn\PB\102-40x,103-40x-2.czi
