relpath,size,sha256,class,evidence,parent_original_name,destination_project,acquisition_datetime
Microscopio\Microscopio biodonostia\escaner\H&E\2025_02_14__5234.czi,2311675200,5e6c7fe80db6edcfe849df8518b8bce66666f7032f5ce7cdcc15ae1c0a7e63c6,identical re-save,"5106 of 5106 level-0 tiles byte-identical to ID1_0424_H+L.czi (stored payloads, every tile shifted by one offset (0, 37681, -577322, 0) (the origin moved)); ZEN save 2025-02-19T12:40:58.937053+01:00, ID1_0424_H+L.czi 2025-02-19T12:40:58.937053+01:00",drive3_MJesus-MFB/Microscopio/Histologia_ratones_viejos/HE/ID1_0424_H+L.czi,AE-biomaGUNE-0424,2025-02-14T12:13:49.7811998Z
Microscopio\Microscopio biodonostia\escaner\H&E\2025_02_14__5235.czi,1778625088,d663aa075864bd3081e99ce7bec82ac3c948e096eb98116c0b4c7b73063e35cd,identical re-save,"4074 of 4074 level-0 tiles byte-identical to ID2_0424_H+L 1.czi (stored payloads); ZEN save 2025-02-19T12:40:12.623701+01:00, ID2_0424_H+L 1.czi 2025-02-14T13:57:07.683046+01:00",drive3_MJesus-MFB/Microscopio/Histologia_ratones_viejos/HE/ID2_0424_H+L 1.czi,AE-biomaGUNE-0424,2025-02-14T12:57:07.3992959Z
Microscopio\Microscopio biodonostia\escaner\H&E\2025_02_14__5239.czi,2502395968,fd75995fabec8c084b53ef8c1a554c502f4cd789817d13de1229667f475b717d,identical re-save,"5173 of 5173 level-0 tiles byte-identical to ID12_0424_H+L 1.czi (stored payloads); ZEN save 2025-02-19T12:36:24.611493+01:00, ID12_0424_H+L 1.czi 2025-02-14T16:26:35.391872+01:00",drive3_MJesus-MFB/Microscopio/Histologia_ratones_viejos/HE/ID12_0424_H+L 1.czi,AE-biomaGUNE-0424,2025-02-14T15:26:35.0961761Z
Microscopio\Microscopio biodonostia\escaner\PR\2025_02_17__5253.czi,1348787456,e177e404b2dc087d3228f407ba99b5ce0751a3f3719ff4daa906694223e2657d,identical re-save,"2932 of 2932 level-0 tiles byte-identical to ID169 II 3.czi (stored payloads); ZEN save 2025-02-19T12:45:53.583784+01:00, ID169 II 3.czi 2025-02-18T18:14:38.482774+01:00",drive3_MJesus-MFB/Microscopio/Histologia_ratones_viejos/SR/ID169 II 3.czi,AE-biomaGUNE-1019,2025-02-18T17:14:38.3354244Z
Microscopio\Microscopio biodonostia\escaner\PR\2025_02_17__5258.czi,2588320160,f5e4611a8e7170663ba787a241abe32e0fd1434d472f6ec124bf6a0f127a8d63,identical re-save,"6232 of 6232 level-0 tiles byte-identical to ID10 H + L 3.czi (stored payloads); ZEN save 2025-02-19T12:43:46.400424+01:00, ID10 H + L 3.czi 2025-02-18T21:20:23.127909+01:00",drive3_MJesus-MFB/Microscopio/Histologia_ratones_viejos/SR/ID10 H + L 3.czi,AE-biomaGUNE-0424,2025-02-18T20:20:22.2268789Z
Microscopio\Microscopio biodonostia\escaner\Masson\2025_02_17__5264.czi,1185824128,d4c7e0dfa2165b986f03b425836ed975fbff7692a7456cb6a3b5e8819bfbecec,identical re-save,"2804 of 2804 level-0 tiles byte-identical to ID167 II 2.czi (stored payloads); ZEN save 2025-02-19T12:39:30.502497+01:00, ID167 II 2.czi 2025-02-18T23:21:51.561124+01:00",drive3_MJesus-MFB/Microscopio/Histologia_ratones_viejos/Tricrómico/ID167 II 2.czi,AE-biomaGUNE-1019,2025-02-18T22:21:51.4087964Z
Microscopio\Microscopio biodonostia\escaner\Masson\2025_02_17__5265.czi,1226983776,5ebc231b7aabd98db1a6908c30b4c17695a78718ebc6d528a326b03ac355172d,identical re-save,"2922 of 2922 level-0 tiles byte-identical to ID168 II 2.czi (stored payloads); ZEN save 2025-02-19T12:38:58.521690+01:00, ID168 II 2.czi 2025-02-18T23:38:06.861501+01:00",drive3_MJesus-MFB/Microscopio/Histologia_ratones_viejos/Tricrómico/ID168 II 2.czi,AE-biomaGUNE-1019,2025-02-18T22:38:06.7022034Z
Microscopio\Microscopio biodonostia\escaner\Masson\2025_02_17__5267.czi,2456425184,74b7ba570cc1b810ed08f60188e478bd03349a0f06f47a23d8e5e9306eb8fe7b,identical re-save,"5436 of 5436 level-0 tiles byte-identical to ID1_0424_H+L 2.czi (stored payloads); ZEN save 2025-02-19T12:37:20.371419+01:00, ID1_0424_H+L 2.czi 2025-02-19T00:30:55.748421+01:00",drive3_MJesus-MFB/Microscopio/Histologia_ratones_viejos/Tricrómico/ID1_0424_H+L 2.czi,AE-biomaGUNE-0424,2025-02-18T23:30:54.4511361Z
Microscopio\Microscopio biodonostia\escaner\Masson\2025_02_17__5269.czi,3120695008,402c9cc9834e87ebf79d7c2679a5767ed3ef00f2ffd3b09657d1c5e6e391cc20,identical re-save,"6469 of 6469 level-0 tiles byte-identical to ID3_0424_H+L 2.czi (stored payloads); ZEN save 2025-02-19T12:35:07.225969+01:00, ID3_0424_H+L 2.czi 2025-02-19T01:31:07.420190+01:00",drive3_MJesus-MFB/Microscopio/Histologia_ratones_viejos/Tricrómico/ID3_0424_H+L 2.czi,AE-biomaGUNE-0424,2025-02-19T00:31:07.0358845Z
Microscopio\Microscopio biodonostia\escaner\Masson\2025_02_17__5270.czi,2114658496,e647a4215813065b62642809095aa7ad507f60f44b4cf4e07b4c496eccc4c60d,identical re-save,"4552 of 4552 level-0 tiles byte-identical to ID4_0424_H+L 2.czi (stored payloads); ZEN save 2025-02-19T12:34:13.079893+01:00, ID4_0424_H+L 2.czi 2025-02-19T01:58:20.814598+01:00",drive3_MJesus-MFB/Microscopio/Histologia_ratones_viejos/Tricrómico/ID4_0424_H+L 2.czi,AE-biomaGUNE-0424,2025-02-19T00:58:20.3884766Z
Microscopio\Microscopio biodonostia\escaner\Masson\2025_02_17__5271.czi,2684960992,f1442268d63da739f39b9440cc52ce4f11085c5aaf8728c04aa3303fbe93f938,identical re-save,"5959 of 5959 level-0 tiles byte-identical to ID10_0424_H+L 2.czi (stored payloads); ZEN save 2025-02-19T12:33:10.199577+01:00, ID10_0424_H+L 2.czi 2025-02-19T02:25:37.607437+01:00",drive3_MJesus-MFB/Microscopio/Histologia_ratones_viejos/Tricrómico/ID10_0424_H+L 2.czi,AE-biomaGUNE-0424,2025-02-19T01:25:36.7591752Z
Microscopio\Microscopio biodonostia\escaner\Masson\2025_02_17__5272.czi,2824304864,8d58d43f2bdf9cdc13e897076cc1bb81d557bf8208e81ef15d409bdabfa10324,identical re-save,"5600 of 5600 level-0 tiles byte-identical to ID12_0424_H+L 2.czi (stored payloads); ZEN save 2025-02-19T12:32:42.362516+01:00, ID12_0424_H+L 2.czi 2025-02-19T02:54:09.079618+01:00",drive3_MJesus-MFB/Microscopio/Histologia_ratones_viejos/Tricrómico/ID12_0424_H+L 2.czi,AE-biomaGUNE-0424,2025-02-19T01:54:08.5668771Z
