project,new_path,drive,archive,original_path,size,sha256,claim_id,shortened,why,note
AE-biomaGUNE-0219,FRIO-X6\Cell observer\AINHIZE\MARINA\PR REPETICIÓN\Grupo B\0219_ID26_PR_10x_1.czi,drive1_FRIO-X6,,drive1_FRIO-X6\Cell observer\AINHIZE\MARINA\PR REPETICIÓN\Grupo B\0219_ID26_PR_10x_1.czi,1795838048,dc9955b65201a5c814b5e3c85d7e6a100c6e11566d3905200fe321a590afa022,,N,,"retired derivative of ACQ-20230321-CELL-037, formerly ACQ-20230321-CELL-038"
AE-biomaGUNE-0219,FRIO-X6\Cell observer\AINHIZE\MARINA\PR REPETICIÓN\Grupo B\0219_ID26_PR_10x_2.czi,drive1_FRIO-X6,,drive1_FRIO-X6\Cell observer\AINHIZE\MARINA\PR REPETICIÓN\Grupo B\0219_ID26_PR_10x_2.czi,1218925856,c36b87e594616b9656cc79e83dc159bc186fcad8d49fc8a37bc9b9f8da2f352b,,N,,"retired derivative of ACQ-20230321-CELL-037, formerly ACQ-20230321-CELL-039"
AE-biomaGUNE-0219,FRIO-X6\Cell observer\AINHIZE\MARINA\PR REPETICIÓN\Grupo B\0219_ID26_PR_10x_pol_1.czi,drive1_FRIO-X6,,drive1_FRIO-X6\Cell observer\AINHIZE\MARINA\PR REPETICIÓN\Grupo B\0219_ID26_PR_10x_pol_1.czi,1795833088,cff4f94330d92e4c41094c73b338c4ef20fdaa1cff8c3b31addf77f22fdde065,,N,,"retired derivative of ACQ-20230321-CELL-040, formerly ACQ-20230321-CELL-041"
AE-biomaGUNE-0219,FRIO-X6\Cell observer\AINHIZE\MARINA\PR REPETICIÓN\Grupo B\0219_ID26_PR_10x_pol_2.czi,drive1_FRIO-X6,,drive1_FRIO-X6\Cell observer\AINHIZE\MARINA\PR REPETICIÓN\Grupo B\0219_ID26_PR_10x_pol_2.czi,1218920128,9e2603d0948c62e2f6e03d3a7b6741e7cd93e7cb5f6a0ff8ba85945fff63726a,,N,,"retired derivative of ACQ-20230321-CELL-040, formerly ACQ-20230321-CELL-042"
AE-biomaGUNE-0219,FRIO-X6\Cell observer\AINHIZE\MARINA\PR REPETICIÓN\Grupo D\0219_ID39_PR_10x_1.czi,drive1_FRIO-X6,,drive1_FRIO-X6\Cell observer\AINHIZE\MARINA\PR REPETICIÓN\Grupo D\0219_ID39_PR_10x_1.czi,2191279456,a9e75f7c268c3bd2e2fb12d88ef34b54b939cf853b864c7ecc71ed1d0bbe4949,,N,,"retired derivative of ACQ-20230324-CELL-007, formerly ACQ-20230324-CELL-008"
AE-biomaGUNE-0219,FRIO-X6\Cell observer\AINHIZE\MARINA\PR REPETICIÓN\Grupo D\0219_ID39_PR_10x_2.czi,drive1_FRIO-X6,,drive1_FRIO-X6\Cell observer\AINHIZE\MARINA\PR REPETICIÓN\Grupo D\0219_ID39_PR_10x_2.czi,822879296,effa9bc09da8ece50e4c8ae53e4b25316a5a04b61bca9d8cd65d46faa8c4aa09,,N,,"retired derivative of ACQ-20230324-CELL-007, formerly ACQ-20230324-CELL-009"
AE-biomaGUNE-0219,FRIO-X6\Cell observer\AINHIZE\MARINA\PR REPETICIÓN\Grupo D\0219_ID39_PR_10x_pol_1.czi,drive1_FRIO-X6,,drive1_FRIO-X6\Cell observer\AINHIZE\MARINA\PR REPETICIÓN\Grupo D\0219_ID39_PR_10x_pol_1.czi,2191275232,199f14db92521ec32cc0d898b197ab4c84f867f5c8b18397b1f6efc288bfe9d9,,N,,"retired derivative of ACQ-20230324-CELL-010, formerly ACQ-20230324-CELL-011"
AE-biomaGUNE-0219,FRIO-X6\Cell observer\AINHIZE\MARINA\PR REPETICIÓN\Grupo D\0219_ID39_PR_10x_pol_2.czi,drive1_FRIO-X6,,drive1_FRIO-X6\Cell observer\AINHIZE\MARINA\PR REPETICIÓN\Grupo D\0219_ID39_PR_10x_pol_2.czi,927780224,c421e0dca317df4bb95084825efd54ce4376e0ba25d9ff730714e03caf66b8a6,,N,,"retired derivative of ACQ-20230324-CELL-010, formerly ACQ-20230324-CELL-012"
AE-biomaGUNE-0219,FRIO-X6\Immunos tiles Marina\ID19_0219_alphasma_10x tiles.czi1.czi,drive1_FRIO-X6,,drive1_FRIO-X6\Cell observer\AINHIZE\LAURA\1321\Immunos tiles Marina\ID19_0219_alphasma_10x tiles.czi1.czi,1889455200,335a9d7b5a77b37b56a9fe03b37c7db1077ef1b111c58a6967fc4bbb1ce27a81,,N,,"retired derivative of ACQ-20240304-CELL-007, formerly ACQ-20240304-CELL-008"
AE-biomaGUNE-0219,FRIO-X6\Immunos tiles Marina\ID19_0219_col I_10x tiles.czi1.czi,drive1_FRIO-X6,,drive1_FRIO-X6\Cell observer\AINHIZE\LAURA\1321\Immunos tiles Marina\ID19_0219_col I_10x tiles.czi1.czi,2008453472,ceeee1666893ab3900adb7d90148fe7aaa7111ab7c04587f46073d70637ffc94,,N,,"retired derivative of ACQ-20240304-CELL-009, formerly ACQ-20240304-CELL-010"
AE-biomaGUNE-0219,FRIO-X6\Immunos tiles Marina\ID22_0219_alphasma_10x tiles.czi1.czi,drive1_FRIO-X6,,drive1_FRIO-X6\Cell observer\AINHIZE\LAURA\1321\Immunos tiles Marina\ID22_0219_alphasma_10x tiles.czi1.czi,2014904640,89e032f3f089ea51c76984eb799d911f3ad5ef8ef3be9607da4fb298a661e4a7,,N,,"retired derivative of ACQ-20240304-CELL-011, formerly ACQ-20240304-CELL-012"
AE-biomaGUNE-0219,FRIO-X6\Immunos tiles Marina\ID22_0219_col I_10x tiles.czi1.czi,drive1_FRIO-X6,,drive1_FRIO-X6\Cell observer\AINHIZE\LAURA\1321\Immunos tiles Marina\ID22_0219_col I_10x tiles.czi1.czi,1710281888,539c5515b8028fea695a488accacfb7206553fa1b9c36786157390d0046c11ac,,N,,"retired derivative of ACQ-20240304-CELL-013, formerly ACQ-20240304-CELL-014"
AE-biomaGUNE-0420,FRIO-X6\project0420\20210610_0420_2.1\20211007_massons\id6_massons.czi,drive1_FRIO-X6,Haizpea_2020-2022.7z,drive1_FRIO-X6\Haizpea_2020-2022.7z!Haizpea_2020-2022\project0420\20210610_0420_2.1\20211007_massons\id6_massons.czi,456069696,64c0cae9a98f4ad2b07e0bfdfc3b2300c58a46d8ac2852ad51709272658e701b,,N,,"retired derivative of ACQ-20211007-CELL-013, formerly ACQ-20211007-CELL-014"
AE-biomaGUNE-0420,FRIO-X6\project0420\20210610_0420_2.1\20211025_picosirius\id15_polariz-Stitching-21.czi,drive1_FRIO-X6,Haizpea_2020-2022.7z,drive1_FRIO-X6\Haizpea_2020-2022.7z!Haizpea_2020-2022\project0420\20210610_0420_2.1\20211025_picosirius\id15_polariz-Stitching-21.czi,551600928,be976ed1acd0abf8e90ef294f39393f668f01de9c75a3f09154349b099fd1abd,,N,,"retired derivative of ACQ-20211105-CELL-022, formerly ACQ-20211105-CELL-021"
AE-biomaGUNE-0721,MFB-Disco-2\2025-10-02 - Toshiba EXT (Backup)\Proyectos_Laboratorio_Laura\LP+IONP\Histologias\Kidney-HE-scale.czi,drive2_MFB-Disco-2,,drive2_MFB-Disco-2\2025-10-02 - Toshiba EXT (Backup)\Proyectos_Laboratorio_Laura\LP+IONP\Histologias\Kidney-HE-scale.czi,30658272,a71cf78bf21c89f37509bdcf12b083030cb7591a14e8e3fafeb85f01d8331024,,N,,"retired derivative of ACQ-20230623-CELL-007, formerly ACQ-20230623-CELL-001"
AE-biomaGUNE-0721,MFB-Disco-2\2025-10-02 - Toshiba EXT (Backup)\Proyectos_Laboratorio_Laura\LP+IONP\Histologias\Kidney-HE.czi,drive2_MFB-Disco-2,,drive2_MFB-Disco-2\2025-10-02 - Toshiba EXT (Backup)\Proyectos_Laboratorio_Laura\LP+IONP\Histologias\Kidney-HE.czi,20918400,a183eaa01be2c14ada9a24cb149915825605470544666182d8b6c685fa00bc71,,N,,"retired derivative of ACQ-20230623-CELL-006, formerly ACQ-20230623-CELL-002"
AE-biomaGUNE-0721,MFB-Disco-2\2025-10-02 - Toshiba EXT (Backup)\Proyectos_Laboratorio_Laura\LP+IONP\Histologias\Kidney-PB-scale.czi,drive2_MFB-Disco-2,,drive2_MFB-Disco-2\2025-10-02 - Toshiba EXT (Backup)\Proyectos_Laboratorio_Laura\LP+IONP\Histologias\Kidney-PB-scale.czi,13515616,473bc213ef28e8a0e4d26dd5539a3834952ae16257f2a9294690c509fe1dca20,,N,,"retired derivative of ACQ-20230602-CELL-005, formerly ACQ-20230602-CELL-001"
AE-biomaGUNE-0721,MFB-Disco-2\2025-10-02 - Toshiba EXT (Backup)\Proyectos_Laboratorio_Laura\LP+IONP\Histologias\Kidney-PB.czi,drive2_MFB-Disco-2,,drive2_MFB-Disco-2\2025-10-02 - Toshiba EXT (Backup)\Proyectos_Laboratorio_Laura\LP+IONP\Histologias\Kidney-PB.czi,12203616,c25d73298cbb5aa402dc915e059039938296593c818108cb8ccc9b6c29165a8a,,N,,"retired derivative of ACQ-20230602-CELL-005, formerly ACQ-20230602-CELL-002"
AE-biomaGUNE-0721,MFB-Disco-2\2025-10-02 - Toshiba EXT (Backup)\Proyectos_Laboratorio_Laura\LP+IONP\Histologias\Liver-HE-scale.czi,drive2_MFB-Disco-2,,drive2_MFB-Disco-2\2025-10-02 - Toshiba EXT (Backup)\Proyectos_Laboratorio_Laura\LP+IONP\Histologias\Liver-HE-scale.czi,30655616,15cb20a67177edfb882c298092bdc9d10737cd187029d1beb083fa36318106b7,,N,,"retired derivative of ACQ-20230623-CELL-009, formerly ACQ-20230623-CELL-003"
AE-biomaGUNE-0721,MFB-Disco-2\2025-10-02 - Toshiba EXT (Backup)\Proyectos_Laboratorio_Laura\LP+IONP\Histologias\Liver-PB-Scale.czi,drive2_MFB-Disco-2,,drive2_MFB-Disco-2\2025-10-02 - Toshiba EXT (Backup)\Proyectos_Laboratorio_Laura\LP+IONP\Histologias\Liver-PB-Scale.czi,15119648,891ae5635dc92cee26d650dc19d949f85b65888dfacd405a96ca0e4e9c1c2918,,N,,"retired derivative of ACQ-20230607-CELL-008, formerly ACQ-20230607-CELL-001"
AE-biomaGUNE-0721,MFB-Disco-2\2025-10-02 - Toshiba EXT (Backup)\Proyectos_Laboratorio_Laura\LP+IONP\Histologias\prussian-blue-Kidney-scale.czi,drive2_MFB-Disco-2,,drive2_MFB-Disco-2\2025-10-02 - Toshiba EXT (Backup)\Proyectos_Laboratorio_Laura\LP+IONP\Histologias\prussian-blue-Kidney-scale.czi,13516832,10998e0441e4a231d5e0ef37537dd4d58f8904efc1f561666132c6fbf4961c96,,N,,"retired derivative of ACQ-20230602-CELL-005, formerly ACQ-20230602-CELL-003"
AE-biomaGUNE-0721,MFB-Disco-2\2025-10-02 - Toshiba EXT (Backup)\Proyectos_Laboratorio_Laura\LP+IONP\Histologias\prussian-blue-Kidney-scale2.czi,drive2_MFB-Disco-2,,drive2_MFB-Disco-2\2025-10-02 - Toshiba EXT (Backup)\Proyectos_Laboratorio_Laura\LP+IONP\Histologias\prussian-blue-Kidney-scale2.czi,6311584,a448f4d4544ab18f501cf38b29ee640ae87745ae98c065e31a243318bc2369e4,,N,,"retired derivative of ACQ-20230602-CELL-005, formerly ACQ-20230602-CELL-004"
AE-biomaGUNE-0721,MFB-Disco-2\2025-10-02 - Toshiba EXT (Backup)\Proyectos_Laboratorio_Laura\LP+IONP\Histologias\prussian-blue-liver-scale.czi,drive2_MFB-Disco-2,,drive2_MFB-Disco-2\2025-10-02 - Toshiba EXT (Backup)\Proyectos_Laboratorio_Laura\LP+IONP\Histologias\prussian-blue-liver-scale.czi,15120896,66587e18be64c8e4af86230fea6ec5ae5176ebbcef649511d9f63d48c9f83ed5,,N,,"retired derivative of ACQ-20230607-CELL-008, formerly ACQ-20230607-CELL-004"
AE-biomaGUNE-0721,MFB-Disco-2\2025-10-02 - Toshiba EXT (Backup)\Proyectos_Laboratorio_Laura\LP+IONP\Histologias\prussian-blue-liver-scale2.czi,drive2_MFB-Disco-2,,drive2_MFB-Disco-2\2025-10-02 - Toshiba EXT (Backup)\Proyectos_Laboratorio_Laura\LP+IONP\Histologias\prussian-blue-liver-scale2.czi,6616576,8d850dac82c5625c5c2f033e61048fc47846c0039d8b066cce2aee2b7b7a24b5,,N,,"retired derivative of ACQ-20230607-CELL-008, formerly ACQ-20230607-CELL-005"
AE-biomaGUNE-0721,MFB-Disco-2\2025-10-02 - Toshiba EXT (Backup)\Proyectos_Laboratorio_Laura\LP+IONP\Histologias\Untitled5.czi,drive2_MFB-Disco-2,,drive2_MFB-Disco-2\2025-10-02 - Toshiba EXT (Backup)\Proyectos_Laboratorio_Laura\LP+IONP\Histologias\Untitled5.czi,21391840,1265e4de57242888709e686c6fbc46488bda735c75b2de09a7bcfbeda601787e,,N,,"retired derivative of ACQ-20230623-CELL-006, formerly ACQ-20230623-CELL-005"
AE-biomaGUNE-0721,MFB-Disco-2\Histologias\Raw-images\Liver-PB.czi,drive2_MFB-Disco-2,,drive2_MFB-Disco-2\2025-10-02 - Toshiba EXT (Backup)\Proyectos_Laboratorio_Laura\LP+IONP\Histologias\Raw-images\Liver-PB.czi,15119648,4392eedfd9bc2ae40f2e964fcdd5ef4fcef09367e6610827c2c93ceba18993e7,,N,,"retired derivative of ACQ-20230607-CELL-008, formerly ACQ-20230607-CELL-002"
AE-biomaGUNE-0721,MFB-Disco-2\Histologias\Raw-images\Liver-scale-HE.czi,drive2_MFB-Disco-2,,drive2_MFB-Disco-2\2025-10-02 - Toshiba EXT (Backup)\Proyectos_Laboratorio_Laura\LP+IONP\Histologias\Raw-images\Liver-scale-HE.czi,11577376,17057c34f535f9dc9cf4dc94fd3d2d4919e11af6f1eaf0ce2e2efc2513aa491a,,N,,"retired derivative of ACQ-20230623-CELL-008, formerly ACQ-20230623-CELL-004"
AE-biomaGUNE-1019,FRIO-X6\MJS-Proyecto 1019-3 Viejos 8OHdG\230530-ID161-alphasma8OHdG-lungs-20x-2.czi,drive1_FRIO-X6,,drive1_FRIO-X6\Cell observer\Maria Jesus\MJS-Proyecto 1019-3 Viejos 8OHdG\230530-ID161-alphasma8OHdG-lungs-20x-2.czi,8943136,84f227a23d659141299247659ff6f6db4aa81f8758363c44a832937267ef488c,,N,,"retired derivative of ACQ-20230530-CELL-011, formerly ACQ-20230530-CELL-012"
AE-biomaGUNE-1123,FRIO-X6\1123\Biodistribución 1123 FeMn\PB\102-40x\102-40x-2Scale.czi,drive1_FRIO-X6,,drive1_FRIO-X6\Cell observer\AINHIZE\1123\Biodistribución 1123 FeMn\PB\102-40x\102-40x-2Scale.czi,7852992,2c44cfe972df4357a5ae5cb0ac0d40eed91b7f82319dc36d86e19f6c805af850,,N,,"retired derivative of ACQ-20250415-CELL-002, formerly ACQ-20250415-CELL-003"
AE-biomaGUNE-1123,FRIO-X6\1123\Biodistribución 1123 FeMn\PB\102-40x\103-40x-2.czi,drive1_FRIO-X6,,drive1_FRIO-X6\Cell observer\AINHIZE\1123\Biodistribución 1123 FeMn\PB\102-40x\103-40x-2.czi,7852896,062d46926d2d4328e91a50f3fef82d7a9e61e8e6b509125a4d7c7e4b977add9c,,N,,"retired derivative of ACQ-20250415-CELL-001, formerly ACQ-20250415-CELL-010"
AE-biomaGUNE-1123,FRIO-X6\1123\Biodistribución 1123 FeMn\PB\ROIs\ID-63-1-scale.czi,drive1_FRIO-X6,,drive1_FRIO-X6\Cell observer\AINHIZE\1123\Biodistribución 1123 FeMn\PB\ROIs\ID-63-1-scale.czi,6432480,f4c6171f42b90a10efddfd884e23fffb9d9f4be360fb2a6855e20568bfe25f4c,,N,,"retired derivative of ACQ-20250415-CELL-039, formerly ACQ-20250415-CELL-042"
AE-biomaGUNE-1123,FRIO-X6\1123\Biodistribución 1123 FeMn\PB\ROIs\ID-63-1.czi,drive1_FRIO-X6,,drive1_FRIO-X6\Cell observer\AINHIZE\1123\Biodistribución 1123 FeMn\PB\ROIs\ID-63-1.czi,6431648,70913122c5c888bf6244f1e458cf2151ab46c58ce7f9100cdc39755dffe0ab03,,N,,"retired derivative of ACQ-20250415-CELL-039, formerly ACQ-20250415-CELL-043"
AE-biomaGUNE-1123,FRIO-X6\1123\Biodistribución 1123 FeMn\PB\ROIs\ID-64-1-scale.czi,drive1_FRIO-X6,,drive1_FRIO-X6\Cell observer\AINHIZE\1123\Biodistribución 1123 FeMn\PB\ROIs\ID-64-1-scale.czi,6436704,564a171d58a8ae2c1b8f5a90a694c0048fa422e8a4fda3112fb8041959a0b4c4,,N,,"retired derivative of ACQ-20250415-CELL-040, formerly ACQ-20250415-CELL-044"
AE-biomaGUNE-1123,FRIO-X6\1123\Biodistribución 1123 FeMn\PB\ROIs\ID-64-1.czi,drive1_FRIO-X6,,drive1_FRIO-X6\Cell observer\AINHIZE\1123\Biodistribución 1123 FeMn\PB\ROIs\ID-64-1.czi,6436320,1a6e572f87800f315cb45180bf0edcf0f1d46e7957e1a5f5000950efad549d89,,N,,"retired derivative of ACQ-20250415-CELL-040, formerly ACQ-20250415-CELL-045"
AE-biomaGUNE-1123,FRIO-X6\1123\Biodistribución 1123 FeMn\PB\ROIs\ID-64-2.czi,drive1_FRIO-X6,,drive1_FRIO-X6\Cell observer\AINHIZE\1123\Biodistribución 1123 FeMn\PB\ROIs\ID-64-2.czi,3624352,6cce0b7dbc754e7b6325c46614f4de2f94ae5ce782bdd200c5710e5265f0c4f5,,N,,"retired derivative of ACQ-20250415-CELL-040, formerly ACQ-20250415-CELL-046"
AE-biomaGUNE-1123,FRIO-X6\1123\Biodistribución 1123 FeMn\PB\ROIs\ID102-1-scale.czi,drive1_FRIO-X6,,drive1_FRIO-X6\Cell observer\AINHIZE\1123\Biodistribución 1123 FeMn\PB\ROIs\ID102-1-scale.czi,6438304,a3f76ef0266103c543f1afb4d94175672cda99eaa14943abcf6c49f1f26d0344,,N,,"retired derivative of ACQ-20250411-CELL-002, formerly ACQ-20250411-CELL-009"
AE-biomaGUNE-1123,FRIO-X6\1123\Biodistribución 1123 FeMn\PB\ROIs\ID102-1.czi,drive1_FRIO-X6,,drive1_FRIO-X6\Cell observer\AINHIZE\1123\Biodistribución 1123 FeMn\PB\ROIs\ID102-1.czi,6438208,b625bd62c3ac7b31c2931caead981702fbe49b65d271a8e46575aa31f3cecb3f,,N,,"retired derivative of ACQ-20250411-CELL-002, formerly ACQ-20250411-CELL-010"
AE-biomaGUNE-1123,FRIO-X6\1123\Biodistribución 1123 FeMn\PB\ROIs\ID102-2-scale.czi,drive1_FRIO-X6,,drive1_FRIO-X6\Cell observer\AINHIZE\1123\Biodistribución 1123 FeMn\PB\ROIs\ID102-2-scale.czi,3626528,5b204c649c8c0640989a1dbbed1171533dcbf05f03aa5bece45c99a8b18bcea5,,N,,"retired derivative of ACQ-20250411-CELL-002, formerly ACQ-20250411-CELL-011"
AE-biomaGUNE-1123,FRIO-X6\1123\Biodistribución 1123 FeMn\PB\ROIs\ID102-2.czi,drive1_FRIO-X6,,drive1_FRIO-X6\Cell observer\AINHIZE\1123\Biodistribución 1123 FeMn\PB\ROIs\ID102-2.czi,3625920,94f8130d2bb586ead8eb7a277f167041a802e964833f8691ca88a3d638522203,,N,,"retired derivative of ACQ-20250411-CELL-002, formerly ACQ-20250411-CELL-012"
AE-biomaGUNE-1123,FRIO-X6\1123\Biodistribución 1123 FeMn\PB\ROIs\ID105-1-scale.czi,drive1_FRIO-X6,,drive1_FRIO-X6\Cell observer\AINHIZE\1123\Biodistribución 1123 FeMn\PB\ROIs\ID105-1-scale.czi,6437920,f1812ac04c4623cd440e356c3bc594b4d52179eca524e0ba7a50a2b49e63978a,,N,,"retired derivative of ACQ-20250411-CELL-005, formerly ACQ-20250411-CELL-013"
AE-biomaGUNE-1123,FRIO-X6\1123\Biodistribución 1123 FeMn\PB\ROIs\ID105-1.czi,drive1_FRIO-X6,,drive1_FRIO-X6\Cell observer\AINHIZE\1123\Biodistribución 1123 FeMn\PB\ROIs\ID105-1.czi,6436736,d385d9f66e7cafe6d6da39ad1d412430aa68fb6741c3cb4411d182e9b86d3c39,,N,,"retired derivative of ACQ-20250411-CELL-005, formerly ACQ-20250411-CELL-014"
AE-biomaGUNE-1123,FRIO-X6\1123\Biodistribución 1123 FeMn\PB\ROIs\ID105-2.czi,drive1_FRIO-X6,,drive1_FRIO-X6\Cell observer\AINHIZE\1123\Biodistribución 1123 FeMn\PB\ROIs\ID105-2.czi,3623648,945aac255ad754b72346150f719a4800f67cbd6a213baa9d15a54889c79d4eb0,,N,,"retired derivative of ACQ-20250411-CELL-005, formerly ACQ-20250411-CELL-015"
AE-biomaGUNE-1123,FRIO-X6\1123\Biodistribución 1123 FeMn\PB\ROIs\ID109-1-scale.czi,drive1_FRIO-X6,,drive1_FRIO-X6\Cell observer\AINHIZE\1123\Biodistribución 1123 FeMn\PB\ROIs\ID109-1-scale.czi,6439648,b5cc4a81c57760dfbbcf3fac79edf471064d4aabba2b3d97905690eeeb22a79d,,N,,"retired derivative of ACQ-20250415-CELL-035, formerly ACQ-20250415-CELL-047"
AE-biomaGUNE-1123,FRIO-X6\1123\Biodistribución 1123 FeMn\PB\ROIs\ID109-1.czi,drive1_FRIO-X6,,drive1_FRIO-X6\Cell observer\AINHIZE\1123\Biodistribución 1123 FeMn\PB\ROIs\ID109-1.czi,6439968,c3a92935a00a3bdc3b4aea8484c91909026f8ea28fec5f0fa41a6f8eecda895f,,N,,"retired derivative of ACQ-20250415-CELL-035, formerly ACQ-20250415-CELL-048"
AE-biomaGUNE-1123,FRIO-X6\1123\Biodistribución 1123 FeMn\PB\ROIs\ID109-2.czi,drive1_FRIO-X6,,drive1_FRIO-X6\Cell observer\AINHIZE\1123\Biodistribución 1123 FeMn\PB\ROIs\ID109-2.czi,3626272,a40bc7c19f4c25bc04d4ae6d31c099f54de7bebd36a10bd0e47ecbf661f8a2f6,,N,,"retired derivative of ACQ-20250415-CELL-035, formerly ACQ-20250415-CELL-049"
AE-biomaGUNE-1123,FRIO-X6\1123\Biodistribución 1123 FeMn\PB\ROIs\ID112-1-scale.czi,drive1_FRIO-X6,,drive1_FRIO-X6\Cell observer\AINHIZE\1123\Biodistribución 1123 FeMn\PB\ROIs\ID112-1-scale.czi,6437824,b394c1b6bed899d5871c518bf917be6767abfdc5faa9717f5b59420ee51e3a55,,N,,"retired derivative of ACQ-20250415-CELL-038, formerly ACQ-20250415-CELL-050"
AE-biomaGUNE-1123,FRIO-X6\1123\Biodistribución 1123 FeMn\PB\ROIs\ID112-1.czi,drive1_FRIO-X6,,drive1_FRIO-X6\Cell observer\AINHIZE\1123\Biodistribución 1123 FeMn\PB\ROIs\ID112-1.czi,6438112,ededd20e0ac2a44ad4167b7b67caaebaae3f26149cf36a524c57f8d4d02da1f0,,N,,"retired derivative of ACQ-20250415-CELL-038, formerly ACQ-20250415-CELL-051"
AE-biomaGUNE-1123,FRIO-X6\1123\Biodistribución 1123 FeMn\PB\ROIs\ID112-2.czi,drive1_FRIO-X6,,drive1_FRIO-X6\Cell observer\AINHIZE\1123\Biodistribución 1123 FeMn\PB\ROIs\ID112-2.czi,3629248,7158e35bf78600216067c2ee175b1bf8ce04f3f9cf6c3bf632d8e196a341700e,,N,,"retired derivative of ACQ-20250415-CELL-038, formerly ACQ-20250415-CELL-052"
AE-biomaGUNE-1123,FRIO-X6\1123\ID 7-20\PR\ID10_lung_PR_10x_ROI.czi,drive1_FRIO-X6,,drive1_FRIO-X6\Cell observer\AINHIZE\1123\ID 7-20\PR\ID10_lung_PR_10x_ROI.czi,3303187392,e911494c76dc91b522c8906487ce7a0294b7bfb9f986be02d42da9af3a703e4f,,N,,"retired derivative of ACQ-20241014-CELL-001, formerly ACQ-20241014-CELL-002"
AE-biomaGUNE-1123,FRIO-X6\1123\ID 7-20\PR\ID10_lung_PR_pol_10x_ROI.czi,drive1_FRIO-X6,,drive1_FRIO-X6\Cell observer\AINHIZE\1123\ID 7-20\PR\ID10_lung_PR_pol_10x_ROI.czi,3303183136,eb7dd9523eb39677ae409953284c22c6cafcf3a8d443657cbe7e52ef06d4b67d,,N,,"retired derivative of ACQ-20241014-CELL-003, formerly ACQ-20241014-CELL-004"
AE-biomaGUNE-1123,FRIO-X6\1123\ID 7-20\PR\ID12_lung_PR_10x_ROI.czi,drive1_FRIO-X6,,drive1_FRIO-X6\Cell observer\AINHIZE\1123\ID 7-20\PR\ID12_lung_PR_10x_ROI.czi,2476566240,1b202b93e22c24e24442785a049fcafac7552805ec1b9967e7119ac4c9dc1e56,,N,,"retired derivative of ACQ-20241014-CELL-005, formerly ACQ-20241014-CELL-006"
AE-biomaGUNE-1123,FRIO-X6\1123\ID 7-20\PR\ID12_lung_PR_pol_10x_ROI.czi,drive1_FRIO-X6,,drive1_FRIO-X6\Cell observer\AINHIZE\1123\ID 7-20\PR\ID12_lung_PR_pol_10x_ROI.czi,2476561312,28acb06e632b7b374f498dc53a786cdad3107b1bdcd74d8220b00eae9f44fc1f,,N,,"retired derivative of ACQ-20241014-CELL-007, formerly ACQ-20241014-CELL-008"
AE-biomaGUNE-1123,FRIO-X6\1123\ID 7-20\PR\ID14_lung_PR_10x_ROI.czi,drive1_FRIO-X6,,drive1_FRIO-X6\Cell observer\AINHIZE\1123\ID 7-20\PR\ID14_lung_PR_10x_ROI.czi,3333712544,358328619eda9d9c79fe86f81b848d99cc5a1b8550f571cf360597e74939d484,,N,,"retired derivative of ACQ-20241014-CELL-009, formerly ACQ-20241014-CELL-010"
AE-biomaGUNE-1123,FRIO-X6\1123\ID 7-20\PR\ID14_lung_PR_pol_10x_ROI.czi,drive1_FRIO-X6,,drive1_FRIO-X6\Cell observer\AINHIZE\1123\ID 7-20\PR\ID14_lung_PR_pol_10x_ROI.czi,3333705792,43ae823396ff120acf23f0c3b973548293dd58c4adba1c00d4aa2408e6c4808f,,N,,"retired derivative of ACQ-20241014-CELL-011, formerly ACQ-20241014-CELL-012"
AE-biomaGUNE-1123,FRIO-X6\1123\ID 7-20\PR\ID8_lung_PR_10x_ROI.czi,drive1_FRIO-X6,,drive1_FRIO-X6\Cell observer\AINHIZE\1123\ID 7-20\PR\ID8_lung_PR_10x_ROI.czi,3362569312,7cf582987006b247aab2c781c98af2ad4e572761afeedc25305428bdf8e6b988,,N,,"retired derivative of ACQ-20241014-CELL-025, formerly ACQ-20241014-CELL-026"
AE-biomaGUNE-1123,FRIO-X6\1123\ID 7-20\PR\ID8_lung_PR_pol_10x_ROI.czi,drive1_FRIO-X6,,drive1_FRIO-X6\Cell observer\AINHIZE\1123\ID 7-20\PR\ID8_lung_PR_pol_10x_ROI.czi,3362565376,c36bc106c13a6ef3f5a78cb6580472429c0d06a5e8c3fefb2adfd059309d59ef,,N,,"retired derivative of ACQ-20241014-CELL-027, formerly ACQ-20241014-CELL-028"
AE-biomaGUNE-1123,FRIO-X6\1123\ID 7-20\PR\ID9_lung_PR_10x_ROI.czi,drive1_FRIO-X6,,drive1_FRIO-X6\Cell observer\AINHIZE\1123\ID 7-20\PR\ID9_lung_PR_10x_ROI.czi,2937147968,432c9d326b7928facd40f1b71b0e02eb7db71f1b78d588eb9a7dbb4b78f8091e,,N,,"retired derivative of ACQ-20241014-CELL-029, formerly ACQ-20241014-CELL-030"
AE-biomaGUNE-1123,FRIO-X6\1123\ID 7-20\PR\ID9_lung_PR_pol_10x_ROI.czi,drive1_FRIO-X6,,drive1_FRIO-X6\Cell observer\AINHIZE\1123\ID 7-20\PR\ID9_lung_PR_pol_10x_ROI.czi,2937142560,9bb4cb2b923da0a5851f16db99096b5565c4970e01d9e588fe6444f444824950,,N,,"retired derivative of ACQ-20241014-CELL-031, formerly ACQ-20241014-CELL-032"
AE-biomaGUNE-1123,MFB-Disco-2\Histologias\HE\ID52_1123_HE_10x_lung_ROI.czi,drive2_MFB-Disco-2,,drive2_MFB-Disco-2\2025-10-02 - Toshiba EXT (Backup)\Proyectos_Laboratorio_Laura\Ferritas\BiomaGUNE\Histologias\Histologias\HE\ID52_1123_HE_10x_lung_ROI.czi,3268928160,1b5045b4dfd6c2af616add5bb21273743e0b1a20d01a89db20f19b8a9b9e1e29,,N,,"retired derivative of ACQ-20241126-CELL-015, formerly ACQ-20241126-CELL-016"
AE-biomaGUNE-1123,MFB-Disco-2\Histologias\TM\ID20_1123_TM_10x-ROI.czi,drive2_MFB-Disco-2,,drive2_MFB-Disco-2\2025-10-02 - Toshiba EXT (Backup)\Proyectos_Laboratorio_Laura\Ferritas\BiomaGUNE\Histologias\Histologias\TM\ID20_1123_TM_10x-ROI.czi,3130414720,e366a848779af95f72cbde7e1d8ebbc1e1698cc399634e0228ac443a368caa54,,N,,"retired derivative of ACQ-20241202-CELL-013, formerly ACQ-20241202-CELL-017"
AE-biomaGUNE-1123,MFB-Disco-2\Histologias\TM\ID49_1123_TM_10x-ROI.czi,drive2_MFB-Disco-2,,drive2_MFB-Disco-2\2025-10-02 - Toshiba EXT (Backup)\Proyectos_Laboratorio_Laura\Ferritas\BiomaGUNE\Histologias\Histologias\TM\ID49_1123_TM_10x-ROI.czi,2989533760,1bf65a814f09fbc6c7a629f514911b0e418cc1a51ddbac260fcf56acf297d4dc,,N,,"retired derivative of ACQ-20241202-CELL-005, formerly ACQ-20241202-CELL-018"
AE-biomaGUNE-1123,MFB-Disco-2\Histologias\TM\ID50_1123_TM_10x-ROI.czi,drive2_MFB-Disco-2,,drive2_MFB-Disco-2\2025-10-02 - Toshiba EXT (Backup)\Proyectos_Laboratorio_Laura\Ferritas\BiomaGUNE\Histologias\Histologias\TM\ID50_1123_TM_10x-ROI.czi,3119287552,54e599acec68d3a4c778177cc7003fadb2a13f1e81acbd21f4413a6b3e5994b5,,N,,"retired derivative of ACQ-20241202-CELL-006, formerly ACQ-20241202-CELL-019"
AE-biomaGUNE-1123,MFB-Disco-2\Histologias\TM\ID52_1123_TM_10x-ROI.czi,drive2_MFB-Disco-2,,drive2_MFB-Disco-2\2025-10-02 - Toshiba EXT (Backup)\Proyectos_Laboratorio_Laura\Ferritas\BiomaGUNE\Histologias\Histologias\TM\ID52_1123_TM_10x-ROI.czi,3500861792,31a5402a6987eb35ded418c4c74ced75a8584435b94e8496149971b4585bc6c0,,N,,"retired derivative of ACQ-20241202-CELL-008, formerly ACQ-20241202-CELL-020"
AE-biomaGUNE-1321,FRIO-X6\1321\ID53-70\HE\ID68_lung_HE_10x-Change Scaling-01.czi,drive1_FRIO-X6,,drive1_FRIO-X6\Cell observer\AINHIZE\LAURA\1321\ID53-70\HE\ID68_lung_HE_10x-Change Scaling-01.czi,3642684608,bc66a288fee1f88590e29fe1ef21c85348cb0d3852744347e623102cdb628746,,N,,"retired derivative of ACQ-20230915-CELL-008, formerly ACQ-20230915-CELL-007"
AE-biomaGUNE-1321,FRIO-X6\Cell observer\Laura\Cell observer\PR\1-ROI-ID79_PR_10x.czi,drive1_FRIO-X6,,drive1_FRIO-X6\Cell observer\Laura\Cell observer\PR\1-ROI-ID79_PR_10x.czi,1950995232,cb4a3e37c3a8aa4f52ddeb03098964a4abfd8f25489b0108a85075bc534fbf11,,N,,"retired derivative of ACQ-20231205-CELL-001, formerly ACQ-20231205-CELL-007"
AE-biomaGUNE-1321,FRIO-X6\Cell observer\Laura\Cell observer\PR\1ROI-ID79_PR_pol_10x.czi,drive1_FRIO-X6,,drive1_FRIO-X6\Cell observer\Laura\Cell observer\PR\1ROI-ID79_PR_pol_10x.czi,1950992032,887105aa0003c2e79319b439d11d498bbba17f1d9f41a17cec22a656ea61de94,,N,,"retired derivative of ACQ-20231205-CELL-002, formerly ACQ-20231205-CELL-008"
AE-biomaGUNE-1321,FRIO-X6\Cell observer\Laura\Cell observer\PR\2-ROI-ID79_PR_10x.czi,drive1_FRIO-X6,,drive1_FRIO-X6\Cell observer\Laura\Cell observer\PR\2-ROI-ID79_PR_10x.czi,1970420288,150e3a04a9bfb6c8761cbdfeb48abc66d8a84562674fe593afec99e11f3fb674,,N,,"retired derivative of ACQ-20231205-CELL-001, formerly ACQ-20231205-CELL-009"
AE-biomaGUNE-1321,FRIO-X6\Cell observer\Laura\Cell observer\PR\2ROI-ID79_PR_pol_10x.czi,drive1_FRIO-X6,,drive1_FRIO-X6\Cell observer\Laura\Cell observer\PR\2ROI-ID79_PR_pol_10x.czi,1970416544,3a4f55f2b4d2cb046486cf57be1895a86c5b07022380e77a963f0db79fc68c94,,N,,"retired derivative of ACQ-20231205-CELL-002, formerly ACQ-20231205-CELL-010"
AE-biomaGUNE-1321,FRIO-X6\Cell observer\Laura\Cell observer\PR\ROI-ID58_lung_PR_10x.czi,drive1_FRIO-X6,,drive1_FRIO-X6\Cell observer\Laura\Cell observer\PR\ROI-ID58_lung_PR_10x.czi,2927072352,f00761c069f075453f4fcf3fc9a81df666fa2d7af269a7df0c40d4f76b428f92,,N,,"retired derivative of ACQ-20230921-CELL-011, formerly ACQ-20230921-CELL-013"
AE-biomaGUNE-1321,FRIO-X6\Cell observer\Laura\Cell observer\PR\ROI-ID58_lung_PR_pol_10x.czi,drive1_FRIO-X6,,drive1_FRIO-X6\Cell observer\Laura\Cell observer\PR\ROI-ID58_lung_PR_pol_10x.czi,2928914560,068a595ac306e9d792508d97327e2806c90341b3b98c732ea6242982d688f5cf,,N,,"retired derivative of ACQ-20230921-CELL-012, formerly ACQ-20230921-CELL-014"
AE-biomaGUNE-1321,FRIO-X6\Cell observer\Laura\Cell observer\PR\ROI-ID59_lung_PR_10x.czi,drive1_FRIO-X6,,drive1_FRIO-X6\Cell observer\Laura\Cell observer\PR\ROI-ID59_lung_PR_10x.czi,2488325760,4d358bbb9f57b6976d72c4052fba4ba76a60d9354e42a16a4c27daa0020493cc,,N,,"retired derivative of ACQ-20230925-CELL-007, formerly ACQ-20230925-CELL-019"
AE-biomaGUNE-1321,FRIO-X6\Cell observer\Laura\Cell observer\PR\ROI-ID68_lung_PR_10x.czi,drive1_FRIO-X6,,drive1_FRIO-X6\Cell observer\Laura\Cell observer\PR\ROI-ID68_lung_PR_10x.czi,2901687360,3725b6121a9f2adfce3c07710c50876aad9161ef73fff13f7b60f8afeafbd5cd,,N,,"retired derivative of ACQ-20230926-CELL-131, formerly ACQ-20230926-CELL-137"
AE-biomaGUNE-1321,FRIO-X6\Cell observer\Laura\Cell observer\PR\ROI-ID68_lung_PR_pol_10x.czi,drive1_FRIO-X6,,drive1_FRIO-X6\Cell observer\Laura\Cell observer\PR\ROI-ID68_lung_PR_pol_10x.czi,2901682912,43b22243b6f860995862f4b9a116c8ec36c33fb4c7aae77dc4de5ca63ced4de4,,N,,"retired derivative of ACQ-20230926-CELL-132, formerly ACQ-20230926-CELL-138"
AE-biomaGUNE-1321,FRIO-X6\Cell observer\Laura\Cell observer\PR\ROI-ID79_PR_10x.czi,drive1_FRIO-X6,,drive1_FRIO-X6\Cell observer\Laura\Cell observer\PR\ROI-ID79_PR_10x.czi,3703259008,88202869e1be992b31566332ad85ed17ca3f99e8083697ac1796c2dc96bf0f24,,N,,"retired derivative of ACQ-20231205-CELL-001, formerly ACQ-20231205-CELL-011"
AE-biomaGUNE-1321,FRIO-X6\Cell observer\Laura\Cell observer\PR\ROI-ID85_PR_10x.czi,drive1_FRIO-X6,,drive1_FRIO-X6\Cell observer\Laura\Cell observer\PR\ROI-ID85_PR_10x.czi,3145667232,1e76d91c21adec2661bdacad5ba137aba243141b3ceeb63b701bcc893998848f,,N,,"retired derivative of ACQ-20231213-CELL-003, formerly ACQ-20231213-CELL-011"
AE-biomaGUNE-1321,FRIO-X6\Cell observer\Laura\Cell observer\PR\ROI-ID85_PR_pol_10x.czi,drive1_FRIO-X6,,drive1_FRIO-X6\Cell observer\Laura\Cell observer\PR\ROI-ID85_PR_pol_10x.czi,3145663296,4900e78e21526874523f470a13c64a132524c62dc5384e039d929dded86f1337,,N,,"retired derivative of ACQ-20231213-CELL-004, formerly ACQ-20231213-CELL-012"
AE-biomaGUNE-1321,FRIO-X6\PR REPETICIÓN\Grupo D\1321_ID22_PR_10x_1.czi,drive1_FRIO-X6,,drive1_FRIO-X6\Cell observer\AINHIZE\MARINA\PR REPETICIÓN\Grupo D\1321_ID22_PR_10x_1.czi,1151812192,4196454e42c2df4a398bcfc5bbffd6911387b011c093e6e4f525c9b58b5da412,,N,,"retired derivative of ACQ-20230327-CELL-003, formerly ACQ-20230327-CELL-004"
AE-biomaGUNE-1321,FRIO-X6\PR REPETICIÓN\Grupo D\1321_ID22_PR_10x_2.czi,drive1_FRIO-X6,,drive1_FRIO-X6\Cell observer\AINHIZE\MARINA\PR REPETICIÓN\Grupo D\1321_ID22_PR_10x_2.czi,1241766784,f8a5f420a30c6e7adf1aec8233fbd914be56156ed49f4d360f0f73d0bf0ebfba,,N,,"retired derivative of ACQ-20230327-CELL-003, formerly ACQ-20230327-CELL-005"
AE-biomaGUNE-1321,FRIO-X6\PR REPETICIÓN\Grupo D\1321_ID22_PR_10x_pol_1.czi,drive1_FRIO-X6,,drive1_FRIO-X6\Cell observer\AINHIZE\MARINA\PR REPETICIÓN\Grupo D\1321_ID22_PR_10x_pol_1.czi,1151809440,eb5587f79fe22c3ad1ba955438ee760f5548d6159306f4bb2aa571f3fc0b96e2,,N,,"retired derivative of ACQ-20230327-CELL-006, formerly ACQ-20230327-CELL-007"
AE-biomaGUNE-1321,FRIO-X6\PR REPETICIÓN\Grupo D\1321_ID22_PR_10x_pol_2.czi,drive1_FRIO-X6,,drive1_FRIO-X6\Cell observer\AINHIZE\MARINA\PR REPETICIÓN\Grupo D\1321_ID22_PR_10x_pol_2.czi,1241761984,ef9132cb539c41e0ae4778efb414c959bf71b1a7b4c9172d03958870f35750b9,,N,,"retired derivative of ACQ-20230327-CELL-006, formerly ACQ-20230327-CELL-008"
AE-biomaGUNE-1321,FRIO-X6\PR REPETICIÓN\Grupo D\ID23_1321_PR_1.czi,drive1_FRIO-X6,,drive1_FRIO-X6\Cell observer\AINHIZE\MARINA\PR REPETICIÓN\Grupo D\ID23_1321_PR_1.czi,2468215232,b6da3e5920e44eea41862664ac4d9cfe0f6e03754059677bf7581959a72c869c,,N,,"retired derivative of ACQ-20230621-CELL-001, formerly ACQ-20230621-CELL-002"
AE-biomaGUNE-1321,FRIO-X6\PR REPETICIÓN\Grupo D\ID23_1321_PR_POL_1.czi,drive1_FRIO-X6,,drive1_FRIO-X6\Cell observer\AINHIZE\MARINA\PR REPETICIÓN\Grupo D\ID23_1321_PR_POL_1.czi,2468223584,87e8a9005faed03f91336fec85c28496a44efd95c838ba7e3a46afbe33bcf41f,,N,,"retired derivative of ACQ-20230621-CELL-003, formerly ACQ-20230621-CELL-004"
AE-biomaGUNE-1321,FRIO-X6\PR REPETICIÓN\Grupo E\1321_ID27_PR_10x_1.czi,drive1_FRIO-X6,,drive1_FRIO-X6\Cell observer\AINHIZE\MARINA\PR REPETICIÓN\Grupo E\1321_ID27_PR_10x_1.czi,2037852320,13f3fa4ca17122188beee1c3be642d5ac57f40a7cb571a7805b53d3c11ca580d,,N,,"retired derivative of ACQ-20230327-CELL-011, formerly ACQ-20230327-CELL-012"
AE-biomaGUNE-1321,FRIO-X6\PR REPETICIÓN\Grupo E\1321_ID27_PR_10x_2.czi,drive1_FRIO-X6,,drive1_FRIO-X6\Cell observer\AINHIZE\MARINA\PR REPETICIÓN\Grupo E\1321_ID27_PR_10x_2.czi,1164620032,fbf3224ce1433ebc673bb2a7c31df571238e28240c117384934fd20759c80b87,,N,,"retired derivative of ACQ-20230327-CELL-011, formerly ACQ-20230327-CELL-013"
AE-biomaGUNE-1321,FRIO-X6\PR REPETICIÓN\Grupo E\1321_ID27_PR_10x_pol_1.czi,drive1_FRIO-X6,,drive1_FRIO-X6\Cell observer\AINHIZE\MARINA\PR REPETICIÓN\Grupo E\1321_ID27_PR_10x_pol_1.czi,2037844576,8a37901bf45205a51dfe155078eea97bc637f2e4b309a13b8565606f6068a0e1,,N,,"retired derivative of ACQ-20230327-CELL-014, formerly ACQ-20230327-CELL-015"
AE-biomaGUNE-1321,FRIO-X6\PR REPETICIÓN\Grupo E\1321_ID27_PR_10x_pol_2.czi,drive1_FRIO-X6,,drive1_FRIO-X6\Cell observer\AINHIZE\MARINA\PR REPETICIÓN\Grupo E\1321_ID27_PR_10x_pol_2.czi,1164616032,728f65a49bffa1fe0a57ba9a0090cee923c7dc24bd7f867dbad21d2414cd0994,,N,,"retired derivative of ACQ-20230327-CELL-014, formerly ACQ-20230327-CELL-016"
AE-biomaGUNE-1321,MFB-Disco-2\1321\aplhaSMA\ID58_alphasma_10x_tilesROI.czi,drive2_MFB-Disco-2,,drive2_MFB-Disco-2\2025-10-02 - Toshiba EXT (Backup)\Proyectos_Laboratorio_Laura\Lung-surfactant\Invivo-Agosto23\1321\aplhaSMA\ID58_alphasma_10x_tilesROI.czi,2271914048,7d4d15171e2fa52a750aef5d5264b100bd668dc133c3437c86147213b65ceb8b,,N,,"retired derivative of ACQ-20231003-CELL-003, formerly ACQ-20231003-CELL-001"
AE-biomaGUNE-1321,MFB-Disco-2\1321\aplhaSMA\ID61_alphasma_10x_tilesROI.czi,drive2_MFB-Disco-2,,drive2_MFB-Disco-2\2025-10-02 - Toshiba EXT (Backup)\Proyectos_Laboratorio_Laura\Lung-surfactant\Invivo-Agosto23\1321\aplhaSMA\ID61_alphasma_10x_tilesROI.czi,2267966816,5fbc4c45f2483d26e012a0900a1c88d23eef024a0475f04187a66db05cad9136,,N,,"retired derivative of ACQ-20231003-CELL-006, formerly ACQ-20231003-CELL-002"
AE-biomaGUNE-1321,MFB-Disco-2\1321\aplhaSMA\ID68_alphasma_10x_tilesROI.czi,drive2_MFB-Disco-2,,drive2_MFB-Disco-2\2025-10-02 - Toshiba EXT (Backup)\Proyectos_Laboratorio_Laura\Lung-surfactant\Invivo-Agosto23\1321\aplhaSMA\ID68_alphasma_10x_tilesROI.czi,2197165632,1bd075d0e2bcd276be9da9ae324244b2b75ac6099885e16d73d250a1e35b6d57,,N,,"retired derivative of ACQ-20231006-CELL-004, formerly ACQ-20231006-CELL-001"
AE-biomaGUNE-1321,MFB-Disco-2\1321\Colagen I\Lobulo1-ID79_colageno I_10x_tiles.czi,drive2_MFB-Disco-2,,drive2_MFB-Disco-2\2025-10-02 - Toshiba EXT (Backup)\Proyectos_Laboratorio_Laura\Lung-surfactant\Invivo-Agosto23\1321\Colagen I\Lobulo1-ID79_colageno I_10x_tiles.czi,1620340544,456106b066586459bef53e5b197f94e1444b11abc686c6a5ae71f455854dad53,,N,,"retired derivative of ACQ-20240130-CELL-007, formerly ACQ-20240130-CELL-001"
AE-biomaGUNE-1321,MFB-Disco-2\1321\Colagen I\Lobulo2-ID79_colageno I_10x_tiles.czi,drive2_MFB-Disco-2,,drive2_MFB-Disco-2\2025-10-02 - Toshiba EXT (Backup)\Proyectos_Laboratorio_Laura\Lung-surfactant\Invivo-Agosto23\1321\Colagen I\Lobulo2-ID79_colageno I_10x_tiles.czi,1440281952,dacd70b9ecedbfc66600f932f45e4423e2661d36713c07e7fdd05510123a2831,,N,,"retired derivative of ACQ-20240130-CELL-007, formerly ACQ-20240130-CELL-002"
AE-biomaGUNE-1321,MFB-Disco-2\1321\Colagen I\ROI-ID73_aplhaSMA_10x_tiles.czi,drive2_MFB-Disco-2,,drive2_MFB-Disco-2\2025-10-02 - Toshiba EXT (Backup)\Proyectos_Laboratorio_Laura\Lung-surfactant\Invivo-Agosto23\1321\Colagen I\ROI-ID73_aplhaSMA_10x_tiles.czi,2387152768,c3c33cc41ea7531594bc4eacdd22a2815e7c5a20a91cf1ce23ffc4a5b8661797,,N,,"retired derivative of ACQ-20240129-CELL-003, formerly ACQ-20240129-CELL-002"
AE-biomaGUNE-1321,MFB-Disco-2\1321\Colagen I\ROI-ID76_colageno I_10x_tiles.czi,drive2_MFB-Disco-2,,drive2_MFB-Disco-2\2025-10-02 - Toshiba EXT (Backup)\Proyectos_Laboratorio_Laura\Lung-surfactant\Invivo-Agosto23\1321\Colagen I\ROI-ID76_colageno I_10x_tiles.czi,2257291584,cd622259903729957d6534f1ff18564e5f80df9f84300c5869265f8b026c2d34,,N,,"retired derivative of ACQ-20240130-CELL-006, formerly ACQ-20240130-CELL-003"
AE-biomaGUNE-1321,MFB-Disco-2\1321\Colagen I\ROI-ID80_colageno I_10x_tiles.czi,drive2_MFB-Disco-2,,drive2_MFB-Disco-2\2025-10-02 - Toshiba EXT (Backup)\Proyectos_Laboratorio_Laura\Lung-surfactant\Invivo-Agosto23\1321\Colagen I\ROI-ID80_colageno I_10x_tiles.czi,2409062112,f1a99b4e85493718949f2bce480d9b5726f61bc1f282ba5de6f69bbbb0e23120,,N,,"retired derivative of ACQ-20240130-CELL-008, formerly ACQ-20240130-CELL-004"
AE-biomaGUNE-1321,MFB-Disco-2\1321\Colagen I\ROI-ID83_colageno I_10x_tiles.czi,drive2_MFB-Disco-2,,drive2_MFB-Disco-2\2025-10-02 - Toshiba EXT (Backup)\Proyectos_Laboratorio_Laura\Lung-surfactant\Invivo-Agosto23\1321\Colagen I\ROI-ID83_colageno I_10x_tiles.czi,2169239008,cfe2268a67343e9649bd0cb6911336699af848b7d7f8f7d47f3677586741ffde,,N,,"retired derivative of ACQ-20240130-CELL-009, formerly ACQ-20240130-CELL-005"
AE-biomaGUNE-1321,MFB-Disco-2\1321\Colagen I\ROI-ID85_colageno I_10x_tiles.czi,drive2_MFB-Disco-2,,drive2_MFB-Disco-2\2025-10-02 - Toshiba EXT (Backup)\Proyectos_Laboratorio_Laura\Lung-surfactant\Invivo-Agosto23\1321\Colagen I\ROI-ID85_colageno I_10x_tiles.czi,2285577600,cbccb164e83f1d73d2a2a8fcc745cd6b95ff4efd2bbe7063c47617d6b799440e,,N,,"retired derivative of ACQ-20240201-CELL-005, formerly ACQ-20240201-CELL-001"
AE-biomaGUNE-1321,MFB-Disco-2\1321\Colagen I\ROI-ID86_colageno I_10x_tiles.czi,drive2_MFB-Disco-2,,drive2_MFB-Disco-2\2025-10-02 - Toshiba EXT (Backup)\Proyectos_Laboratorio_Laura\Lung-surfactant\Invivo-Agosto23\1321\Colagen I\ROI-ID86_colageno I_10x_tiles.czi,2389994176,6a89361d71e7e29e4bc2c79adcae2e4a64dffc1af4e614049f5f3d5434354b76,,N,,"retired derivative of ACQ-20240201-CELL-006, formerly ACQ-20240201-CELL-002"
AE-biomaGUNE-1321,MFB-Disco-2\1321\Colagen I\ROI-ID89_colageno I_10x_tiles.czi,drive2_MFB-Disco-2,,drive2_MFB-Disco-2\2025-10-02 - Toshiba EXT (Backup)\Proyectos_Laboratorio_Laura\Lung-surfactant\Invivo-Agosto23\1321\Colagen I\ROI-ID89_colageno I_10x_tiles.czi,2352544928,2488503859fe00fca412402a14e842dadbe53b738527fe039295e1c94ba55841,,N,,"retired derivative of ACQ-20240201-CELL-007, formerly ACQ-20240201-CELL-003"
AE-biomaGUNE-1321,MFB-Disco-2\1321\Colagen I\ROI-ID90_colageno I_10x_tiles.czi,drive2_MFB-Disco-2,,drive2_MFB-Disco-2\2025-10-02 - Toshiba EXT (Backup)\Proyectos_Laboratorio_Laura\Lung-surfactant\Invivo-Agosto23\1321\Colagen I\ROI-ID90_colageno I_10x_tiles.czi,1975696224,498403c6303e6b1594267526bc9f8cd70bfd25bf4519884df6c45740d8b63790,,N,,"retired derivative of ACQ-20240201-CELL-008, formerly ACQ-20240201-CELL-004"
AE-biomaGUNE-1321,MFB-Disco-2\1321\PR\53-POL-ROI.czi,drive2_MFB-Disco-2,,drive2_MFB-Disco-2\2025-10-02 - Toshiba EXT (Backup)\Proyectos_Laboratorio_Laura\Lung-surfactant\Invivo-Agosto23\1321\PR\53-POL-ROI.czi,2526901280,e353430ddaa86439d4c1fe9c1727cb65d89765763e09787056fb714ebdd0f137,,N,,"retired derivative of ACQ-20230919-CELL-007, formerly ACQ-20230919-CELL-004"
AE-biomaGUNE-1321,MFB-Disco-2\1321\PR\54-POL-ROI.czi,drive2_MFB-Disco-2,,drive2_MFB-Disco-2\2025-10-02 - Toshiba EXT (Backup)\Proyectos_Laboratorio_Laura\Lung-surfactant\Invivo-Agosto23\1321\PR\54-POL-ROI.czi,1941691168,fa6959f1001aab35eeab3ee18a13428ec4dafab639738f6fa9e0ea6a2357753b,,N,,"retired derivative of ACQ-20230919-CELL-009, formerly ACQ-20230919-CELL-005"
AE-biomaGUNE-1321,MFB-Disco-2\1321\PR\55-POL-ROI.czi,drive2_MFB-Disco-2,,drive2_MFB-Disco-2\2025-10-02 - Toshiba EXT (Backup)\Proyectos_Laboratorio_Laura\Lung-surfactant\Invivo-Agosto23\1321\PR\55-POL-ROI.czi,2246842624,88e4a4f22477c478fe65454ff85e85ce84979a4154804f15125aa0ad14d27dbb,,N,,"retired derivative of ACQ-20230921-CELL-006, formerly ACQ-20230921-CELL-001"
AE-biomaGUNE-1321,MFB-Disco-2\1321\PR\56-POL-ROI.czi,drive2_MFB-Disco-2,,drive2_MFB-Disco-2\2025-10-02 - Toshiba EXT (Backup)\Proyectos_Laboratorio_Laura\Lung-surfactant\Invivo-Agosto23\1321\PR\56-POL-ROI.czi,1992141024,7f1688ea2a78be6ee552c623c3a0fa1eb7767fe10905f388454cb4e1935a06e5,,N,,"retired derivative of ACQ-20230921-CELL-008, formerly ACQ-20230921-CELL-002"
AE-biomaGUNE-1321,MFB-Disco-2\1321\PR\57-POL-ROI.czi,drive2_MFB-Disco-2,,drive2_MFB-Disco-2\2025-10-02 - Toshiba EXT (Backup)\Proyectos_Laboratorio_Laura\Lung-surfactant\Invivo-Agosto23\1321\PR\57-POL-ROI.czi,2334356288,d1b7d7ada44f911fba2dea350181e3ea4c185cb66edf533d16f75b529b9d5627,,N,,"retired derivative of ACQ-20230921-CELL-010, formerly ACQ-20230921-CELL-003"
AE-biomaGUNE-1321,MFB-Disco-2\1321\PR\58-POL-ROI.czi,drive2_MFB-Disco-2,,drive2_MFB-Disco-2\2025-10-02 - Toshiba EXT (Backup)\Proyectos_Laboratorio_Laura\Lung-surfactant\Invivo-Agosto23\1321\PR\58-POL-ROI.czi,2652504448,6d80cf456e37716fd69e5491de8375e008565d09d3337e468470baf7ff14bd0c,,N,,"retired derivative of ACQ-20230921-CELL-012, formerly ACQ-20230921-CELL-004"
AE-biomaGUNE-1321,MFB-Disco-2\1321\PR\59-POL-ROI.czi,drive2_MFB-Disco-2,,drive2_MFB-Disco-2\2025-10-02 - Toshiba EXT (Backup)\Proyectos_Laboratorio_Laura\Lung-surfactant\Invivo-Agosto23\1321\PR\59-POL-ROI.czi,1804326880,fe8119b0ca9702024dd3faa6eff30aba53c904a151783b50cd6aea8919bf4020,,N,,"retired derivative of ACQ-20230925-CELL-008, formerly ACQ-20230925-CELL-001"
AE-biomaGUNE-1321,MFB-Disco-2\1321\PR\60-POL-ROI.czi,drive2_MFB-Disco-2,,drive2_MFB-Disco-2\2025-10-02 - Toshiba EXT (Backup)\Proyectos_Laboratorio_Laura\Lung-surfactant\Invivo-Agosto23\1321\PR\60-POL-ROI.czi,2329299840,eb9005a2a4d795e9409bceeb8c62ffe3a172b3332540177804095abcb6b89069,,N,,"retired derivative of ACQ-20230925-CELL-010, formerly ACQ-20230925-CELL-002"
AE-biomaGUNE-1321,MFB-Disco-2\1321\PR\61-POL-ROI.czi,drive2_MFB-Disco-2,,drive2_MFB-Disco-2\2025-10-02 - Toshiba EXT (Backup)\Proyectos_Laboratorio_Laura\Lung-surfactant\Invivo-Agosto23\1321\PR\61-POL-ROI.czi,2041423616,d8b6c95173bb48644ada4aeea789173a82315a20180add25e528e5482f7bccd3,,N,,"retired derivative of ACQ-20230925-CELL-012, formerly ACQ-20230925-CELL-003"
AE-biomaGUNE-1321,MFB-Disco-2\1321\PR\62-POL-ROI.czi,drive2_MFB-Disco-2,,drive2_MFB-Disco-2\2025-10-02 - Toshiba EXT (Backup)\Proyectos_Laboratorio_Laura\Lung-surfactant\Invivo-Agosto23\1321\PR\62-POL-ROI.czi,2332301728,8981d895142c1e4e80ae94bc74e1e0c0e8a5819b03a5ee03c15996f334eb7768,,N,,"retired derivative of ACQ-20230925-CELL-014, formerly ACQ-20230925-CELL-004"
AE-biomaGUNE-1321,MFB-Disco-2\1321\PR\63-POL-ROI.czi,drive2_MFB-Disco-2,,drive2_MFB-Disco-2\2025-10-02 - Toshiba EXT (Backup)\Proyectos_Laboratorio_Laura\Lung-surfactant\Invivo-Agosto23\1321\PR\63-POL-ROI.czi,2097128320,729ebb7a71b4f6e2c4171e15c581febd0c164f377c4676f34785a7d4f6ae4b6a,,N,,"retired derivative of ACQ-20230925-CELL-016, formerly ACQ-20230925-CELL-005"
AE-biomaGUNE-1321,MFB-Disco-2\1321\PR\64-POL-ROI.czi,drive2_MFB-Disco-2,,drive2_MFB-Disco-2\2025-10-02 - Toshiba EXT (Backup)\Proyectos_Laboratorio_Laura\Lung-surfactant\Invivo-Agosto23\1321\PR\64-POL-ROI.czi,2278655616,e581b8b94d83752452b6beb379204553169d8e7ca29215686ea4ff542ecf912e,,N,,"retired derivative of ACQ-20230925-CELL-018, formerly ACQ-20230925-CELL-006"
AE-biomaGUNE-1321,MFB-Disco-2\1321\PR\65-POL-ROI.czi,drive2_MFB-Disco-2,,drive2_MFB-Disco-2\2025-10-02 - Toshiba EXT (Backup)\Proyectos_Laboratorio_Laura\Lung-surfactant\Invivo-Agosto23\1321\PR\65-POL-ROI.czi,1971740128,bbf35788462c89c67063a89385d8b1821981e02ca5081fb194a5979a4712dc1f,,N,,"retired derivative of ACQ-20230926-CELL-130, formerly ACQ-20230926-CELL-125"
AE-biomaGUNE-1321,MFB-Disco-2\1321\PR\68-POL-ROI.czi,drive2_MFB-Disco-2,,drive2_MFB-Disco-2\2025-10-02 - Toshiba EXT (Backup)\Proyectos_Laboratorio_Laura\Lung-surfactant\Invivo-Agosto23\1321\PR\68-POL-ROI.czi,2917098208,88e55dc96b61c78e663cb1df19906fed90abe26f9536322681a2ef36b3d86a6c,,N,,"retired derivative of ACQ-20230926-CELL-132, formerly ACQ-20230926-CELL-126"
AE-biomaGUNE-1321,MFB-Disco-2\1321\PR\69-POL-ROI.czi,drive2_MFB-Disco-2,,drive2_MFB-Disco-2\2025-10-02 - Toshiba EXT (Backup)\Proyectos_Laboratorio_Laura\Lung-surfactant\Invivo-Agosto23\1321\PR\69-POL-ROI.czi,2305035712,0da3ccea099a8a952dec7a4730b9c3d879f7f1dbc5ecb107f6ef140a322f4f9d,,N,,"retired derivative of ACQ-20230926-CELL-134, formerly ACQ-20230926-CELL-127"
AE-biomaGUNE-1321,MFB-Disco-2\1321\PR\70-POL-ROI.czi,drive2_MFB-Disco-2,,drive2_MFB-Disco-2\2025-10-02 - Toshiba EXT (Backup)\Proyectos_Laboratorio_Laura\Lung-surfactant\Invivo-Agosto23\1321\PR\70-POL-ROI.czi,2702644416,e0b55798f14753849b8f313f539f61ac0cf33923f3ffc26e847d05801e0b2bd9,,N,,"retired derivative of ACQ-20230926-CELL-136, formerly ACQ-20230926-CELL-128"
AE-biomaGUNE-1321,MFB-Disco-2\2025-10-02 - Toshiba EXT~c41f\Proyectos_La~46dc\Lung-surfactant\Invivo-Agosto23\HE\Blao+saline\62_1.czi,drive2_MFB-Disco-2,,drive2_MFB-Disco-2\2025-10-02 - Toshiba EXT (Backup)\Proyectos_Laboratorio_Laura\Lung-surfactant\Invivo-Agosto23\HE\Blao+saline\62_1.czi,38133440,e769e4f660de840690e580a431fef0944126eeb044fc0470046bdb6fc4b466ce,,Y,,"retired derivative of ACQ-20230914-CELL-024, formerly ACQ-20230914-CELL-001"
AE-biomaGUNE-1321,MFB-Disco-2\2025-10-02 - Toshiba EXT~c41f\Proyectos_La~46dc\Lung-surfactant\Invivo-Agosto23\HE\Blao+saline\62_2.czi,drive2_MFB-Disco-2,,drive2_MFB-Disco-2\2025-10-02 - Toshiba EXT (Backup)\Proyectos_Laboratorio_Laura\Lung-surfactant\Invivo-Agosto23\HE\Blao+saline\62_2.czi,38133600,5ff1c1ba7bccd959269f2c44dd6ba564189be2acf748c0c338784c337eab56d3,,Y,,"retired derivative of ACQ-20230914-CELL-024, formerly ACQ-20230914-CELL-002"
AE-biomaGUNE-1321,MFB-Disco-2\2025-10-02 - Toshiba EXT~c41f\Proyectos_La~46dc\Lung-surfactant\Invivo-Agosto23\HE\Blao+saline\62_3.czi,drive2_MFB-Disco-2,,drive2_MFB-Disco-2\2025-10-02 - Toshiba EXT (Backup)\Proyectos_Laboratorio_Laura\Lung-surfactant\Invivo-Agosto23\HE\Blao+saline\62_3.czi,38134624,73bc500b2fa5ac6fa8da5e743cc99bbc1867b0e3365ed5045da2dbd61ded49b0,,Y,,"retired derivative of ACQ-20230914-CELL-024, formerly ACQ-20230914-CELL-003"
AE-biomaGUNE-1321,MFB-Disco-2\2025-10-02 - Toshiba EXT~c41f\Proyectos_La~46dc\Lung-surfactant\Invivo-Agosto23\HE\Bleo+free-nint\56.czi,drive2_MFB-Disco-2,,drive2_MFB-Disco-2\2025-10-02 - Toshiba EXT (Backup)\Proyectos_Laboratorio_Laura\Lung-surfactant\Invivo-Agosto23\HE\Bleo+free-nint\56.czi,38132000,b9e73790ea7112ff75203bdd38f31cbe15abaa5b7b76f9fed79a1d26949f736c,,Y,,"retired derivative of ACQ-20230914-CELL-018, formerly ACQ-20230914-CELL-004"
AE-biomaGUNE-1321,MFB-Disco-2\2025-10-02 - Toshiba EXT~c41f\Proyectos_La~46dc\Lung-surfactant\Invivo-Agosto23\HE\Bleo+free-nint\56_1.czi,drive2_MFB-Disco-2,,drive2_MFB-Disco-2\2025-10-02 - Toshiba EXT (Backup)\Proyectos_Laboratorio_Laura\Lung-surfactant\Invivo-Agosto23\HE\Bleo+free-nint\56_1.czi,38132256,b5d3765c5adadba90b1da99cb1b234d5b5dc766fb07c6b5788375083dcf3cbb0,,Y,,"retired derivative of ACQ-20230914-CELL-018, formerly ACQ-20230914-CELL-005"
AE-biomaGUNE-1321,MFB-Disco-2\2025-10-02 - Toshiba EXT~c41f\Proyectos_La~46dc\Lung-surfactant\Invivo-Agosto23\HE\Bleo+free-nint\56_2.czi,drive2_MFB-Disco-2,,drive2_MFB-Disco-2\2025-10-02 - Toshiba EXT (Backup)\Proyectos_Laboratorio_Laura\Lung-surfactant\Invivo-Agosto23\HE\Bleo+free-nint\56_2.czi,38135360,779099746536e4f84a20bc5f3b1bd92ea7830db2b1436fc4e351ff93cefe38c7,,Y,,"retired derivative of ACQ-20230914-CELL-018, formerly ACQ-20230914-CELL-006"
AE-biomaGUNE-1321,MFB-Disco-2\2025-10-02 - Toshiba EXT~c41f\Proyectos_La~46dc\Lung-surfactant\Invivo-Agosto23\HE\Controles\63.czi,drive2_MFB-Disco-2,,drive2_MFB-Disco-2\2025-10-02 - Toshiba EXT (Backup)\Proyectos_Laboratorio_Laura\Lung-surfactant\Invivo-Agosto23\HE\Controles\63.czi,38647456,3bdc531a12422bdb2170a9c7aed36c10ad3416b74be1eb516f6f00d9c4499b01,,Y,,"retired derivative of ACQ-20230914-CELL-025, formerly ACQ-20230914-CELL-007"
AE-biomaGUNE-1321,MFB-Disco-2\2025-10-02 - Toshiba EXT~c41f\Proyectos_La~46dc\Lung-surfactant\Invivo-Agosto23\HE\Controles\63_1.czi,drive2_MFB-Disco-2,,drive2_MFB-Disco-2\2025-10-02 - Toshiba EXT (Backup)\Proyectos_Laboratorio_Laura\Lung-surfactant\Invivo-Agosto23\HE\Controles\63_1.czi,38129792,3ed70f4b5b5da3308c7559d00e70f040c31b459738eb01a7609b971e7dd612b5,,Y,,"retired derivative of ACQ-20230914-CELL-025, formerly ACQ-20230914-CELL-008"
AE-biomaGUNE-1321,MFB-Disco-2\2025-10-02 - Toshiba EXT~c41f\Proyectos_La~46dc\Lung-surfactant\Invivo-Agosto23\HE\Controles\63_2.czi,drive2_MFB-Disco-2,,drive2_MFB-Disco-2\2025-10-02 - Toshiba EXT (Backup)\Proyectos_Laboratorio_Laura\Lung-surfactant\Invivo-Agosto23\HE\Controles\63_2.czi,38129152,4e7214587cd15eb18100d8024962f7a86a3e3cc15c942796a995786ef88b77d9,,Y,,"retired derivative of ACQ-20230914-CELL-025, formerly ACQ-20230914-CELL-009"
AE-biomaGUNE-1321,MFB-Disco-2\2025-10-02 - Toshiba EXT~c41f\Proyectos_La~46dc\Lung-surfactant\Invivo-Agosto23\HE\Controles\63_3.czi,drive2_MFB-Disco-2,,drive2_MFB-Disco-2\2025-10-02 - Toshiba EXT (Backup)\Proyectos_Laboratorio_Laura\Lung-surfactant\Invivo-Agosto23\HE\Controles\63_3.czi,38128608,1c23533124ad94cb2e0ef2d1c677492f207938b33adbe1710620c724b4aff388,,Y,,"retired derivative of ACQ-20230914-CELL-025, formerly ACQ-20230914-CELL-010"
AE-biomaGUNE-1321,MFB-Disco-2\2025-10-02 - Toshiba EXT~c41f\Proyectos_La~46dc\Lung-surfactant\Invivo-Agosto23\HE\LS-Nint\59_1.czi,drive2_MFB-Disco-2,,drive2_MFB-Disco-2\2025-10-02 - Toshiba EXT (Backup)\Proyectos_Laboratorio_Laura\Lung-surfactant\Invivo-Agosto23\HE\LS-Nint\59_1.czi,38134752,e773958589915163ab738bd85bc4a62597ba5437b6a30d95fc213cade39a4eb0,,Y,,"retired derivative of ACQ-20230914-CELL-021, formerly ACQ-20230914-CELL-011"
AE-biomaGUNE-1321,MFB-Disco-2\2025-10-02 - Toshiba EXT~c41f\Proyectos_La~46dc\Lung-surfactant\Invivo-Agosto23\HE\LS-Nint\59_2.czi,drive2_MFB-Disco-2,,drive2_MFB-Disco-2\2025-10-02 - Toshiba EXT (Backup)\Proyectos_Laboratorio_Laura\Lung-surfactant\Invivo-Agosto23\HE\LS-Nint\59_2.czi,38135328,515168cdd272620235fa32c17105c28ea7b4eab7e036870ae22e0b30a19feeb0,,Y,,"retired derivative of ACQ-20230914-CELL-021, formerly ACQ-20230914-CELL-012"
AE-biomaGUNE-1321,MFB-Disco-2\2025-10-02 - Toshiba EXT~c41f\Proyectos_La~46dc\Lung-surfactant\Invivo-Agosto23\HE\LS-Nint\59_3.czi,drive2_MFB-Disco-2,,drive2_MFB-Disco-2\2025-10-02 - Toshiba EXT (Backup)\Proyectos_Laboratorio_Laura\Lung-surfactant\Invivo-Agosto23\HE\LS-Nint\59_3.czi,38136608,0bb46446e07e1c4a5799a4a4608f74afe775c4eb5e49c598c1f5cf2aa5862570,,Y,,"retired derivative of ACQ-20230914-CELL-021, formerly ACQ-20230914-CELL-013"
AE-biomaGUNE-1321,MFB-Disco-2\2025-10-02 - Toshiba EXT~c41f\Proyectos_La~46dc\Lung-surfactant\Invivo-Agosto23\HE\LS-Nint\ID60-entero.czi,drive2_MFB-Disco-2,,drive2_MFB-Disco-2\2025-10-02 - Toshiba EXT (Backup)\Proyectos_Laboratorio_Laura\Lung-surfactant\Invivo-Agosto23\HE\LS-Nint\ID60-entero.czi,2840859072,d820ff83f36b77fd9f02295dbf94fc5be2b1da260fc38470930899cc1be5a371,,Y,,"retired derivative of ACQ-20230914-CELL-022, formerly ACQ-20230914-CELL-014"
AE-biomaGUNE-1321,MFB-Disco-2\2025-10-02 - Toshiba EXT~c41f\Proyectos_La~46dc\Lung-surfactant\Invivo-Agosto23\HE\LS\68_1.czi,drive2_MFB-Disco-2,,drive2_MFB-Disco-2\2025-10-02 - Toshiba EXT (Backup)\Proyectos_Laboratorio_Laura\Lung-surfactant\Invivo-Agosto23\HE\LS\68_1.czi,38119680,e0609878acf6ef5e118d8977a85b31989bebda301cf920a63e04856a54c2f9a2,,Y,,"retired derivative of ACQ-20230915-CELL-008, formerly ACQ-20230915-CELL-003"
AE-biomaGUNE-1321,MFB-Disco-2\2025-10-02 - Toshiba EXT~c41f\Proyectos_La~46dc\Lung-surfactant\Invivo-Agosto23\HE\LS\68_2.czi,drive2_MFB-Disco-2,,drive2_MFB-Disco-2\2025-10-02 - Toshiba EXT (Backup)\Proyectos_Laboratorio_Laura\Lung-surfactant\Invivo-Agosto23\HE\LS\68_2.czi,38118368,24065674d0d5ebf39960464effa8a52b2b191c3db41131133da4bcf7d9944d57,,Y,,"retired derivative of ACQ-20230915-CELL-008, formerly ACQ-20230915-CELL-004"
AE-biomaGUNE-1321,MFB-Disco-2\2025-10-02 - Toshiba EXT~c41f\Proyectos_La~46dc\Lung-surfactant\Invivo-Agosto23\HE\LS\68_3.czi,drive2_MFB-Disco-2,,drive2_MFB-Disco-2\2025-10-02 - Toshiba EXT (Backup)\Proyectos_Laboratorio_Laura\Lung-surfactant\Invivo-Agosto23\HE\LS\68_3.czi,38119424,09ca71526e43ce9e0ef24c544aaa02afa5ab5469672922ae0ee84c20bc50a32f,,Y,,"retired derivative of ACQ-20230915-CELL-008, formerly ACQ-20230915-CELL-005"
AE-biomaGUNE-1321,MFB-Disco-2\2025-10-02 - Toshiba EXT~c41f\Proyectos_La~46dc\Lung-surfactant\Invivo-Agosto23\HE\LS\Pulmon-entero-68.czi,drive2_MFB-Disco-2,,drive2_MFB-Disco-2\2025-10-02 - Toshiba EXT (Backup)\Proyectos_Laboratorio_Laura\Lung-surfactant\Invivo-Agosto23\HE\LS\Pulmon-entero-68.czi,2907839648,c5657bb300378d8ac366d842ec65314e90d45a806a936b8f8033c5152fb61bfd,,Y,,"retired derivative of ACQ-20230915-CELL-008, formerly ACQ-20230915-CELL-006"
AE-biomaGUNE-1321,MFB-Disco-2\2025-10-02 - Toshiba EXT~c41f\Proyectos_La~46dc\Lung-surfactant\Invivo-Agosto23\MS\Control\63_1.czi,drive2_MFB-Disco-2,,drive2_MFB-Disco-2\2025-10-02 - Toshiba EXT (Backup)\Proyectos_Laboratorio_Laura\Lung-surfactant\Invivo-Agosto23\MS\Control\63_1.czi,38592224,26ac5c2814fd4e6ebd6bf905980104420133c16cde7ccbf925436e6cf6230c0b,,Y,,"retired derivative of ACQ-20230918-CELL-020, formerly ACQ-20230918-CELL-001"
AE-biomaGUNE-1321,MFB-Disco-2\2025-10-02 - Toshiba EXT~c41f\Proyectos_La~46dc\Lung-surfactant\Invivo-Agosto23\MS\Control\63_2.czi,drive2_MFB-Disco-2,,drive2_MFB-Disco-2\2025-10-02 - Toshiba EXT (Backup)\Proyectos_Laboratorio_Laura\Lung-surfactant\Invivo-Agosto23\MS\Control\63_2.czi,38116288,ed95e534c09f57636b44cd2407ee3911c1df32650e1e2c26cc926804c11cb256,,Y,,"retired derivative of ACQ-20230918-CELL-020, formerly ACQ-20230918-CELL-002"
AE-biomaGUNE-1321,MFB-Disco-2\2025-10-02 - Toshiba EXT~c41f\Proyectos_La~46dc\Lung-surfactant\Invivo-Agosto23\MS\Control\63_3.czi,drive2_MFB-Disco-2,,drive2_MFB-Disco-2\2025-10-02 - Toshiba EXT (Backup)\Proyectos_Laboratorio_Laura\Lung-surfactant\Invivo-Agosto23\MS\Control\63_3.czi,38116704,811ef79ac2e887057573389b0889b86f8319c11e84ce9cf8b4aefa1e1f788017,,Y,,"retired derivative of ACQ-20230918-CELL-020, formerly ACQ-20230918-CELL-003"
AE-biomaGUNE-1321,MFB-Disco-2\2025-10-02 - Toshiba EXT~c41f\Proyectos_La~46dc\Lung-surfactant\Invivo-Agosto23\MS\Free Nint\56.czi,drive2_MFB-Disco-2,,drive2_MFB-Disco-2\2025-10-02 - Toshiba EXT (Backup)\Proyectos_Laboratorio_Laura\Lung-surfactant\Invivo-Agosto23\MS\Free Nint\56.czi,38114336,ea3f4199ec970263d1108b297118fc15a6d3d0e6f3850b851d8cbead32602ab7,,Y,,"retired derivative of ACQ-20230918-CELL-013, formerly ACQ-20230918-CELL-004"
AE-biomaGUNE-1321,MFB-Disco-2\2025-10-02 - Toshiba EXT~c41f\Proyectos_La~46dc\Lung-surfactant\Invivo-Agosto23\MS\Free Nint\56_2.czi,drive2_MFB-Disco-2,,drive2_MFB-Disco-2\2025-10-02 - Toshiba EXT (Backup)\Proyectos_Laboratorio_Laura\Lung-surfactant\Invivo-Agosto23\MS\Free Nint\56_2.czi,38112608,4a55ecad37192623e6fe6681f1238644a254aac8d30f06c58630e671da1debaf,,Y,,"retired derivative of ACQ-20230918-CELL-013, formerly ACQ-20230918-CELL-005"
AE-biomaGUNE-1321,MFB-Disco-2\2025-10-02 - Toshiba EXT~c41f\Proyectos_La~46dc\Lung-surfactant\Invivo-Agosto23\MS\Free Nint\56_3.czi,drive2_MFB-Disco-2,,drive2_MFB-Disco-2\2025-10-02 - Toshiba EXT (Backup)\Proyectos_Laboratorio_Laura\Lung-surfactant\Invivo-Agosto23\MS\Free Nint\56_3.czi,38109760,d6ff094b37e601e8a2e76434f98fce29c8ce80daa58781222ccc4421412d7e50,,Y,,"retired derivative of ACQ-20230918-CELL-013, formerly ACQ-20230918-CELL-006"
AE-biomaGUNE-1321,MFB-Disco-2\2025-10-02 - Toshiba EXT~c41f\Proyectos_La~46dc\Lung-surfactant\Invivo-Agosto23\MS\IPF\62_1.czi,drive2_MFB-Disco-2,,drive2_MFB-Disco-2\2025-10-02 - Toshiba EXT (Backup)\Proyectos_Laboratorio_Laura\Lung-surfactant\Invivo-Agosto23\MS\IPF\62_1.czi,38116736,d9a67d56f273df0e53713b0db39f09671b5a6549bb43b20abde0a524f9bacbac,,Y,,"retired derivative of ACQ-20230918-CELL-019, formerly ACQ-20230918-CELL-007"
AE-biomaGUNE-1321,MFB-Disco-2\2025-10-02 - Toshiba EXT~c41f\Proyectos_La~46dc\Lung-surfactant\Invivo-Agosto23\MS\IPF\62_2.czi,drive2_MFB-Disco-2,,drive2_MFB-Disco-2\2025-10-02 - Toshiba EXT (Backup)\Proyectos_Laboratorio_Laura\Lung-surfactant\Invivo-Agosto23\MS\IPF\62_2.czi,38116032,bb7239b0c4e2fa13193452120acc68eece0dcf509ff9d0c5c13243d3621b95fc,,Y,,"retired derivative of ACQ-20230918-CELL-019, formerly ACQ-20230918-CELL-008"
AE-biomaGUNE-1321,MFB-Disco-2\2025-10-02 - Toshiba EXT~c41f\Proyectos_La~46dc\Lung-surfactant\Invivo-Agosto23\MS\IPF\62_3.czi,drive2_MFB-Disco-2,,drive2_MFB-Disco-2\2025-10-02 - Toshiba EXT (Backup)\Proyectos_Laboratorio_Laura\Lung-surfactant\Invivo-Agosto23\MS\IPF\62_3.czi,38118752,d5a521b65505c1d3517f3b5f6c9a9a4be4ccc444c8bb786bd98f12db04cb09d3,,Y,,"retired derivative of ACQ-20230918-CELL-019, formerly ACQ-20230918-CELL-009"
AE-biomaGUNE-1321,MFB-Disco-2\2025-10-02 - Toshiba EXT~c41f\Proyectos_La~46dc\Lung-surfactant\Invivo-Agosto23\MS\Ls-Nint\59_1.czi,drive2_MFB-Disco-2,,drive2_MFB-Disco-2\2025-10-02 - Toshiba EXT (Backup)\Proyectos_Laboratorio_Laura\Lung-surfactant\Invivo-Agosto23\MS\Ls-Nint\59_1.czi,38119488,3621abb07585c33c77324765abae69a4e98a99fff36041597e54a90763c0156e,,Y,,"retired derivative of ACQ-20230918-CELL-016, formerly ACQ-20230918-CELL-010"
AE-biomaGUNE-1321,MFB-Disco-2\2025-10-02 - Toshiba EXT~c41f\Proyectos_La~46dc\Lung-surfactant\Invivo-Agosto23\MS\Ls-Nint\59_2.czi,drive2_MFB-Disco-2,,drive2_MFB-Disco-2\2025-10-02 - Toshiba EXT (Backup)\Proyectos_Laboratorio_Laura\Lung-surfactant\Invivo-Agosto23\MS\Ls-Nint\59_2.czi,38119200,f1777266908c2ea202541b418e6afa65eaa31d9656e4611360e70eb73a144e82,,Y,,"retired derivative of ACQ-20230918-CELL-016, formerly ACQ-20230918-CELL-011"
AE-biomaGUNE-1321,MFB-Disco-2\2025-10-02 - Toshiba EXT~c41f\Proyectos_La~46dc\Lung-surfactant\Invivo-Agosto23\MS\Ls-Nint\59_3.czi,drive2_MFB-Disco-2,,drive2_MFB-Disco-2\2025-10-02 - Toshiba EXT (Backup)\Proyectos_Laboratorio_Laura\Lung-surfactant\Invivo-Agosto23\MS\Ls-Nint\59_3.czi,38120384,c4cdd6c1d500727ef49a2d532977ec7b37cc4ec07e50e4f659c0e616ed704f72,,Y,,"retired derivative of ACQ-20230918-CELL-016, formerly ACQ-20230918-CELL-012"
AE-biomaGUNE-1321,MFB-Disco-2\2025-10-02 - Toshiba EXT~c41f\Proyectos_La~46dc\Lung-surfactant\Invivo-Agosto23\MS\LS\68_1.czi,drive2_MFB-Disco-2,,drive2_MFB-Disco-2\2025-10-02 - Toshiba EXT (Backup)\Proyectos_Laboratorio_Laura\Lung-surfactant\Invivo-Agosto23\MS\LS\68_1.czi,38114560,d34efc055cf0109c23916969c4e04dc552f69fbe12a08b5eeaa9e540d908d5bf,,Y,,"retired derivative of ACQ-20230919-CELL-010, formerly ACQ-20230919-CELL-001"
AE-biomaGUNE-1321,MFB-Disco-2\2025-10-02 - Toshiba EXT~c41f\Proyectos_La~46dc\Lung-surfactant\Invivo-Agosto23\MS\LS\68_2.czi,drive2_MFB-Disco-2,,drive2_MFB-Disco-2\2025-10-02 - Toshiba EXT (Backup)\Proyectos_Laboratorio_Laura\Lung-surfactant\Invivo-Agosto23\MS\LS\68_2.czi,38114912,4981875ccc51c081aace66fe0db38e3a657037d8b9a8000b325ade613be5b19c,,Y,,"retired derivative of ACQ-20230919-CELL-010, formerly ACQ-20230919-CELL-002"
AE-biomaGUNE-1321,MFB-Disco-2\2025-10-02 - Toshiba EXT~c41f\Proyectos_La~46dc\Lung-surfactant\Invivo-Agosto23\MS\LS\68_3.czi,drive2_MFB-Disco-2,,drive2_MFB-Disco-2\2025-10-02 - Toshiba EXT (Backup)\Proyectos_Laboratorio_Laura\Lung-surfactant\Invivo-Agosto23\MS\LS\68_3.czi,38115104,9f71cfad55805fe0c472bdb3c39131ace193bde6d2d7ca7fda2c5c0b22201760,,Y,,"retired derivative of ACQ-20230919-CELL-010, formerly ACQ-20230919-CELL-003"
AE-biomaGUNE-1321,MFB-Disco-2\2025-10-02 - Toshiba EXT~c41f\Proyectos_La~46dc\Lung-surfactant\InVivos-Biodistribuciones_y_TT\Histologias-~21ee\alphaSMA\Lobulo1-ID79_aplhaSMA_10x_tiles.czi,drive2_MFB-Disco-2,,drive2_MFB-Disco-2\2025-10-02 - Toshiba EXT (Backup)\Proyectos_Laboratorio_Laura\Lung-surfactant\InVivos-Biodistribuciones_y_TT\Histologias-TT-Octubre23\alphaSMA\Lobulo1-ID79_aplhaSMA_10x_tiles.czi,1440592704,088c6c50542d593757c466aff61a9c593be9783ca1cc77a96075e4a299580255,,Y,,"retired derivative of ACQ-20240117-CELL-008, formerly ACQ-20240117-CELL-001"
AE-biomaGUNE-1321,MFB-Disco-2\2025-10-02 - Toshiba EXT~c41f\Proyectos_La~46dc\Lung-surfactant\InVivos-Biodistribuciones_y_TT\Histologias-~21ee\alphaSMA\Lobulo2-ID79_aplhaSMA_10x_tiles.czi,drive2_MFB-Disco-2,,drive2_MFB-Disco-2\2025-10-02 - Toshiba EXT (Backup)\Proyectos_Laboratorio_Laura\Lung-surfactant\InVivos-Biodistribuciones_y_TT\Histologias-TT-Octubre23\alphaSMA\Lobulo2-ID79_aplhaSMA_10x_tiles.czi,1800364288,e1e7039e9569f277ad3b852e484b99ed478803b7fca106b4990c18533b837ed1,,Y,,"retired derivative of ACQ-20240117-CELL-008, formerly ACQ-20240117-CELL-002"
AE-biomaGUNE-1321,MFB-Disco-2\2025-10-02 - Toshiba EXT~c41f\Proyectos_La~46dc\Lung-surfactant\InVivos-Biodistribuciones_y_TT\Histologias-~21ee\alphaSMA\ROI-ID76_aplhaSMA_10x_tiles.czi,drive2_MFB-Disco-2,,drive2_MFB-Disco-2\2025-10-02 - Toshiba EXT (Backup)\Proyectos_Laboratorio_Laura\Lung-surfactant\InVivos-Biodistribuciones_y_TT\Histologias-TT-Octubre23\alphaSMA\ROI-ID76_aplhaSMA_10x_tiles.czi,2629466848,0b3ed777a18e401a899dee9e72e5dec6638cfa3fe63f6caa2e28b3fd8a387c15,,Y,,"retired derivative of ACQ-20240117-CELL-007, formerly ACQ-20240117-CELL-003"
AE-biomaGUNE-1321,MFB-Disco-2\2025-10-02 - Toshiba EXT~c41f\Proyectos_La~46dc\Lung-surfactant\InVivos-Biodistribuciones_y_TT\Histologias-~21ee\alphaSMA\ROI1-ID79_aplhaSMA_10x_tiles.czi,drive2_MFB-Disco-2,,drive2_MFB-Disco-2\2025-10-02 - Toshiba EXT (Backup)\Proyectos_Laboratorio_Laura\Lung-surfactant\InVivos-Biodistribuciones_y_TT\Histologias-TT-Octubre23\alphaSMA\ROI1-ID79_aplhaSMA_10x_tiles.czi,1920702752,94138a18ec81e5c44fdd30363eec3f18484124b254502bcd90b524e9eeccfe12,,Y,,"retired derivative of ACQ-20240117-CELL-008, formerly ACQ-20240117-CELL-004"
AE-biomaGUNE-1321,MFB-Disco-2\2025-10-02 - Toshiba EXT~c41f\Proyectos_La~46dc\Lung-surfactant\InVivos-Biodistribuciones_y_TT\Histologias-~21ee\alphaSMA\ROI2-ID79_aplhaSMA_10x_tiles.czi,drive2_MFB-Disco-2,,drive2_MFB-Disco-2\2025-10-02 - Toshiba EXT (Backup)\Proyectos_Laboratorio_Laura\Lung-surfactant\InVivos-Biodistribuciones_y_TT\Histologias-TT-Octubre23\alphaSMA\ROI2-ID79_aplhaSMA_10x_tiles.czi,1200558720,3ecc1cca6d0a14295ced857d1bce644574a0c484596f9c10c5bf80da2a80d2d6,,Y,,"retired derivative of ACQ-20240117-CELL-008, formerly ACQ-20240117-CELL-005"
