relpath,size,sha256,ext,instrument,serials,stand,czi_class,acq_dt,reason,in_production
Microscopio\Histologia_ratones_viejos\HE\2025_02_14__5234.czi,1461535720,6cd21c6a023761725e2080b6004e1a1d2108c77297594dfed06a7e9f9ff4d0f5,.czi,unknown,4661000340,Axioscan 7,czi-raw,2025-02-14T12:13:49.7811998Z,"Axioscan 7 #4661000340: not gjesus3's ZWSI; waits on M. Jesus, then the Charite XMIC precedent",N
Microscopio\Histologia_ratones_viejos\HE\ID10_0424_H+L 1.czi,1387142176,78030d41477840d25f757d4b9e5a41005c092b35912146c4ebd3938aaba3442a,.czi,unknown,4661000340,Axioscan 7,czi-raw,2025-02-14T15:03:21.973687Z,"Axioscan 7 #4661000340: not gjesus3's ZWSI; waits on M. Jesus, then the Charite XMIC precedent",N
Microscopio\Histologia_ratones_viejos\HE\ID12_0424_H+L 1.czi,2502395968,961f22fe02986d55b0eb3c47efda4bba8b9252b596c8bf05e09a375b53635a2d,.czi,unknown,4661000340,Axioscan 7,czi-raw,2025-02-14T15:26:35.0961761Z,"Axioscan 7 #4661000340: not gjesus3's ZWSI; waits on M. Jesus, then the Charite XMIC precedent",N
Microscopio\Histologia_ratones_viejos\HE\ID13_0424_H+L 1.czi,670393536,efde8d8937e4aa7d7436d772d17ccf27dd97946fe6783b3aa284cc332a817a74,.czi,unknown,4661000340,Axioscan 7,czi-raw,2025-02-14T15:42:33.0285174Z,"Axioscan 7 #4661000340: not gjesus3's ZWSI; waits on M. Jesus, then the Charite XMIC precedent",N
Microscopio\Histologia_ratones_viejos\HE\ID14_0424_L 1.czi,2342160032,3f8412252fbfae11bfaa8b31bca13fe1d156b9ec77db7270e0d9cd3e5a879ad4,.czi,unknown,4661000340,Axioscan 7,czi-raw,2025-02-14T16:00:03.9540107Z,"Axioscan 7 #4661000340: not gjesus3's ZWSI; waits on M. Jesus, then the Charite XMIC precedent",N
Microscopio\Histologia_ratones_viejos\HE\ID160_1019 II 1.czi,1297212032,9df0d313abf3e50f38908a8f300e1bb31c4f33e485fa142cc9e7edae14edb2fe,.czi,unknown,4661000340,Axioscan 7,czi-raw,2025-02-14T16:17:38.808268Z,"Axioscan 7 #4661000340: not gjesus3's ZWSI; waits on M. Jesus, then the Charite XMIC precedent",N
Microscopio\Histologia_ratones_viejos\HE\ID161_1019_II 1.czi,1695761216,6c05c5e70ad5ae1c431c545b7fb2764e0cea27cbb2cea94d56004bb746d471ed,.czi,unknown,4661000340,Axioscan 7,czi-raw,2025-02-14T16:30:56.4623979Z,"Axioscan 7 #4661000340: not gjesus3's ZWSI; waits on M. Jesus, then the Charite XMIC precedent",N
Microscopio\Histologia_ratones_viejos\HE\ID162_1019II 1.czi,1334713440,ef605fd87c520db549a80fdaa4431a1686f1372efed245ac3f9fa3979dd67c26,.czi,unknown,4661000340,Axioscan 7,czi-raw,2025-02-14T16:47:04.4514961Z,"Axioscan 7 #4661000340: not gjesus3's ZWSI; waits on M. Jesus, then the Charite XMIC precedent",N
Microscopio\Histologia_ratones_viejos\HE\ID167_1019_II 1.czi,1264678176,20df7c11827bf03fc71dcfa7b70a29789de5a78e1ee708e140f363b5a7e8e74d,.czi,unknown,4661000340,Axioscan 7,czi-raw,2025-02-14T17:03:31.363056Z,"Axioscan 7 #4661000340: not gjesus3's ZWSI; waits on M. Jesus, then the Charite XMIC precedent",N
Microscopio\Histologia_ratones_viejos\HE\ID168_1019_II 1.czi,1326790432,d50f421aafd85f65d815f4f07ee7312c10bc6a4440d7bcbb5ec1586024edc983,.czi,unknown,4661000340,Axioscan 7,czi-raw,2025-02-14T17:19:52.4174472Z,"Axioscan 7 #4661000340: not gjesus3's ZWSI; waits on M. Jesus, then the Charite XMIC precedent",N
Microscopio\Histologia_ratones_viejos\HE\ID169_1019_II 1.czi,1311571264,71aa905e55bf466b39be8c9de375bf15e3e7c0951c5dd91e26920e00f78726ab,.czi,unknown,4661000340,Axioscan 7,czi-raw,2025-02-14T17:36:08.0483824Z,"Axioscan 7 #4661000340: not gjesus3's ZWSI; waits on M. Jesus, then the Charite XMIC precedent",N
Microscopio\Histologia_ratones_viejos\HE\ID1_0424_H+L.czi,2309871360,a0c1598c9c6a8c91298b71e5619284121190a8bfaa3d41a537ae80b9c7478a2a,.czi,unknown,4661000340,Axioscan 7,czi-raw,2025-02-14T12:13:49.7811998Z,"Axioscan 7 #4661000340: not gjesus3's ZWSI; waits on M. Jesus, then the Charite XMIC precedent",N
Microscopio\Histologia_ratones_viejos\HE\ID2_0424_H+L 1.czi,1778625088,60db60e5178acf8de72ed186f8e2e794822b37b828a2d80e8957ea05b5b86d9f,.czi,unknown,4661000340,Axioscan 7,czi-raw,2025-02-14T12:57:07.3992959Z,"Axioscan 7 #4661000340: not gjesus3's ZWSI; waits on M. Jesus, then the Charite XMIC precedent",N
Microscopio\Histologia_ratones_viejos\HE\ID3_0424_H+L 1.czi,2931522592,379468ef1661f38a02141357f1c22c27a819ede205d3020067a76ed0a7d182ec,.czi,unknown,4661000340,Axioscan 7,czi-raw,2025-02-14T13:54:50.3354717Z,"Axioscan 7 #4661000340: not gjesus3's ZWSI; waits on M. Jesus, then the Charite XMIC precedent",N
Microscopio\Histologia_ratones_viejos\HE\ID4_0424_H+L 1.czi,1949208128,8cfe2f1aaba79c8e293f97d3190fdda16fd4fa0cb7dc1196ff3147b681aa1c48,.czi,unknown,4661000340,Axioscan 7,czi-raw,2025-02-14T14:28:46.4888806Z,"Axioscan 7 #4661000340: not gjesus3's ZWSI; waits on M. Jesus, then the Charite XMIC precedent",N
Microscopio\Histologia_ratones_viejos\SR\ID1 H + L 3.czi,2404432256,c1d198f369ab713ec76e01f6f6fc3a39ddf0c715a419a9f9cf89c3c6adbddf60,.czi,unknown,4661000340,Axioscan 7,czi-raw,2025-02-18T17:31:48.3629115Z,"Axioscan 7 #4661000340: not gjesus3's ZWSI; waits on M. Jesus, then the Charite XMIC precedent",N
Microscopio\Histologia_ratones_viejos\SR\ID10 H + L 3.czi,2588320160,fdce2fefaab19883785ac541165ec05c40dac7f89a928674a7565b9a9d154d84,.czi,unknown,4661000340,Axioscan 7,czi-raw,2025-02-18T20:20:22.2268789Z,"Axioscan 7 #4661000340: not gjesus3's ZWSI; waits on M. Jesus, then the Charite XMIC precedent",N
Microscopio\Histologia_ratones_viejos\SR\ID12 H + L 3.czi,2570722944,9fe23e43d24e2f2638b51b2cc6e81912b0a4153a5d76c975cb2a0f522dfe9e14,.czi,unknown,4661000340,Axioscan 7,czi-raw,2025-02-18T20:46:11.4772434Z,"Axioscan 7 #4661000340: not gjesus3's ZWSI; waits on M. Jesus, then the Charite XMIC precedent",N
Microscopio\Histologia_ratones_viejos\SR\ID14 H + L 3.czi,2363855680,2586666e7f9ccd16d2f7942e4db5db7c4d9a681241a58fb22c00de48ac941916,.czi,unknown,4661000340,Axioscan 7,czi-raw,2025-02-18T21:17:54.7647204Z,"Axioscan 7 #4661000340: not gjesus3's ZWSI; waits on M. Jesus, then the Charite XMIC precedent",N
Microscopio\Histologia_ratones_viejos\SR\ID160 II 3.czi,1172540000,339787e5a9591651f361a384a6325fc5209e0f934b15c3e32ccae5eade0303ed,.czi,unknown,4661000340,Axioscan 7,czi-raw,2025-02-18T15:41:25.0990374Z,"Axioscan 7 #4661000340: not gjesus3's ZWSI; waits on M. Jesus, then the Charite XMIC precedent",N
Microscopio\Histologia_ratones_viejos\SR\ID161 II 3.czi,1403336416,cb246f9453986eec6b3950dee8b68e340171ba3141843287b1a5a2cec9d5cc73,.czi,unknown,4661000340,Axioscan 7,czi-raw,2025-02-18T16:02:55.7333401Z,"Axioscan 7 #4661000340: not gjesus3's ZWSI; waits on M. Jesus, then the Charite XMIC precedent",N
Microscopio\Histologia_ratones_viejos\SR\ID162 II 3.czi,1155989536,e8160f3245550af2d6ba5511478b66fcc1af7295d2daa62629a534599ba1f283,.czi,unknown,4661000340,Axioscan 7,czi-raw,2025-02-18T16:22:26.6248731Z,"Axioscan 7 #4661000340: not gjesus3's ZWSI; waits on M. Jesus, then the Charite XMIC precedent",N
Microscopio\Histologia_ratones_viejos\SR\ID167 II 3.czi,1320911648,1ee21403b8c38e7c5565341ba53fefbfab589b2be7f210120fc4e64476e9244c,.czi,unknown,4661000340,Axioscan 7,czi-raw,2025-02-18T16:44:34.0336052Z,"Axioscan 7 #4661000340: not gjesus3's ZWSI; waits on M. Jesus, then the Charite XMIC precedent",N
Microscopio\Histologia_ratones_viejos\SR\ID168 II 3.czi,1275370144,b10cd5d59c1aef1d14efff55350ed134eb2695bad67f3c4ca959455e4b1f4d99,.czi,unknown,4661000340,Axioscan 7,czi-raw,2025-02-18T16:58:44.4336953Z,"Axioscan 7 #4661000340: not gjesus3's ZWSI; waits on M. Jesus, then the Charite XMIC precedent",N
Microscopio\Histologia_ratones_viejos\SR\ID169 II 3.czi,1348776896,e1cf4da5ae0d549a4ed375e182290a65b7325fcb3dd6eb752e67b6c713a07269,.czi,unknown,4661000340,Axioscan 7,czi-raw,2025-02-18T17:14:38.3354244Z,"Axioscan 7 #4661000340: not gjesus3's ZWSI; waits on M. Jesus, then the Charite XMIC precedent",N
Microscopio\Histologia_ratones_viejos\SR\ID2 H + L 3.czi,1967731680,cc2f3a9b9ae321bbd1c68928236701b57cbaf5982e2e44e59972b4d980a43d84,.czi,unknown,4661000340,Axioscan 7,czi-raw,2025-02-18T18:01:35.6268374Z,"Axioscan 7 #4661000340: not gjesus3's ZWSI; waits on M. Jesus, then the Charite XMIC precedent",N
Microscopio\Histologia_ratones_viejos\SR\ID3 H + L 3.czi,3755487264,140f5c9412ab112cd5f9217d089676a2d1fac0bf3db5d4752c7c0e35e3c9263d,.czi,unknown,4661000340,Axioscan 7,czi-raw,2025-02-18T18:57:16.0939862Z,"Axioscan 7 #4661000340: not gjesus3's ZWSI; waits on M. Jesus, then the Charite XMIC precedent",N
Microscopio\Histologia_ratones_viejos\SR\ID4 H + L 3.czi,2181518528,bbce8d74a615df9105c3111de57da20ec3ae7bee8c860e8dc9255821eb61c459,.czi,unknown,4661000340,Axioscan 7,czi-raw,2025-02-18T19:48:52.7611525Z,"Axioscan 7 #4661000340: not gjesus3's ZWSI; waits on M. Jesus, then the Charite XMIC precedent",N
Microscopio\Histologia_ratones_viejos\Tricrómico\ID10_0424_H+L 2.czi,2684960992,884899ebf84af0410ccb86888d6781b0e2b9ed73bcb19eb4ae44ace5fcf31f8e,.czi,unknown,4661000340,Axioscan 7,czi-raw,2025-02-19T01:25:36.7591752Z,"Axioscan 7 #4661000340: not gjesus3's ZWSI; waits on M. Jesus, then the Charite XMIC precedent",N
Microscopio\Histologia_ratones_viejos\Tricrómico\ID12_0424_H+L 2.czi,2824304864,d02725414c9b21dcec142cd4853110b67da024ecf387b547bfc800b55d733f7b,.czi,unknown,4661000340,Axioscan 7,czi-raw,2025-02-19T01:54:08.5668771Z,"Axioscan 7 #4661000340: not gjesus3's ZWSI; waits on M. Jesus, then the Charite XMIC precedent",N
Microscopio\Histologia_ratones_viejos\Tricrómico\ID13_0424_H+L 2.czi,1413091808,b934b5fd2e0b1c7ee3db6f9de357f06a7546d9b6952b6465ba145bda1c0d9fa9,.czi,unknown,4661000340,Axioscan 7,czi-raw,2025-02-19T02:27:38.9728347Z,"Axioscan 7 #4661000340: not gjesus3's ZWSI; waits on M. Jesus, then the Charite XMIC precedent",N
Microscopio\Histologia_ratones_viejos\Tricrómico\ID14_0424_H+L 2.czi,1187872032,8c341666c3ece8458c9986029226db23a68a091fb98a392891da73a439dae780,.czi,unknown,4661000340,Axioscan 7,czi-raw,2025-02-19T02:41:58.5087776Z,"Axioscan 7 #4661000340: not gjesus3's ZWSI; waits on M. Jesus, then the Charite XMIC precedent",N
Microscopio\Histologia_ratones_viejos\Tricrómico\ID160 II 2.czi,1446660736,84645c7da9c5150dc56b6ab1b3a0c42afc658c695200a4781026f875ddf92f15,.czi,unknown,4661000340,Axioscan 7,czi-raw,2025-02-18T21:36:28.320852Z,"Axioscan 7 #4661000340: not gjesus3's ZWSI; waits on M. Jesus, then the Charite XMIC precedent",N
Microscopio\Histologia_ratones_viejos\Tricrómico\ID161 II 2.czi,1434770080,bbf00ac0852e974f87882ad6bf80a6c2fb08f7403e98b66b458311dbcb9e68aa,.czi,unknown,4661000340,Axioscan 7,czi-raw,2025-02-18T21:49:37.8670695Z,"Axioscan 7 #4661000340: not gjesus3's ZWSI; waits on M. Jesus, then the Charite XMIC precedent",N
Microscopio\Histologia_ratones_viejos\Tricrómico\ID162 II 2.czi,1320480032,aa5ca49069e32af52198876367cddd277cb4e84c159f35ad93a4e65652233c94,.czi,unknown,4661000340,Axioscan 7,czi-raw,2025-02-18T22:06:15.6610536Z,"Axioscan 7 #4661000340: not gjesus3's ZWSI; waits on M. Jesus, then the Charite XMIC precedent",N
Microscopio\Histologia_ratones_viejos\Tricrómico\ID167 II 2.czi,1185824128,6ec2a3d5f9134aab9be435197998852920ee753517347fc35082c690ae9b04ba,.czi,unknown,4661000340,Axioscan 7,czi-raw,2025-02-18T22:21:51.4087964Z,"Axioscan 7 #4661000340: not gjesus3's ZWSI; waits on M. Jesus, then the Charite XMIC precedent",N
Microscopio\Histologia_ratones_viejos\Tricrómico\ID168 II 2.czi,1226983776,6a0d7b5c10877ac4f7f72aeb2eb9833baa5476e7a0510382757b443bed486a8e,.czi,unknown,4661000340,Axioscan 7,czi-raw,2025-02-18T22:38:06.7022034Z,"Axioscan 7 #4661000340: not gjesus3's ZWSI; waits on M. Jesus, then the Charite XMIC precedent",N
Microscopio\Histologia_ratones_viejos\Tricrómico\ID169 II 2.czi,1321117952,6f6cdaa821b9307033aea3703ad299e9c806552ba0c919be868c0bee30ab7680,.czi,unknown,4661000340,Axioscan 7,czi-raw,2025-02-18T22:57:46.4017625Z,"Axioscan 7 #4661000340: not gjesus3's ZWSI; waits on M. Jesus, then the Charite XMIC precedent",N
Microscopio\Histologia_ratones_viejos\Tricrómico\ID1_0424_H+L 2.czi,2456425184,1ad5ec3e2e0253e44db4bf509dd5ab76d9993e9e47baec915dd41bbab288ce80,.czi,unknown,4661000340,Axioscan 7,czi-raw,2025-02-18T23:30:54.4511361Z,"Axioscan 7 #4661000340: not gjesus3's ZWSI; waits on M. Jesus, then the Charite XMIC precedent",N
Microscopio\Histologia_ratones_viejos\Tricrómico\ID2_0424_H+L 2.czi,2007728064,752f6ba4d5e572a5e54cc4aedbbee76a90a0b8c80a502dc69ee0b3b358f5b945,.czi,unknown,4661000340,Axioscan 7,czi-raw,2025-02-18T23:56:02.5531336Z,"Axioscan 7 #4661000340: not gjesus3's ZWSI; waits on M. Jesus, then the Charite XMIC precedent",N
Microscopio\Histologia_ratones_viejos\Tricrómico\ID3_0424_H+L 2.czi,3120695008,c4afdc0235f75f697d5ee20c99947dd337b0da784f16d8c9409d4b4f85320f59,.czi,unknown,4661000340,Axioscan 7,czi-raw,2025-02-19T00:31:07.0358845Z,"Axioscan 7 #4661000340: not gjesus3's ZWSI; waits on M. Jesus, then the Charite XMIC precedent",N
Microscopio\Histologia_ratones_viejos\Tricrómico\ID4_0424_H+L 2.czi,2114658496,66c8a87ac70dc6ea74612e89c46852f745ee189b87d18413d36f6b6bdea601ad,.czi,unknown,4661000340,Axioscan 7,czi-raw,2025-02-19T00:58:20.3884766Z,"Axioscan 7 #4661000340: not gjesus3's ZWSI; waits on M. Jesus, then the Charite XMIC precedent",N
Microscopio\Microscopio biodonostia\0522 Biodonostia\2024_10_24__4445.czi,627088032,7be788a38fccd9c8d850f22a8eda2dfebbbf2a767446ed14c1ef61cf95959192,.czi,unknown,4661000340,Axioscan 7,czi-raw,2024-10-24T11:02:45.1953444Z,"Axioscan 7 #4661000340: not gjesus3's ZWSI; waits on M. Jesus, then the Charite XMIC precedent",N
Microscopio\Microscopio biodonostia\0522 Biodonostia\2024_10_24__4463.czi,388993504,6f39995249897ee9e866d6acc0522fc0eb0d0a468a68b5fe1db717b317837f25,.czi,unknown,4661000340,Axioscan 7,czi-raw,2024-10-24T12:35:43.0262177Z,"Axioscan 7 #4661000340: not gjesus3's ZWSI; waits on M. Jesus, then the Charite XMIC precedent",N
Microscopio\Microscopio biodonostia\0522 Biodonostia\2024_10_24__4464.czi,441814112,aa6f95090a7b3fa886aa726a3910a62354db48c665ff13a04a04b5120c20efa9,.czi,unknown,4661000340,Axioscan 7,czi-raw,2024-10-24T12:44:08.3457146Z,"Axioscan 7 #4661000340: not gjesus3's ZWSI; waits on M. Jesus, then the Charite XMIC precedent",N
Microscopio\Microscopio biodonostia\0522 Biodonostia\2024_10_24__4465.czi,656365312,032671a3442d0d671c8ca5a9186c0b246c17a06680955ff7df59dcdb89cb221c,.czi,unknown,4661000340,Axioscan 7,czi-raw,2024-10-24T12:26:05.6993391Z,"Axioscan 7 #4661000340: not gjesus3's ZWSI; waits on M. Jesus, then the Charite XMIC precedent",N
Microscopio\Microscopio biodonostia\0522 Biodonostia\2024_10_24__4466-1.czi,757334944,60ec91791947e0a006fad97c4d897d20ddc86826c04986e54c079d7fea392221,.czi,unknown,4661000340,Axioscan 7,czi-raw,2024-10-25T07:23:36.1403504Z,"Axioscan 7 #4661000340: not gjesus3's ZWSI; waits on M. Jesus, then the Charite XMIC precedent",N
Microscopio\Microscopio biodonostia\0522 Biodonostia\2024_10_24__4466.czi,755084128,b712ae644833d00221e319b6348ded575350ee292d00b77024ad02c2b135abde,.czi,unknown,4661000340,Axioscan 7,czi-raw,2024-10-24T12:56:42.120298Z,"Axioscan 7 #4661000340: not gjesus3's ZWSI; waits on M. Jesus, then the Charite XMIC precedent",N
Microscopio\Microscopio biodonostia\0522 Biodonostia\2024_10_24__4467-1.czi,689482208,8243d73463379cd2bdcf1462bae8b4744befde5b9f1a1501fe905c9189c4b876,.czi,unknown,4661000340,Axioscan 7,czi-raw,2024-10-25T07:39:04.1685922Z,"Axioscan 7 #4661000340: not gjesus3's ZWSI; waits on M. Jesus, then the Charite XMIC precedent",N
Microscopio\Microscopio biodonostia\0522 Biodonostia\2024_10_24__4467.czi,680783648,b81a61182351d3e85857af1850a60a83c03af1733fc4779142e55554efd32cf5,.czi,unknown,4661000340,Axioscan 7,czi-raw,2024-10-24T13:11:39.994209Z,"Axioscan 7 #4661000340: not gjesus3's ZWSI; waits on M. Jesus, then the Charite XMIC precedent",N
Microscopio\Microscopio biodonostia\0522 Biodonostia\2024_10_24__4468.czi,497405760,640c24290c3dcf32de230dcb1f7d657a125e51bb22f8fe3e22d8c88f85421b38,.czi,unknown,4661000340,Axioscan 7,czi-raw,2024-10-24T13:20:53.4902776Z,"Axioscan 7 #4661000340: not gjesus3's ZWSI; waits on M. Jesus, then the Charite XMIC precedent",N
Microscopio\Microscopio biodonostia\0522 Biodonostia\2024_10_24__4469-1.czi,305335264,ecb677d9ad532cc90f7147cf5315473e4be4977f0d8d42139620f6215475d555,.czi,unknown,4661000340,Axioscan 7,czi-raw,2024-10-25T07:45:25.0963243Z,"Axioscan 7 #4661000340: not gjesus3's ZWSI; waits on M. Jesus, then the Charite XMIC precedent",N
Microscopio\Microscopio biodonostia\0522 Biodonostia\2024_10_24__4469.czi,297134560,15a969a8815b8fbae62b65f0d7a78a30aab31d39346db1aae63e9b7ab6798122,.czi,unknown,4661000340,Axioscan 7,czi-raw,2024-10-24T13:26:03.2683123Z,"Axioscan 7 #4661000340: not gjesus3's ZWSI; waits on M. Jesus, then the Charite XMIC precedent",N
Microscopio\Microscopio biodonostia\0522 Biodonostia\2024_10_24__4470.czi,660594720,788a74426fc756fe4f9ccf74002f31cc2632797bbaadb8e3ab7fb6901a2a4ef9,.czi,unknown,4661000340,Axioscan 7,czi-raw,2024-10-24T13:34:10.8797604Z,"Axioscan 7 #4661000340: not gjesus3's ZWSI; waits on M. Jesus, then the Charite XMIC precedent",N
Microscopio\Microscopio biodonostia\0522 Biodonostia\2024_10_24__4471.czi,805090528,16c44dd2c350820afbbd41c7cff8b3a5524f423b40518adbc7169db7aa1062d4,.czi,unknown,4661000340,Axioscan 7,czi-raw,2024-10-24T13:53:01.0563563Z,"Axioscan 7 #4661000340: not gjesus3's ZWSI; waits on M. Jesus, then the Charite XMIC precedent",N
Microscopio\Microscopio biodonostia\0522 Biodonostia\2024_10_24__4472.czi,603739104,060a9c67f473f65710f6633ae746376e1aa6368e5defd4dbc33115815686c769,.czi,unknown,4661000340,Axioscan 7,czi-raw,2024-10-24T14:08:37.8733637Z,"Axioscan 7 #4661000340: not gjesus3's ZWSI; waits on M. Jesus, then the Charite XMIC precedent",N
Microscopio\Microscopio biodonostia\0522 Biodonostia\2024_10_24__4473.czi,964231584,65c44553c1ed2e5348927db6c7ba396cf0142b9485abeb370581f78799b98420,.czi,unknown,4661000340,Axioscan 7,czi-raw,2024-10-24T14:21:15.4422873Z,"Axioscan 7 #4661000340: not gjesus3's ZWSI; waits on M. Jesus, then the Charite XMIC precedent",N
Microscopio\Microscopio biodonostia\0522 Biodonostia\2024_10_24__4474.czi,684519296,caf21fee6b4bb74a23c56bfe176128e94a0f78f22b85cdeedaed0d1cae9ed19a,.czi,unknown,4661000340,Axioscan 7,czi-raw,2024-10-24T14:34:31.7070775Z,"Axioscan 7 #4661000340: not gjesus3's ZWSI; waits on M. Jesus, then the Charite XMIC precedent",N
Microscopio\Microscopio biodonostia\0522 Biodonostia\2024_10_24__4475.czi,691938336,3d28a31eb854ea33e98b69f385b177f10f3be991befd49224d10305764d9237f,.czi,unknown,4661000340,Axioscan 7,czi-raw,2024-10-24T14:49:02.1053116Z,"Axioscan 7 #4661000340: not gjesus3's ZWSI; waits on M. Jesus, then the Charite XMIC precedent",N
Microscopio\Microscopio biodonostia\0522 Biodonostia\2024_10_24__4476.czi,696860576,5f3613d90726fed6a30fc879f9e3fa71d0b2e65b61eee2a4bc8cff711967ee31,.czi,unknown,4661000340,Axioscan 7,czi-raw,2024-10-24T15:01:23.7308686Z,"Axioscan 7 #4661000340: not gjesus3's ZWSI; waits on M. Jesus, then the Charite XMIC precedent",N
Microscopio\Microscopio biodonostia\0522 Biodonostia\2024_10_24__4477-1.czi,609845760,9f4f8f332e4b2d2b009e7564d60b75d47e8b3d847013749d8545fcf2586b5a26,.czi,unknown,4661000340,Axioscan 7,czi-raw,2024-10-25T08:03:56.7104844Z,"Axioscan 7 #4661000340: not gjesus3's ZWSI; waits on M. Jesus, then the Charite XMIC precedent",N
Microscopio\Microscopio biodonostia\0522 Biodonostia\2024_10_24__4477.czi,596955424,d73ca375fbef893393dffe4b89053502e3ed0bc085d01f97616b2489c9b7fed2,.czi,unknown,4661000340,Axioscan 7,czi-raw,2024-10-24T15:17:32.2656097Z,"Axioscan 7 #4661000340: not gjesus3's ZWSI; waits on M. Jesus, then the Charite XMIC precedent",N
Microscopio\Microscopio biodonostia\0522 Biodonostia\2024_10_24__4478.czi,640390272,5b6c30c9e13c609fc67f91894e843f388b3d54e95cbf59b9cbf66ed454d374e4,.czi,unknown,4661000340,Axioscan 7,czi-raw,2024-10-24T15:26:37.77784Z,"Axioscan 7 #4661000340: not gjesus3's ZWSI; waits on M. Jesus, then the Charite XMIC precedent",N
Microscopio\Microscopio biodonostia\0522 Biodonostia\2024_10_24__4479.czi,566358912,d798fb15423a3ac9c7f2465f80fb34979c9f1f53f4f7bda9e3077410371a4aa4,.czi,unknown,4661000340,Axioscan 7,czi-raw,2024-10-24T15:35:55.5324863Z,"Axioscan 7 #4661000340: not gjesus3's ZWSI; waits on M. Jesus, then the Charite XMIC precedent",N
Microscopio\Microscopio biodonostia\0522 Biodonostia\2024_10_24__4480.czi,507529664,6803f88d00ca66af008b744b43d9a14c188c06e4a7c319449e11ef1979d20089,.czi,unknown,4661000340,Axioscan 7,czi-raw,2024-10-24T15:44:51.2813332Z,"Axioscan 7 #4661000340: not gjesus3's ZWSI; waits on M. Jesus, then the Charite XMIC precedent",N
Microscopio\Microscopio biodonostia\0522 Biodonostia\2024_10_24__4481.czi,671286944,83810dc8773e7639abca3d5550b632bc6b3099927a8bbf7a245a5da14607b065,.czi,unknown,4661000340,Axioscan 7,czi-raw,2024-10-24T15:57:04.9747697Z,"Axioscan 7 #4661000340: not gjesus3's ZWSI; waits on M. Jesus, then the Charite XMIC precedent",N
Microscopio\Microscopio biodonostia\0522 Biodonostia\2024_10_24__4482.czi,457021248,72e5fd99a8e4b5ab7f76eecfade88d4e48a5fda41270af7420f39c9c85a1583c,.czi,unknown,4661000340,Axioscan 7,czi-raw,2024-10-24T16:05:53.7596933Z,"Axioscan 7 #4661000340: not gjesus3's ZWSI; waits on M. Jesus, then the Charite XMIC precedent",N
Microscopio\Microscopio biodonostia\BIOMAGUNE\2024_11_11__4566.czi,1545341824,b048af192899603cb841e315f02c1363c975ed8b0652dd5007644a56b2b35ca2,.czi,unknown,4661000340,Axioscan 7,czi-raw,2024-11-11T14:06:46.4946691Z,"Axioscan 7 #4661000340: not gjesus3's ZWSI; waits on M. Jesus, then the Charite XMIC precedent",N
Microscopio\Microscopio biodonostia\BIOMAGUNE\2024_11_11__4567.czi,1030749920,be2cd6870c3c0dc08de201dbfada25d06012494adcc29d9320b3e9da0353c226,.czi,unknown,4661000340,Axioscan 7,czi-raw,2024-11-11T14:40:12.2912179Z,"Axioscan 7 #4661000340: not gjesus3's ZWSI; waits on M. Jesus, then the Charite XMIC precedent",N
Microscopio\Microscopio biodonostia\BIOMAGUNE\2024_11_11__4568.czi,1009956352,f5a47d2a09300d88e3b68cc1c9a0f00fb2a02166ae2558ff7539ead5c65b58a3,.czi,unknown,4661000340,Axioscan 7,czi-raw,2024-11-11T15:11:48.259271Z,"Axioscan 7 #4661000340: not gjesus3's ZWSI; waits on M. Jesus, then the Charite XMIC precedent",N
Microscopio\Microscopio biodonostia\BIOMAGUNE\2024_11_11__4569.czi,878418592,daab1680e6b98c9f4c5378dbd3753233ce5e1202d1fa3382a3ddec78cec2a253,.czi,unknown,4661000340,Axioscan 7,czi-raw,2024-11-11T15:43:34.3949621Z,"Axioscan 7 #4661000340: not gjesus3's ZWSI; waits on M. Jesus, then the Charite XMIC precedent",N
Microscopio\Microscopio biodonostia\BIOMAGUNE\2024_11_11__4570.czi,1278375584,0fca4aee82bf5a32cfb8f30044ff1e39d574357e5dd9133488955831bb7e5118,.czi,unknown,4661000340,Axioscan 7,czi-raw,2024-11-11T16:15:07.9773145Z,"Axioscan 7 #4661000340: not gjesus3's ZWSI; waits on M. Jesus, then the Charite XMIC precedent",N
Microscopio\Microscopio biodonostia\BIOMAGUNE\2024_11_11__4571.czi,3119808000,35faa6a9cbcda09a2a456d62c288dc5a2fda7076d16467275943cf9cdd9276b5,.czi,unknown,4661000340,Axioscan 7,czi-raw,2024-11-11T16:56:23.4445494Z,"Axioscan 7 #4661000340: not gjesus3's ZWSI; waits on M. Jesus, then the Charite XMIC precedent",N
Microscopio\Microscopio biodonostia\BIOMAGUNE\2024_11_11__4582.czi,3212590208,85c82a4608b6aad454c8ad4f1255d56b2d5688cff00f3cc49fa08b6679c21093,.czi,unknown,4661000340,Axioscan 7,czi-raw,2024-11-11T18:07:03.6816847Z,"Axioscan 7 #4661000340: not gjesus3's ZWSI; waits on M. Jesus, then the Charite XMIC precedent",N
Microscopio\Microscopio biodonostia\BIOMAGUNE\2024_11_11__4583.czi,1428629728,c16bd896b3b2e12d5a8c993edcc3367672a970bb71100679f2409f96452a1e6d,.czi,unknown,4661000340,Axioscan 7,czi-raw,2024-11-11T18:37:15.8639585Z,"Axioscan 7 #4661000340: not gjesus3's ZWSI; waits on M. Jesus, then the Charite XMIC precedent",N
Microscopio\Microscopio biodonostia\BIOMAGUNE\2024_11_11__4584.czi,2589873248,5fb012a413f236c36429b3e7f126579df69cb940e6d65c04bfc0ece82f912a9b,.czi,unknown,4661000340,Axioscan 7,czi-raw,2024-11-11T19:11:33.7122139Z,"Axioscan 7 #4661000340: not gjesus3's ZWSI; waits on M. Jesus, then the Charite XMIC precedent",N
Microscopio\Microscopio biodonostia\BIOMAGUNE\2024_11_11__4585.czi,2483298752,6dd3b8de7841dadbd2af596ae21f93edaf10e6bb44d68fa5e0a620526047d0d6,.czi,unknown,4661000340,Axioscan 7,czi-raw,2024-11-11T19:44:34.5212293Z,"Axioscan 7 #4661000340: not gjesus3's ZWSI; waits on M. Jesus, then the Charite XMIC precedent",N
Microscopio\Microscopio biodonostia\BIOMAGUNE\2024_11_11__4586.czi,367699392,580f6d8275ead8abffafe21cce82b8aaa5fb7c98ca95a374e41e6986632980c7,.czi,unknown,4661000340,Axioscan 7,czi-raw,2024-11-11T20:01:37.9622078Z,"Axioscan 7 #4661000340: not gjesus3's ZWSI; waits on M. Jesus, then the Charite XMIC precedent",N
Microscopio\Microscopio biodonostia\BIOMAGUNE\2024_11_11__4587.czi,1390770464,67d84e25bfcdb5242aff9cb233054f570d8b53521159174b6a99e871e7e0d018,.czi,unknown,4661000340,Axioscan 7,czi-raw,2024-11-11T20:31:12.0561414Z,"Axioscan 7 #4661000340: not gjesus3's ZWSI; waits on M. Jesus, then the Charite XMIC precedent",N
Microscopio\Microscopio biodonostia\BIOMAGUNE\2024_11_11__4588.czi,491368832,405b339c18c70f22ca92c71a94ec09847ac8a7849072241e6d8b2e16aa5922d3,.czi,unknown,4661000340,Axioscan 7,czi-raw,2024-11-11T20:42:58.727377Z,"Axioscan 7 #4661000340: not gjesus3's ZWSI; waits on M. Jesus, then the Charite XMIC precedent",N
Microscopio\Microscopio biodonostia\BIOMAGUNE\2024_11_11__4589.czi,588271072,498d1fbc2f71bf2f58d06e175d277484627081fa16ba34037074d59f0df094ef,.czi,unknown,4661000340,Axioscan 7,czi-raw,2024-11-11T21:01:31.7267246Z,"Axioscan 7 #4661000340: not gjesus3's ZWSI; waits on M. Jesus, then the Charite XMIC precedent",N
Microscopio\Microscopio biodonostia\BIOMAGUNE\2024_11_11__4590.czi,294790592,a586d6e607a45a5e9740eff3303094e3fe0799ee4d354ca3fd51454b58008a4f,.czi,unknown,4661000340,Axioscan 7,czi-raw,2024-11-11T21:10:50.901962Z,"Axioscan 7 #4661000340: not gjesus3's ZWSI; waits on M. Jesus, then the Charite XMIC precedent",N
Microscopio\Microscopio biodonostia\BIOMAGUNE\2024_11_11__4591.czi,475694176,ae2856551aed2636da7e5e5a1d4a5fec5acd7d6673826fe992b94ae05b7c87da,.czi,unknown,4661000340,Axioscan 7,czi-raw,2024-11-11T21:20:16.27812Z,"Axioscan 7 #4661000340: not gjesus3's ZWSI; waits on M. Jesus, then the Charite XMIC precedent",N
Microscopio\Microscopio biodonostia\BIOMAGUNE\2024_11_11__4592.czi,1166565664,81f0aa905f5643027a5d4fc4a91ef61e5740d024b798adf10cad19be3df95bd5,.czi,unknown,4661000340,Axioscan 7,czi-raw,2024-11-11T13:48:08.5789197Z,"Axioscan 7 #4661000340: not gjesus3's ZWSI; waits on M. Jesus, then the Charite XMIC precedent",N
Microscopio\Microscopio biodonostia\escaner\H&E\2025_02_14__5234.czi,2311675200,5e6c7fe80db6edcfe849df8518b8bce66666f7032f5ce7cdcc15ae1c0a7e63c6,.czi,unknown,4661000340,Axioscan 7,czi-raw,2025-02-14T12:13:49.7811998Z,"Axioscan 7 #4661000340: not gjesus3's ZWSI; waits on M. Jesus, then the Charite XMIC precedent",N
Microscopio\Microscopio biodonostia\escaner\H&E\2025_02_14__5235.czi,1778625088,d663aa075864bd3081e99ce7bec82ac3c948e096eb98116c0b4c7b73063e35cd,.czi,unknown,4661000340,Axioscan 7,czi-raw,2025-02-14T12:57:07.3992959Z,"Axioscan 7 #4661000340: not gjesus3's ZWSI; waits on M. Jesus, then the Charite XMIC precedent",N
Microscopio\Microscopio biodonostia\escaner\H&E\2025_02_14__5236.czi,2931522592,379468ef1661f38a02141357f1c22c27a819ede205d3020067a76ed0a7d182ec,.czi,unknown,4661000340,Axioscan 7,czi-raw,2025-02-14T13:54:50.3354717Z,"Axioscan 7 #4661000340: not gjesus3's ZWSI; waits on M. Jesus, then the Charite XMIC precedent",N
Microscopio\Microscopio biodonostia\escaner\H&E\2025_02_14__5237.czi,1949208128,8cfe2f1aaba79c8e293f97d3190fdda16fd4fa0cb7dc1196ff3147b681aa1c48,.czi,unknown,4661000340,Axioscan 7,czi-raw,2025-02-14T14:28:46.4888806Z,"Axioscan 7 #4661000340: not gjesus3's ZWSI; waits on M. Jesus, then the Charite XMIC precedent",N
Microscopio\Microscopio biodonostia\escaner\H&E\2025_02_14__5238.czi,1387142176,78030d41477840d25f757d4b9e5a41005c092b35912146c4ebd3938aaba3442a,.czi,unknown,4661000340,Axioscan 7,czi-raw,2025-02-14T15:03:21.973687Z,"Axioscan 7 #4661000340: not gjesus3's ZWSI; waits on M. Jesus, then the Charite XMIC precedent",N
Microscopio\Microscopio biodonostia\escaner\H&E\2025_02_14__5239.czi,2502395968,fd75995fabec8c084b53ef8c1a554c502f4cd789817d13de1229667f475b717d,.czi,unknown,4661000340,Axioscan 7,czi-raw,2025-02-14T15:26:35.0961761Z,"Axioscan 7 #4661000340: not gjesus3's ZWSI; waits on M. Jesus, then the Charite XMIC precedent",N
Microscopio\Microscopio biodonostia\escaner\H&E\2025_02_14__5240.czi,670393536,efde8d8937e4aa7d7436d772d17ccf27dd97946fe6783b3aa284cc332a817a74,.czi,unknown,4661000340,Axioscan 7,czi-raw,2025-02-14T15:42:33.0285174Z,"Axioscan 7 #4661000340: not gjesus3's ZWSI; waits on M. Jesus, then the Charite XMIC precedent",N
Microscopio\Microscopio biodonostia\escaner\H&E\2025_02_14__5241.czi,2342160032,3f8412252fbfae11bfaa8b31bca13fe1d156b9ec77db7270e0d9cd3e5a879ad4,.czi,unknown,4661000340,Axioscan 7,czi-raw,2025-02-14T16:00:03.9540107Z,"Axioscan 7 #4661000340: not gjesus3's ZWSI; waits on M. Jesus, then the Charite XMIC precedent",N
Microscopio\Microscopio biodonostia\escaner\H&E\2025_02_14__5242.czi,1297212032,9df0d313abf3e50f38908a8f300e1bb31c4f33e485fa142cc9e7edae14edb2fe,.czi,unknown,4661000340,Axioscan 7,czi-raw,2025-02-14T16:17:38.808268Z,"Axioscan 7 #4661000340: not gjesus3's ZWSI; waits on M. Jesus, then the Charite XMIC precedent",N
Microscopio\Microscopio biodonostia\escaner\H&E\2025_02_14__5243.czi,1695761216,6c05c5e70ad5ae1c431c545b7fb2764e0cea27cbb2cea94d56004bb746d471ed,.czi,unknown,4661000340,Axioscan 7,czi-raw,2025-02-14T16:30:56.4623979Z,"Axioscan 7 #4661000340: not gjesus3's ZWSI; waits on M. Jesus, then the Charite XMIC precedent",N
Microscopio\Microscopio biodonostia\escaner\H&E\2025_02_14__5244.czi,1334713440,ef605fd87c520db549a80fdaa4431a1686f1372efed245ac3f9fa3979dd67c26,.czi,unknown,4661000340,Axioscan 7,czi-raw,2025-02-14T16:47:04.4514961Z,"Axioscan 7 #4661000340: not gjesus3's ZWSI; waits on M. Jesus, then the Charite XMIC precedent",N
Microscopio\Microscopio biodonostia\escaner\H&E\2025_02_14__5245.czi,1264678176,20df7c11827bf03fc71dcfa7b70a29789de5a78e1ee708e140f363b5a7e8e74d,.czi,unknown,4661000340,Axioscan 7,czi-raw,2025-02-14T17:03:31.363056Z,"Axioscan 7 #4661000340: not gjesus3's ZWSI; waits on M. Jesus, then the Charite XMIC precedent",N
Microscopio\Microscopio biodonostia\escaner\H&E\2025_02_14__5246.czi,1326790432,d50f421aafd85f65d815f4f07ee7312c10bc6a4440d7bcbb5ec1586024edc983,.czi,unknown,4661000340,Axioscan 7,czi-raw,2025-02-14T17:19:52.4174472Z,"Axioscan 7 #4661000340: not gjesus3's ZWSI; waits on M. Jesus, then the Charite XMIC precedent",N
Microscopio\Microscopio biodonostia\escaner\H&E\2025_02_14__5247.czi,1311571264,71aa905e55bf466b39be8c9de375bf15e3e7c0951c5dd91e26920e00f78726ab,.czi,unknown,4661000340,Axioscan 7,czi-raw,2025-02-14T17:36:08.0483824Z,"Axioscan 7 #4661000340: not gjesus3's ZWSI; waits on M. Jesus, then the Charite XMIC precedent",N
Microscopio\Microscopio biodonostia\escaner\Masson\2025_02_17__5262.czi,1434770080,bbf00ac0852e974f87882ad6bf80a6c2fb08f7403e98b66b458311dbcb9e68aa,.czi,unknown,4661000340,Axioscan 7,czi-raw,2025-02-18T21:49:37.8670695Z,"Axioscan 7 #4661000340: not gjesus3's ZWSI; waits on M. Jesus, then the Charite XMIC precedent",N
Microscopio\Microscopio biodonostia\escaner\Masson\2025_02_17__5263.czi,1320480032,aa5ca49069e32af52198876367cddd277cb4e84c159f35ad93a4e65652233c94,.czi,unknown,4661000340,Axioscan 7,czi-raw,2025-02-18T22:06:15.6610536Z,"Axioscan 7 #4661000340: not gjesus3's ZWSI; waits on M. Jesus, then the Charite XMIC precedent",N
Microscopio\Microscopio biodonostia\escaner\Masson\2025_02_17__5264.czi,1185824128,d4c7e0dfa2165b986f03b425836ed975fbff7692a7456cb6a3b5e8819bfbecec,.czi,unknown,4661000340,Axioscan 7,czi-raw,2025-02-18T22:21:51.4087964Z,"Axioscan 7 #4661000340: not gjesus3's ZWSI; waits on M. Jesus, then the Charite XMIC precedent",N
Microscopio\Microscopio biodonostia\escaner\Masson\2025_02_17__5265.czi,1226983776,5ebc231b7aabd98db1a6908c30b4c17695a78718ebc6d528a326b03ac355172d,.czi,unknown,4661000340,Axioscan 7,czi-raw,2025-02-18T22:38:06.7022034Z,"Axioscan 7 #4661000340: not gjesus3's ZWSI; waits on M. Jesus, then the Charite XMIC precedent",N
Microscopio\Microscopio biodonostia\escaner\Masson\2025_02_17__5266.czi,1321117952,6f6cdaa821b9307033aea3703ad299e9c806552ba0c919be868c0bee30ab7680,.czi,unknown,4661000340,Axioscan 7,czi-raw,2025-02-18T22:57:46.4017625Z,"Axioscan 7 #4661000340: not gjesus3's ZWSI; waits on M. Jesus, then the Charite XMIC precedent",N
Microscopio\Microscopio biodonostia\escaner\Masson\2025_02_17__5267.czi,2456425184,74b7ba570cc1b810ed08f60188e478bd03349a0f06f47a23d8e5e9306eb8fe7b,.czi,unknown,4661000340,Axioscan 7,czi-raw,2025-02-18T23:30:54.4511361Z,"Axioscan 7 #4661000340: not gjesus3's ZWSI; waits on M. Jesus, then the Charite XMIC precedent",N
Microscopio\Microscopio biodonostia\escaner\Masson\2025_02_17__5268.czi,2007728064,752f6ba4d5e572a5e54cc4aedbbee76a90a0b8c80a502dc69ee0b3b358f5b945,.czi,unknown,4661000340,Axioscan 7,czi-raw,2025-02-18T23:56:02.5531336Z,"Axioscan 7 #4661000340: not gjesus3's ZWSI; waits on M. Jesus, then the Charite XMIC precedent",N
Microscopio\Microscopio biodonostia\escaner\Masson\2025_02_17__5269.czi,3120695008,402c9cc9834e87ebf79d7c2679a5767ed3ef00f2ffd3b09657d1c5e6e391cc20,.czi,unknown,4661000340,Axioscan 7,czi-raw,2025-02-19T00:31:07.0358845Z,"Axioscan 7 #4661000340: not gjesus3's ZWSI; waits on M. Jesus, then the Charite XMIC precedent",N
Microscopio\Microscopio biodonostia\escaner\Masson\2025_02_17__5270.czi,2114658496,e647a4215813065b62642809095aa7ad507f60f44b4cf4e07b4c496eccc4c60d,.czi,unknown,4661000340,Axioscan 7,czi-raw,2025-02-19T00:58:20.3884766Z,"Axioscan 7 #4661000340: not gjesus3's ZWSI; waits on M. Jesus, then the Charite XMIC precedent",N
Microscopio\Microscopio biodonostia\escaner\Masson\2025_02_17__5271.czi,2684960992,f1442268d63da739f39b9440cc52ce4f11085c5aaf8728c04aa3303fbe93f938,.czi,unknown,4661000340,Axioscan 7,czi-raw,2025-02-19T01:25:36.7591752Z,"Axioscan 7 #4661000340: not gjesus3's ZWSI; waits on M. Jesus, then the Charite XMIC precedent",N
Microscopio\Microscopio biodonostia\escaner\Masson\2025_02_17__5272.czi,2824304864,8d58d43f2bdf9cdc13e897076cc1bb81d557bf8208e81ef15d409bdabfa10324,.czi,unknown,4661000340,Axioscan 7,czi-raw,2025-02-19T01:54:08.5668771Z,"Axioscan 7 #4661000340: not gjesus3's ZWSI; waits on M. Jesus, then the Charite XMIC precedent",N
Microscopio\Microscopio biodonostia\escaner\Masson\2025_02_17__5273.czi,1413091808,b934b5fd2e0b1c7ee3db6f9de357f06a7546d9b6952b6465ba145bda1c0d9fa9,.czi,unknown,4661000340,Axioscan 7,czi-raw,2025-02-19T02:27:38.9728347Z,"Axioscan 7 #4661000340: not gjesus3's ZWSI; waits on M. Jesus, then the Charite XMIC precedent",N
Microscopio\Microscopio biodonostia\escaner\Masson\2025_02_17__5274.czi,1187872032,8c341666c3ece8458c9986029226db23a68a091fb98a392891da73a439dae780,.czi,unknown,4661000340,Axioscan 7,czi-raw,2025-02-19T02:41:58.5087776Z,"Axioscan 7 #4661000340: not gjesus3's ZWSI; waits on M. Jesus, then the Charite XMIC precedent",N
Microscopio\Microscopio biodonostia\escaner\PR\2025_02_17__5248.czi,1172540000,339787e5a9591651f361a384a6325fc5209e0f934b15c3e32ccae5eade0303ed,.czi,unknown,4661000340,Axioscan 7,czi-raw,2025-02-18T15:41:25.0990374Z,"Axioscan 7 #4661000340: not gjesus3's ZWSI; waits on M. Jesus, then the Charite XMIC precedent",N
Microscopio\Microscopio biodonostia\escaner\PR\2025_02_17__5249.czi,1403336416,cb246f9453986eec6b3950dee8b68e340171ba3141843287b1a5a2cec9d5cc73,.czi,unknown,4661000340,Axioscan 7,czi-raw,2025-02-18T16:02:55.7333401Z,"Axioscan 7 #4661000340: not gjesus3's ZWSI; waits on M. Jesus, then the Charite XMIC precedent",N
Microscopio\Microscopio biodonostia\escaner\PR\2025_02_17__5250.czi,1155989536,e8160f3245550af2d6ba5511478b66fcc1af7295d2daa62629a534599ba1f283,.czi,unknown,4661000340,Axioscan 7,czi-raw,2025-02-18T16:22:26.6248731Z,"Axioscan 7 #4661000340: not gjesus3's ZWSI; waits on M. Jesus, then the Charite XMIC precedent",N
Microscopio\Microscopio biodonostia\escaner\PR\2025_02_17__5251.czi,1320911648,1ee21403b8c38e7c5565341ba53fefbfab589b2be7f210120fc4e64476e9244c,.czi,unknown,4661000340,Axioscan 7,czi-raw,2025-02-18T16:44:34.0336052Z,"Axioscan 7 #4661000340: not gjesus3's ZWSI; waits on M. Jesus, then the Charite XMIC precedent",N
Microscopio\Microscopio biodonostia\escaner\PR\2025_02_17__5252.czi,1275370144,b10cd5d59c1aef1d14efff55350ed134eb2695bad67f3c4ca959455e4b1f4d99,.czi,unknown,4661000340,Axioscan 7,czi-raw,2025-02-18T16:58:44.4336953Z,"Axioscan 7 #4661000340: not gjesus3's ZWSI; waits on M. Jesus, then the Charite XMIC precedent",N
Microscopio\Microscopio biodonostia\escaner\PR\2025_02_17__5253.czi,1348787456,e177e404b2dc087d3228f407ba99b5ce0751a3f3719ff4daa906694223e2657d,.czi,unknown,4661000340,Axioscan 7,czi-raw,2025-02-18T17:14:38.3354244Z,"Axioscan 7 #4661000340: not gjesus3's ZWSI; waits on M. Jesus, then the Charite XMIC precedent",N
Microscopio\Microscopio biodonostia\escaner\PR\2025_02_17__5254.czi,2404432256,c1d198f369ab713ec76e01f6f6fc3a39ddf0c715a419a9f9cf89c3c6adbddf60,.czi,unknown,4661000340,Axioscan 7,czi-raw,2025-02-18T17:31:48.3629115Z,"Axioscan 7 #4661000340: not gjesus3's ZWSI; waits on M. Jesus, then the Charite XMIC precedent",N
Microscopio\Microscopio biodonostia\escaner\PR\2025_02_17__5255.czi,1967731680,cc2f3a9b9ae321bbd1c68928236701b57cbaf5982e2e44e59972b4d980a43d84,.czi,unknown,4661000340,Axioscan 7,czi-raw,2025-02-18T18:01:35.6268374Z,"Axioscan 7 #4661000340: not gjesus3's ZWSI; waits on M. Jesus, then the Charite XMIC precedent",N
Microscopio\Microscopio biodonostia\escaner\PR\2025_02_17__5256.czi,3755487264,140f5c9412ab112cd5f9217d089676a2d1fac0bf3db5d4752c7c0e35e3c9263d,.czi,unknown,4661000340,Axioscan 7,czi-raw,2025-02-18T18:57:16.0939862Z,"Axioscan 7 #4661000340: not gjesus3's ZWSI; waits on M. Jesus, then the Charite XMIC precedent",N
Microscopio\Microscopio biodonostia\escaner\PR\2025_02_17__5257.czi,2181518528,bbce8d74a615df9105c3111de57da20ec3ae7bee8c860e8dc9255821eb61c459,.czi,unknown,4661000340,Axioscan 7,czi-raw,2025-02-18T19:48:52.7611525Z,"Axioscan 7 #4661000340: not gjesus3's ZWSI; waits on M. Jesus, then the Charite XMIC precedent",N
Microscopio\Microscopio biodonostia\escaner\PR\2025_02_17__5258.czi,2588320160,f5e4611a8e7170663ba787a241abe32e0fd1434d472f6ec124bf6a0f127a8d63,.czi,unknown,4661000340,Axioscan 7,czi-raw,2025-02-18T20:20:22.2268789Z,"Axioscan 7 #4661000340: not gjesus3's ZWSI; waits on M. Jesus, then the Charite XMIC precedent",N
Microscopio\Microscopio biodonostia\escaner\PR\2025_02_17__5259.czi,2570722944,9fe23e43d24e2f2638b51b2cc6e81912b0a4153a5d76c975cb2a0f522dfe9e14,.czi,unknown,4661000340,Axioscan 7,czi-raw,2025-02-18T20:46:11.4772434Z,"Axioscan 7 #4661000340: not gjesus3's ZWSI; waits on M. Jesus, then the Charite XMIC precedent",N
Microscopio\Microscopio biodonostia\escaner\PR\2025_02_17__5260.czi,2363855680,2586666e7f9ccd16d2f7942e4db5db7c4d9a681241a58fb22c00de48ac941916,.czi,unknown,4661000340,Axioscan 7,czi-raw,2025-02-18T21:17:54.7647204Z,"Axioscan 7 #4661000340: not gjesus3's ZWSI; waits on M. Jesus, then the Charite XMIC precedent",N
Microscopio\Microscopio- MJesus Sanchez 2023\Machos vs Hembras\1-Controles female (nmx and SuHx)\Controles (nmx adn SuHx)- PR\m204lung.czi,627936,ecaf19812e5dcdb79bb8a16a2542f1ffb5d02d55e2e05a6bb59ba8c23235ce06,.czi,unknown,,,czi-processed,,czi-processed: no instrument metadata (no hardware/experiment block); not an acquisition record,N
Microscopio\Microscopio- MJesus Sanchez 2023\Machos vs Hembras\PR Female Controles (nmx adn SuHx)\m204lung.czi,627936,ecaf19812e5dcdb79bb8a16a2542f1ffb5d02d55e2e05a6bb59ba8c23235ce06,.czi,unknown,,,czi-processed,,czi-processed: no instrument metadata (no hardware/experiment block); not an acquisition record,N
"Pili y Mili\Proyecto 1121 London\Experimentos\Histologia\Experiment 2, 3, 4, 5\Confocal\2DG\2Dg_heart_b8_2.lif",116878035,d4e728dc3cae761e264d2fd0c329a0a5c8a6f95cafde4442fcee26df71b69a7d,.lif,LEICA TCS SP8,8100000207,0;DM6000B-CS,lif,,"Leica TCS SP8 #8100000207: not gjesus3's; waits on M. Jesus, then the Charite XMIC precedent",N
"Pili y Mili\Proyecto 1121 London\Experimentos\Histologia\Experiment 2, 3, 4, 5\Confocal\2DG\2Dg_heart_b8_2.lifext",16441265,c5612dd53b8f75e6c7569cc52be0713ca8d160acd44b25d08a07463efb2c456d,.lifext,LEICA,,,lifext,,"Leica TCS SP8 #8100000207: not gjesus3's; waits on M. Jesus, then the Charite XMIC precedent",N
"Pili y Mili\Proyecto 1121 London\Experimentos\Histologia\Experiment 2, 3, 4, 5\Confocal\2DG\2G_heart_B8_VDAC.lif",272697927,b510f983a5db8398bacf1c1167b5082746431ed607284576f90423c0b011c713,.lif,LEICA TCS SP8,8100000207,0;DM6000B-CS,lif,,"Leica TCS SP8 #8100000207: not gjesus3's; waits on M. Jesus, then the Charite XMIC precedent",N
"Pili y Mili\Proyecto 1121 London\Experimentos\Histologia\Experiment 2, 3, 4, 5\Confocal\2DG\2G_heart_B8_VDAC.lifext",38362635,e3a550543b7c2e6953d6ee49eb949ab41f11d33570093c19ff9de5a326174a53,.lifext,LEICA,,,lifext,,"Leica TCS SP8 #8100000207: not gjesus3's; waits on M. Jesus, then the Charite XMIC precedent",N
"Pili y Mili\Proyecto 1121 London\Experimentos\Histologia\Experiment 2, 3, 4, 5\Confocal\Mpv17\MYH7_MYH4\myh7_myh4.lif",77902779,193ca90f5cd542556f4dfdd53d37cfa1982d4b1bdec5518666bb9cca1dcdda9c,.lif,LEICA TCS SP8,8100000207,0;DM6000B-CS,lif,,"Leica TCS SP8 #8100000207: not gjesus3's; waits on M. Jesus, then the Charite XMIC precedent",N
"Pili y Mili\Proyecto 1121 London\Experimentos\Histologia\Experiment 2, 3, 4, 5\Confocal\Mpv17\MYH7_MYH4\myh7_myh4.lifext",10960839,d30fe002f772a5779cd9e90b6dd88c05df0d98e509653f3fb8913e45298a1a34,.lifext,LEICA,,,lifext,,"Leica TCS SP8 #8100000207: not gjesus3's; waits on M. Jesus, then the Charite XMIC precedent",N
"Pili y Mili\Proyecto 1121 London\Experimentos\Histologia\Experiment 2, 3, 4, 5\Confocal\Mpv17\antiDNA_TOM20\antiDNA tom20.lif",194797025,2a3c0092c1ef0592cd08e15683bd11533330eb73655b748ff4e5da57d75cbe35,.lif,LEICA TCS SP8,8100000207,0;DM6000B-CS,lif,,"Leica TCS SP8 #8100000207: not gjesus3's; waits on M. Jesus, then the Charite XMIC precedent",N
"Pili y Mili\Proyecto 1121 London\Experimentos\Histologia\Experiment 2, 3, 4, 5\Confocal\Mpv17\antiDNA_TOM20\antiDNA tom20.lifext",27402001,36416199c2e81783c000dda8a270d32f429697a7cc1a9f590fe8e76b3bac1fe3,.lifext,LEICA,,,lifext,,"Leica TCS SP8 #8100000207: not gjesus3's; waits on M. Jesus, then the Charite XMIC precedent",N
Pili y Mili\Proyecto 1121 London\Experimentos\Histologia\Experiment 27\13012023_Experiment 27.lif,136502231,f36dd9f8c48aa7f855080ad730093668c0836e4c78c48aa6e25010f1c7cd3589,.lif,LEICA TCS SP8,8100000207,0;DM6000B-CS,lif,,"Leica TCS SP8 #8100000207: not gjesus3's; waits on M. Jesus, then the Charite XMIC precedent",N
Pili y Mili\Proyecto 1121 London\Experimentos\Histologia\Experiment 31\18012023_Experiment 31.lif,389511541,da1b1c79b11f2a0479c0423f7ba0e9c15268fc64470435010866091381c6684f,.lif,LEICA TCS SP8,8100000207,0;DM6000B-CS,lif,,"Leica TCS SP8 #8100000207: not gjesus3's; waits on M. Jesus, then the Charite XMIC precedent",N
Pili y Mili\Proyecto 1121 London\Experimentos\Histologia\Experiment 33\18012023_Experiment33.lif,194755851,804eff9754a14b00af3e32780de7fb7737c0891db36dac7fbee8bef185a30d52,.lif,LEICA TCS SP8,8100000207,0;DM6000B-CS,lif,,"Leica TCS SP8 #8100000207: not gjesus3's; waits on M. Jesus, then the Charite XMIC precedent",N
Pili y Mili\Proyecto 1121 London\Experimentos\Histologia\Training confocal\Project.lif,486336333,2b5968717224355d6f1129090868823100c01b6474295591ca1f5bb559f7f77a,.lif,LEICA TCS SP8,8100000207,0;DM6000B-CS,lif,,"Leica TCS SP8 #8100000207: not gjesus3's; waits on M. Jesus, then the Charite XMIC precedent",N
Pili y Mili\Proyecto 1121 London\Experimentos\Histologia\Training confocal\Project.lifext,76770229,4ba731867c7d8d1c604fa41c1b317a6d1d763f134dc4e39a79d0d78633311755,.lifext,LEICA,,,lifext,,"Leica TCS SP8 #8100000207: not gjesus3's; waits on M. Jesus, then the Charite XMIC precedent",N
Pili y Mili\Proyecto 1121 London\Experimentos\Histologia\ki67 and some files\051222.lif,477096513,3c17a106e1665fdc93e505508b7758b5852c8b17364f296ff8a1a1c310d33451,.lif,LEICA TCS SP8,8100000207,0;DM6000B-CS,lif,,"Leica TCS SP8 #8100000207: not gjesus3's; waits on M. Jesus, then the Charite XMIC precedent",N
Pili y Mili\Proyecto 1121 London\Experimentos\Histologia\ki67 and some files\09122022.lif,1031498373,7538f265b0f2733c7daa9f39f745aeba6466bb8899335301cfc027a1a4b9e196,.lif,LEICA TCS SP8,8100000207,0;DM6000B-CS,lif,,"Leica TCS SP8 #8100000207: not gjesus3's; waits on M. Jesus, then the Charite XMIC precedent",N
Pili y Mili\Proyecto 1121 London\Experimentos\Histologia\ki67 and some files\15122022.lif,954879629,c64bb47a6690bfaa43db69699d7bc658b34f20a857b48231acccbec0e78edf11,.lif,LEICA TCS SP8,8100000207,0;DM6000B-CS,lif,,"Leica TCS SP8 #8100000207: not gjesus3's; waits on M. Jesus, then the Charite XMIC precedent",N
Pili y Mili\Proyecto 1121 London\Experimentos\Histologia\ki67 and some files\15122022.lifext,102355163,c9c75ec358a2a9ba6db7c7bc012cbc40809d0b2df9e3794de980b4c164bb5038,.lifext,LEICA,,,lifext,,"Leica TCS SP8 #8100000207: not gjesus3's; waits on M. Jesus, then the Charite XMIC precedent",N
Pili y Mili\Proyecto 1121 London\Experimentos\Histologia\ki67 and some files\ki67 liver\Experiment 10 (H16)\Alone\10012023_Experiment 10.lif,467413623,035eaa24a95d5ca14a1e12c6fe28963d23f98296d409615798d38e8c16f5ea23,.lif,LEICA TCS SP8,8100000207,0;DM6000B-CS,lif,,"Leica TCS SP8 #8100000207: not gjesus3's; waits on M. Jesus, then the Charite XMIC precedent",N
Pili y Mili\Proyecto 1121 London\Experimentos\Histologia\ki67 and some files\ki67 liver\Experiment 28 (QX22)\10012023_Experiment 28.lif,272658195,7813038c8cc9f5d508f24037be48d1fe93feae120fd3af719d38d7183e2110bf,.lif,LEICA TCS SP8,8100000207,0;DM6000B-CS,lif,,"Leica TCS SP8 #8100000207: not gjesus3's; waits on M. Jesus, then the Charite XMIC precedent",N
Pili y Mili\Proyecto 1121 London\Experimentos\Histologia\ki67 and some files\ki67 liver\Experiment 28 (QX22)\13012023_Experiment 28.lif,467414283,722633bd51dec592d773500b58b00251e03778069ce9f2cdf5c44eaa1982ed6a,.lif,LEICA TCS SP8,8100000207,0;DM6000B-CS,lif,,"Leica TCS SP8 #8100000207: not gjesus3's; waits on M. Jesus, then the Charite XMIC precedent",N
Pili y Mili\Proyecto 1121 London\Experimentos\Histologia\ki67 and some files\ki67 liver\Experiment 28 (QX22)\13012023_Experiment 28.lifext,65764583,052f0888ec84afac1b551538410ce3c3a398502573351b124eff9bf1a0654794,.lifext,LEICA,,,lifext,,"Leica TCS SP8 #8100000207: not gjesus3's; waits on M. Jesus, then the Charite XMIC precedent",N
Pili y Mili\Proyecto 1121 London\Experimentos\Histologia\ki67 and some files\ki67 liver\Experiment 30 (QX22 + Sudan black)\13012023_Experiment30.lif,155805133,125ca518f0d8c7968c9f8ed0a3d74e4a200fb5958ccd390cfc1f44941e0230cb,.lif,LEICA TCS SP8,8100000207,0;DM6000B-CS,lif,,"Leica TCS SP8 #8100000207: not gjesus3's; waits on M. Jesus, then the Charite XMIC precedent",N
Pili y Mili\Proyecto 1121 London\Experimentos\Histologia\ki67 and some files\ki67 liver\Experiment 30 (QX22 + Sudan black)\13012023_Experiment30.lifext,21921675,e17a7378b37accb1e5b2befccb9bf1aa6756f0dca83331e9b9af6643811cac38,.lifext,LEICA,,,lifext,,"Leica TCS SP8 #8100000207: not gjesus3's; waits on M. Jesus, then the Charite XMIC precedent",N
Pili y Mili\Proyecto 1121 London\Experimentos\Histologia\ki67 and some files\ki67 liver\Experiment 4 (QX22)\Alone\10012023_Experiment 4.lif,467413237,830dd52f37c48fb3e3a26d31b52b7cf85eb52bfa084ddb1d39c5037a1a1770b5,.lif,LEICA TCS SP8,8100000207,0;DM6000B-CS,lif,,"Leica TCS SP8 #8100000207: not gjesus3's; waits on M. Jesus, then the Charite XMIC precedent",N
Pili y Mili\Proyecto 1121 London\Experimentos\Histologia\ki67 and some files\ki67 liver\Experiment 4 (QX22)\With Diego\KI67_mpv17_liver.lif,194893421,6cb0367df82f11f0b123811713cb40b2fcc9b136009d975e4d63c870109a5f46,.lif,LEICA TCS SP8,8100000207,0;DM6000B-CS,lif,,"Leica TCS SP8 #8100000207: not gjesus3's; waits on M. Jesus, then the Charite XMIC precedent",N
Pili y Mili\Proyecto 1121 London\Experimentos\Histologia\ki67 and some files\ki67 liver\Experiment 4 (QX22)\With Diego\KI67_mpv17_liver.lifext,5480523,bb36b2de506777e7e1ec2235410d285b191a539e204ab6243aede7fe3846c563,.lifext,LEICA,,,lifext,,"Leica TCS SP8 #8100000207: not gjesus3's; waits on M. Jesus, then the Charite XMIC precedent",N
biomaGUNE MJ\Manosa and 2DG Male_Proyecto 1422\Raw data\Microscopio\Microscopio-biodonostia\2024_10_24__4463.czi,389001408,d0c3e7cba82c0bd6a3282d07faf3b95603076f3cd7e3adbbece0c22cddb3eecf,.czi,unknown,4661000340,Axioscan 7,czi-raw,2024-10-24T12:35:43.0262177Z,"Axioscan 7 #4661000340: not gjesus3's ZWSI; waits on M. Jesus, then the Charite XMIC precedent",N
biomaGUNE MJ\Manosa and 2DG Male_Proyecto 1422\Raw data\Microscopio\Microscopio-biodonostia\2024_10_24__4464.czi,441821344,c67193ff216166242f95fa80fd4617fd572d97af7defe0347369c8da351d4a18,.czi,unknown,4661000340,Axioscan 7,czi-raw,2024-10-24T12:44:08.3457146Z,"Axioscan 7 #4661000340: not gjesus3's ZWSI; waits on M. Jesus, then the Charite XMIC precedent",N
biomaGUNE MJ\Manosa and 2DG Male_Proyecto 1422\Raw data\Microscopio\Microscopio-biodonostia\2024_10_24__4465.czi,656375680,e26393af687d162ff77229799b374b8d2403959e1a1b730b6c9a6dfff9136440,.czi,unknown,4661000340,Axioscan 7,czi-raw,2024-10-24T12:26:05.6993391Z,"Axioscan 7 #4661000340: not gjesus3's ZWSI; waits on M. Jesus, then the Charite XMIC precedent",N
biomaGUNE MJ\Manosa and 2DG Male_Proyecto 1422\Raw data\Microscopio\Microscopio-biodonostia\2024_10_24__4466.czi,755093472,58666e9f0861ab519dbd204077212e1e0d93d2e7c651ac8e503687b2383c3489,.czi,unknown,4661000340,Axioscan 7,czi-raw,2024-10-24T12:56:42.120298Z,"Axioscan 7 #4661000340: not gjesus3's ZWSI; waits on M. Jesus, then the Charite XMIC precedent",N
biomaGUNE MJ\Manosa and 2DG Male_Proyecto 1422\Raw data\Microscopio\Microscopio-biodonostia\2024_10_24__4467-1.czi,689491328,c308927208b1bb455775da2bedd38b4a8bbd42ea900134bbeb192ecf3b0d1183,.czi,unknown,4661000340,Axioscan 7,czi-raw,2024-10-25T07:39:04.1685922Z,"Axioscan 7 #4661000340: not gjesus3's ZWSI; waits on M. Jesus, then the Charite XMIC precedent",N
biomaGUNE MJ\Manosa and 2DG Male_Proyecto 1422\Raw data\Microscopio\Microscopio-biodonostia\2024_10_24__4468.czi,497412896,94b7860353f830aa17c8f82b646aac61780d65f2021bbc2a493aa1f34dd5521b,.czi,unknown,4661000340,Axioscan 7,czi-raw,2024-10-24T13:20:53.4902776Z,"Axioscan 7 #4661000340: not gjesus3's ZWSI; waits on M. Jesus, then the Charite XMIC precedent",N
biomaGUNE MJ\Manosa and 2DG Male_Proyecto 1422\Raw data\Microscopio\Microscopio-biodonostia\2024_10_24__4469-1.czi,305339488,2c4036bf6c2fd9f88ea79f8f5b94b85ce5962125a63256ab92575323893a8d13,.czi,unknown,4661000340,Axioscan 7,czi-raw,2024-10-25T07:45:25.0963243Z,"Axioscan 7 #4661000340: not gjesus3's ZWSI; waits on M. Jesus, then the Charite XMIC precedent",N
biomaGUNE MJ\Manosa and 2DG Male_Proyecto 1422\Raw data\Microscopio\Microscopio-biodonostia\2024_10_24__4470.czi,660594688,919f9b59a2c83d7b17f86c673977224f9bffd37c1fe00ac503ad3fcca7a6cfc6,.czi,unknown,4661000340,Axioscan 7,czi-raw,2024-10-24T13:34:10.8797604Z,"Axioscan 7 #4661000340: not gjesus3's ZWSI; waits on M. Jesus, then the Charite XMIC precedent",N
biomaGUNE MJ\Manosa and 2DG Male_Proyecto 1422\Raw data\Microscopio\Microscopio-biodonostia\2024_10_24__4471.czi,805100064,cda65471ac5afe494b145c032a5644689c1916eae7a5c0bec65ce651d33d0099,.czi,unknown,4661000340,Axioscan 7,czi-raw,2024-10-24T13:53:01.0563563Z,"Axioscan 7 #4661000340: not gjesus3's ZWSI; waits on M. Jesus, then the Charite XMIC precedent",N
biomaGUNE MJ\Manosa and 2DG Male_Proyecto 1422\Raw data\Microscopio\Microscopio-biodonostia\2024_10_24__4472.czi,603746016,b77b7ee016068fb881972ded9c70376aebc4c0cc18203653e6fc9304aed92173,.czi,unknown,4661000340,Axioscan 7,czi-raw,2024-10-24T14:08:37.8733637Z,"Axioscan 7 #4661000340: not gjesus3's ZWSI; waits on M. Jesus, then the Charite XMIC precedent",N
biomaGUNE MJ\Manosa and 2DG Male_Proyecto 1422\Raw data\Microscopio\Microscopio-biodonostia\2024_10_24__4473.czi,964241504,a513138f1c0eec114b9c91a0848d263e3d535b8b26f8dde1d51d1f8a57a39b1b,.czi,unknown,4661000340,Axioscan 7,czi-raw,2024-10-24T14:21:15.4422873Z,"Axioscan 7 #4661000340: not gjesus3's ZWSI; waits on M. Jesus, then the Charite XMIC precedent",N
biomaGUNE MJ\Manosa and 2DG Male_Proyecto 1422\Raw data\Microscopio\Microscopio-biodonostia\2024_10_24__4474.czi,684519296,16a2a6bf3feadd06d80d7ec6eb673bd26c4438d77950b44d1ff06c043c0f8c71,.czi,unknown,4661000340,Axioscan 7,czi-raw,2024-10-24T14:34:31.7070775Z,"Axioscan 7 #4661000340: not gjesus3's ZWSI; waits on M. Jesus, then the Charite XMIC precedent",N
biomaGUNE MJ\Manosa and 2DG Male_Proyecto 1422\Raw data\Microscopio\Microscopio-biodonostia\2024_10_24__4475.czi,691948928,a8131e5aeba6ce0c254d3849067342f9e0b3b2f909629986046a85ab6f339087,.czi,unknown,4661000340,Axioscan 7,czi-raw,2024-10-24T14:49:02.1053116Z,"Axioscan 7 #4661000340: not gjesus3's ZWSI; waits on M. Jesus, then the Charite XMIC precedent",N
biomaGUNE MJ\Manosa and 2DG Male_Proyecto 1422\Raw data\Microscopio\Microscopio-biodonostia\2024_10_24__4476.czi,696869696,0fe603a9150831cc0f9e0f6a3c2e4b6d409d5da2ca0e64d1de0820a20b11cfb1,.czi,unknown,4661000340,Axioscan 7,czi-raw,2024-10-24T15:01:23.7308686Z,"Axioscan 7 #4661000340: not gjesus3's ZWSI; waits on M. Jesus, then the Charite XMIC precedent",N
biomaGUNE MJ\Manosa and 2DG Male_Proyecto 1422\Raw data\Microscopio\Microscopio-biodonostia\2024_10_24__4477-1.czi,609845760,ef2b3195bf411705d3b4996e3a7ce6b65c0d48f2749193bf0f9d7a2f97d143c6,.czi,unknown,4661000340,Axioscan 7,czi-raw,2024-10-25T08:03:56.7104844Z,"Axioscan 7 #4661000340: not gjesus3's ZWSI; waits on M. Jesus, then the Charite XMIC precedent",N
biomaGUNE MJ\Manosa and 2DG Male_Proyecto 1422\Raw data\Microscopio\Microscopio-biodonostia\2024_10_24__4478.czi,640390272,f187fc31614c1bf01f8c7fe8b835b5428ca86bf0e9d2361146903f359a3218a8,.czi,unknown,4661000340,Axioscan 7,czi-raw,2024-10-24T15:26:37.77784Z,"Axioscan 7 #4661000340: not gjesus3's ZWSI; waits on M. Jesus, then the Charite XMIC precedent",N
biomaGUNE MJ\Manosa and 2DG Male_Proyecto 1422\Raw data\Microscopio\Microscopio-biodonostia\2024_10_24__4479.czi,566358912,77df1f82d85c258d472321cdef5779f5e74de39a989bc2098da8e41595573d99,.czi,unknown,4661000340,Axioscan 7,czi-raw,2024-10-24T15:35:55.5324863Z,"Axioscan 7 #4661000340: not gjesus3's ZWSI; waits on M. Jesus, then the Charite XMIC precedent",N
biomaGUNE MJ\Manosa and 2DG Male_Proyecto 1422\Raw data\Microscopio\Microscopio-biodonostia\2024_10_24__4480.czi,507536128,93fa9656d02058d78cf79a0e2aec9f6f9bd8d5365eff0211acc68b816f61eaca,.czi,unknown,4661000340,Axioscan 7,czi-raw,2024-10-24T15:44:51.2813332Z,"Axioscan 7 #4661000340: not gjesus3's ZWSI; waits on M. Jesus, then the Charite XMIC precedent",N
biomaGUNE MJ\Manosa and 2DG Male_Proyecto 1422\Raw data\Microscopio\Microscopio-biodonostia\2024_10_24__4481.czi,671296960,a4fa995ece31156a29dac67b609c306037647f3d743d56905569c0ed9e618ae9,.czi,unknown,4661000340,Axioscan 7,czi-raw,2024-10-24T15:57:04.9747697Z,"Axioscan 7 #4661000340: not gjesus3's ZWSI; waits on M. Jesus, then the Charite XMIC precedent",N
biomaGUNE MJ\Manosa and 2DG Male_Proyecto 1422\Raw data\Microscopio\Microscopio-biodonostia\2024_10_24__4482.czi,457021184,0c0e5649e7803212b6918483066cb2d4ec4772cb7cbd263f12d628b47864757b,.czi,unknown,4661000340,Axioscan 7,czi-raw,2024-10-24T16:05:53.7596933Z,"Axioscan 7 #4661000340: not gjesus3's ZWSI; waits on M. Jesus, then the Charite XMIC precedent",N
