project,files,bytes,gb,stream_A,other_stream
AE-biomaGUNE-0118,21,8696843,0.01,21,0
AE-biomaGUNE-0219,65,38686326847,38.69,61,4
AE-biomaGUNE-0320,375,304439129,0.30,375,0
AE-biomaGUNE-0420,3921,14517600438,14.52,3920,1
AE-biomaGUNE-0619,3324,3526006782,3.53,3324,0
AE-biomaGUNE-0721,2874,6482525445,6.48,2872,2
AE-biomaGUNE-1019,7289,7289240497,7.29,7288,1
AE-biomaGUNE-1022,367,56114945598,56.11,367,0
AE-biomaGUNE-1116,4,1860265,0.00,4,0
AE-biomaGUNE-1123,280,55892030295,55.89,278,2
AE-biomaGUNE-1319,25,192462896,0.19,25,0
AE-biomaGUNE-1321,302,60793652712,60.79,300,2
AE-biomaGUNE-1420,3,1248783,0.00,3,0
AE-biomaGUNE-1519,8680,8285263930,8.29,8680,0
AE-biomaGUNE-1520,2,2585125,0.00,2,0
DTS24,7161,59154721452,59.15,0,7161
Project-0521,23,14527961,0.01,23,0
laura,4,10001216,0.01,4,0
