acq_id,batch,drive,relpath,archive,member,sha256,manifest_verified,other_copies,notes
ACQ-20241024-XMIC-001,X01,drive3_MJesus-MFB,Microscopio\Microscopio biodonostia\0522 Biodonostia\2024_10_24__4469.czi,,,15a969a8815b8fbae62b65f0d7a78a30aab31d39346db1aae63e9b7ab6798122,Y,,
ACQ-20241024-XMIC-002,X02,drive3_MJesus-MFB,Microscopio\Microscopio biodonostia\0522 Biodonostia\2024_10_24__4445.czi,,,7be788a38fccd9c8d850f22a8eda2dfebbbf2a767446ed14c1ef61cf95959192,Y,,
ACQ-20241024-XMIC-003,X02,drive3_MJesus-MFB,Microscopio\Microscopio biodonostia\0522 Biodonostia\2024_10_24__4463.czi,,,6f39995249897ee9e866d6acc0522fc0eb0d0a468a68b5fe1db717b317837f25,Y,drive3_MJesus-MFB/biomaGUNE MJ/Manosa and 2DG Male_Proyecto 1422/Raw data/Microscopio/Microscopio-biodonostia/2024_10_24__4463.czi,
ACQ-20241024-XMIC-004,X02,drive3_MJesus-MFB,Microscopio\Microscopio biodonostia\0522 Biodonostia\2024_10_24__4464.czi,,,aa6f95090a7b3fa886aa726a3910a62354db48c665ff13a04a04b5120c20efa9,Y,drive3_MJesus-MFB/biomaGUNE MJ/Manosa and 2DG Male_Proyecto 1422/Raw data/Microscopio/Microscopio-biodonostia/2024_10_24__4464.czi,
ACQ-20241024-XMIC-005,X02,drive3_MJesus-MFB,Microscopio\Microscopio biodonostia\0522 Biodonostia\2024_10_24__4465.czi,,,032671a3442d0d671c8ca5a9186c0b246c17a06680955ff7df59dcdb89cb221c,Y,drive3_MJesus-MFB/biomaGUNE MJ/Manosa and 2DG Male_Proyecto 1422/Raw data/Microscopio/Microscopio-biodonostia/2024_10_24__4465.czi,
ACQ-20241024-XMIC-006,X02,drive3_MJesus-MFB,Microscopio\Microscopio biodonostia\0522 Biodonostia\2024_10_24__4466.czi,,,b712ae644833d00221e319b6348ded575350ee292d00b77024ad02c2b135abde,Y,drive3_MJesus-MFB/biomaGUNE MJ/Manosa and 2DG Male_Proyecto 1422/Raw data/Microscopio/Microscopio-biodonostia/2024_10_24__4466.czi,
ACQ-20241024-XMIC-007,X02,drive3_MJesus-MFB,Microscopio\Microscopio biodonostia\0522 Biodonostia\2024_10_24__4467.czi,,,b81a61182351d3e85857af1850a60a83c03af1733fc4779142e55554efd32cf5,Y,,
ACQ-20241024-XMIC-008,X02,drive3_MJesus-MFB,Microscopio\Microscopio biodonostia\0522 Biodonostia\2024_10_24__4468.czi,,,640c24290c3dcf32de230dcb1f7d657a125e51bb22f8fe3e22d8c88f85421b38,Y,drive3_MJesus-MFB/biomaGUNE MJ/Manosa and 2DG Male_Proyecto 1422/Raw data/Microscopio/Microscopio-biodonostia/2024_10_24__4468.czi,
ACQ-20241024-XMIC-009,X02,drive3_MJesus-MFB,Microscopio\Microscopio biodonostia\0522 Biodonostia\2024_10_24__4470.czi,,,788a74426fc756fe4f9ccf74002f31cc2632797bbaadb8e3ab7fb6901a2a4ef9,Y,drive3_MJesus-MFB/biomaGUNE MJ/Manosa and 2DG Male_Proyecto 1422/Raw data/Microscopio/Microscopio-biodonostia/2024_10_24__4470.czi,
ACQ-20241024-XMIC-010,X02,drive3_MJesus-MFB,Microscopio\Microscopio biodonostia\0522 Biodonostia\2024_10_24__4471.czi,,,16c44dd2c350820afbbd41c7cff8b3a5524f423b40518adbc7169db7aa1062d4,Y,drive3_MJesus-MFB/biomaGUNE MJ/Manosa and 2DG Male_Proyecto 1422/Raw data/Microscopio/Microscopio-biodonostia/2024_10_24__4471.czi,
ACQ-20241024-XMIC-011,X02,drive3_MJesus-MFB,Microscopio\Microscopio biodonostia\0522 Biodonostia\2024_10_24__4472.czi,,,060a9c67f473f65710f6633ae746376e1aa6368e5defd4dbc33115815686c769,Y,drive3_MJesus-MFB/biomaGUNE MJ/Manosa and 2DG Male_Proyecto 1422/Raw data/Microscopio/Microscopio-biodonostia/2024_10_24__4472.czi,
ACQ-20241024-XMIC-012,X02,drive3_MJesus-MFB,Microscopio\Microscopio biodonostia\0522 Biodonostia\2024_10_24__4473.czi,,,65c44553c1ed2e5348927db6c7ba396cf0142b9485abeb370581f78799b98420,Y,drive3_MJesus-MFB/biomaGUNE MJ/Manosa and 2DG Male_Proyecto 1422/Raw data/Microscopio/Microscopio-biodonostia/2024_10_24__4473.czi,
ACQ-20241024-XMIC-013,X02,drive3_MJesus-MFB,Microscopio\Microscopio biodonostia\0522 Biodonostia\2024_10_24__4474.czi,,,caf21fee6b4bb74a23c56bfe176128e94a0f78f22b85cdeedaed0d1cae9ed19a,Y,drive3_MJesus-MFB/biomaGUNE MJ/Manosa and 2DG Male_Proyecto 1422/Raw data/Microscopio/Microscopio-biodonostia/2024_10_24__4474.czi,
ACQ-20241024-XMIC-014,X02,drive3_MJesus-MFB,Microscopio\Microscopio biodonostia\0522 Biodonostia\2024_10_24__4475.czi,,,3d28a31eb854ea33e98b69f385b177f10f3be991befd49224d10305764d9237f,Y,drive3_MJesus-MFB/biomaGUNE MJ/Manosa and 2DG Male_Proyecto 1422/Raw data/Microscopio/Microscopio-biodonostia/2024_10_24__4475.czi,
ACQ-20241024-XMIC-015,X02,drive3_MJesus-MFB,Microscopio\Microscopio biodonostia\0522 Biodonostia\2024_10_24__4476.czi,,,5f3613d90726fed6a30fc879f9e3fa71d0b2e65b61eee2a4bc8cff711967ee31,Y,drive3_MJesus-MFB/biomaGUNE MJ/Manosa and 2DG Male_Proyecto 1422/Raw data/Microscopio/Microscopio-biodonostia/2024_10_24__4476.czi,
ACQ-20241024-XMIC-016,X02,drive3_MJesus-MFB,Microscopio\Microscopio biodonostia\0522 Biodonostia\2024_10_24__4477.czi,,,d73ca375fbef893393dffe4b89053502e3ed0bc085d01f97616b2489c9b7fed2,Y,,
ACQ-20241024-XMIC-017,X02,drive3_MJesus-MFB,Microscopio\Microscopio biodonostia\0522 Biodonostia\2024_10_24__4478.czi,,,5b6c30c9e13c609fc67f91894e843f388b3d54e95cbf59b9cbf66ed454d374e4,Y,drive3_MJesus-MFB/biomaGUNE MJ/Manosa and 2DG Male_Proyecto 1422/Raw data/Microscopio/Microscopio-biodonostia/2024_10_24__4478.czi,
ACQ-20241024-XMIC-018,X02,drive3_MJesus-MFB,Microscopio\Microscopio biodonostia\0522 Biodonostia\2024_10_24__4479.czi,,,d798fb15423a3ac9c7f2465f80fb34979c9f1f53f4f7bda9e3077410371a4aa4,Y,drive3_MJesus-MFB/biomaGUNE MJ/Manosa and 2DG Male_Proyecto 1422/Raw data/Microscopio/Microscopio-biodonostia/2024_10_24__4479.czi,
ACQ-20241024-XMIC-019,X02,drive3_MJesus-MFB,Microscopio\Microscopio biodonostia\0522 Biodonostia\2024_10_24__4480.czi,,,6803f88d00ca66af008b744b43d9a14c188c06e4a7c319449e11ef1979d20089,Y,drive3_MJesus-MFB/biomaGUNE MJ/Manosa and 2DG Male_Proyecto 1422/Raw data/Microscopio/Microscopio-biodonostia/2024_10_24__4480.czi,
ACQ-20241024-XMIC-020,X02,drive3_MJesus-MFB,Microscopio\Microscopio biodonostia\0522 Biodonostia\2024_10_24__4481.czi,,,83810dc8773e7639abca3d5550b632bc6b3099927a8bbf7a245a5da14607b065,Y,drive3_MJesus-MFB/biomaGUNE MJ/Manosa and 2DG Male_Proyecto 1422/Raw data/Microscopio/Microscopio-biodonostia/2024_10_24__4481.czi,
ACQ-20241024-XMIC-021,X02,drive3_MJesus-MFB,Microscopio\Microscopio biodonostia\0522 Biodonostia\2024_10_24__4482.czi,,,72e5fd99a8e4b5ab7f76eecfade88d4e48a5fda41270af7420f39c9c85a1583c,Y,drive3_MJesus-MFB/biomaGUNE MJ/Manosa and 2DG Male_Proyecto 1422/Raw data/Microscopio/Microscopio-biodonostia/2024_10_24__4482.czi,
ACQ-20241025-XMIC-001,X01,drive3_MJesus-MFB,Microscopio\Microscopio biodonostia\0522 Biodonostia\2024_10_24__4469-1.czi,,,ecb677d9ad532cc90f7147cf5315473e4be4977f0d8d42139620f6215475d555,Y,drive3_MJesus-MFB/biomaGUNE MJ/Manosa and 2DG Male_Proyecto 1422/Raw data/Microscopio/Microscopio-biodonostia/2024_10_24__4469-1.czi,
ACQ-20241025-XMIC-002,X02,drive3_MJesus-MFB,Microscopio\Microscopio biodonostia\0522 Biodonostia\2024_10_24__4466-1.czi,,,60ec91791947e0a006fad97c4d897d20ddc86826c04986e54c079d7fea392221,Y,,
ACQ-20241025-XMIC-003,X02,drive3_MJesus-MFB,Microscopio\Microscopio biodonostia\0522 Biodonostia\2024_10_24__4467-1.czi,,,8243d73463379cd2bdcf1462bae8b4744befde5b9f1a1501fe905c9189c4b876,Y,drive3_MJesus-MFB/biomaGUNE MJ/Manosa and 2DG Male_Proyecto 1422/Raw data/Microscopio/Microscopio-biodonostia/2024_10_24__4467-1.czi,
ACQ-20241025-XMIC-004,X02,drive3_MJesus-MFB,Microscopio\Microscopio biodonostia\0522 Biodonostia\2024_10_24__4477-1.czi,,,9f4f8f332e4b2d2b009e7564d60b75d47e8b3d847013749d8545fcf2586b5a26,Y,drive3_MJesus-MFB/biomaGUNE MJ/Manosa and 2DG Male_Proyecto 1422/Raw data/Microscopio/Microscopio-biodonostia/2024_10_24__4477-1.czi,
ACQ-20241111-XMIC-001,X01,drive3_MJesus-MFB,Microscopio\Microscopio biodonostia\BIOMAGUNE\2024_11_11__4569.czi,,,daab1680e6b98c9f4c5378dbd3753233ce5e1202d1fa3382a3ddec78cec2a253,Y,,
ACQ-20241111-XMIC-002,X01,drive3_MJesus-MFB,Microscopio\Microscopio biodonostia\BIOMAGUNE\2024_11_11__4586.czi,,,580f6d8275ead8abffafe21cce82b8aaa5fb7c98ca95a374e41e6986632980c7,Y,,
ACQ-20241111-XMIC-003,X01,drive3_MJesus-MFB,Microscopio\Microscopio biodonostia\BIOMAGUNE\2024_11_11__4590.czi,,,a586d6e607a45a5e9740eff3303094e3fe0799ee4d354ca3fd51454b58008a4f,Y,,
ACQ-20241111-XMIC-004,X02,drive3_MJesus-MFB,Microscopio\Microscopio biodonostia\BIOMAGUNE\2024_11_11__4566.czi,,,b048af192899603cb841e315f02c1363c975ed8b0652dd5007644a56b2b35ca2,Y,,
ACQ-20241111-XMIC-005,X02,drive3_MJesus-MFB,Microscopio\Microscopio biodonostia\BIOMAGUNE\2024_11_11__4567.czi,,,be2cd6870c3c0dc08de201dbfada25d06012494adcc29d9320b3e9da0353c226,Y,,
ACQ-20241111-XMIC-006,X02,drive3_MJesus-MFB,Microscopio\Microscopio biodonostia\BIOMAGUNE\2024_11_11__4568.czi,,,f5a47d2a09300d88e3b68cc1c9a0f00fb2a02166ae2558ff7539ead5c65b58a3,Y,,
ACQ-20241111-XMIC-007,X02,drive3_MJesus-MFB,Microscopio\Microscopio biodonostia\BIOMAGUNE\2024_11_11__4570.czi,,,0fca4aee82bf5a32cfb8f30044ff1e39d574357e5dd9133488955831bb7e5118,Y,,
ACQ-20241111-XMIC-008,X02,drive3_MJesus-MFB,Microscopio\Microscopio biodonostia\BIOMAGUNE\2024_11_11__4571.czi,,,35faa6a9cbcda09a2a456d62c288dc5a2fda7076d16467275943cf9cdd9276b5,Y,,
ACQ-20241111-XMIC-009,X02,drive3_MJesus-MFB,Microscopio\Microscopio biodonostia\BIOMAGUNE\2024_11_11__4582.czi,,,85c82a4608b6aad454c8ad4f1255d56b2d5688cff00f3cc49fa08b6679c21093,Y,,
ACQ-20241111-XMIC-010,X02,drive3_MJesus-MFB,Microscopio\Microscopio biodonostia\BIOMAGUNE\2024_11_11__4583.czi,,,c16bd896b3b2e12d5a8c993edcc3367672a970bb71100679f2409f96452a1e6d,Y,,
ACQ-20241111-XMIC-011,X02,drive3_MJesus-MFB,Microscopio\Microscopio biodonostia\BIOMAGUNE\2024_11_11__4584.czi,,,5fb012a413f236c36429b3e7f126579df69cb940e6d65c04bfc0ece82f912a9b,Y,,
ACQ-20241111-XMIC-012,X02,drive3_MJesus-MFB,Microscopio\Microscopio biodonostia\BIOMAGUNE\2024_11_11__4585.czi,,,6dd3b8de7841dadbd2af596ae21f93edaf10e6bb44d68fa5e0a620526047d0d6,Y,,
ACQ-20241111-XMIC-013,X02,drive3_MJesus-MFB,Microscopio\Microscopio biodonostia\BIOMAGUNE\2024_11_11__4592.czi,,,81f0aa905f5643027a5d4fc4a91ef61e5740d024b798adf10cad19be3df95bd5,Y,,
ACQ-20241111-XMIC-014,X03,drive3_MJesus-MFB,Microscopio\Microscopio biodonostia\BIOMAGUNE\2024_11_11__4587.czi,,,67d84e25bfcdb5242aff9cb233054f570d8b53521159174b6a99e871e7e0d018,Y,,
ACQ-20241111-XMIC-015,X03,drive3_MJesus-MFB,Microscopio\Microscopio biodonostia\BIOMAGUNE\2024_11_11__4588.czi,,,405b339c18c70f22ca92c71a94ec09847ac8a7849072241e6d8b2e16aa5922d3,Y,,
ACQ-20241111-XMIC-016,X03,drive3_MJesus-MFB,Microscopio\Microscopio biodonostia\BIOMAGUNE\2024_11_11__4589.czi,,,498d1fbc2f71bf2f58d06e175d277484627081fa16ba34037074d59f0df094ef,Y,,
ACQ-20241111-XMIC-017,X03,drive3_MJesus-MFB,Microscopio\Microscopio biodonostia\BIOMAGUNE\2024_11_11__4591.czi,,,ae2856551aed2636da7e5e5a1d4a5fec5acd7d6673826fe992b94ae05b7c87da,Y,,
ACQ-20250214-XMIC-001,X01,drive3_MJesus-MFB,Microscopio\Histologia_ratones_viejos\HE\ID13_0424_H+L 1.czi,,,efde8d8937e4aa7d7436d772d17ccf27dd97946fe6783b3aa284cc332a817a74,Y,drive3_MJesus-MFB/Microscopio/Microscopio biodonostia/escaner/H&E/2025_02_14__5240.czi,
ACQ-20250214-XMIC-002,X02,drive3_MJesus-MFB,Microscopio\Histologia_ratones_viejos\HE\ID10_0424_H+L 1.czi,,,78030d41477840d25f757d4b9e5a41005c092b35912146c4ebd3938aaba3442a,Y,drive3_MJesus-MFB/Microscopio/Microscopio biodonostia/escaner/H&E/2025_02_14__5238.czi,
ACQ-20250214-XMIC-003,X02,drive3_MJesus-MFB,Microscopio\Histologia_ratones_viejos\HE\ID12_0424_H+L 1.czi,,,961f22fe02986d55b0eb3c47efda4bba8b9252b596c8bf05e09a375b53635a2d,Y,,
ACQ-20250214-XMIC-004,X02,drive3_MJesus-MFB,Microscopio\Histologia_ratones_viejos\HE\ID14_0424_L 1.czi,,,3f8412252fbfae11bfaa8b31bca13fe1d156b9ec77db7270e0d9cd3e5a879ad4,Y,drive3_MJesus-MFB/Microscopio/Microscopio biodonostia/escaner/H&E/2025_02_14__5241.czi,
ACQ-20250214-XMIC-005,X02,drive3_MJesus-MFB,Microscopio\Histologia_ratones_viejos\HE\ID160_1019 II 1.czi,,,9df0d313abf3e50f38908a8f300e1bb31c4f33e485fa142cc9e7edae14edb2fe,Y,drive3_MJesus-MFB/Microscopio/Microscopio biodonostia/escaner/H&E/2025_02_14__5242.czi,
ACQ-20250214-XMIC-006,X02,drive3_MJesus-MFB,Microscopio\Histologia_ratones_viejos\HE\ID161_1019_II 1.czi,,,6c05c5e70ad5ae1c431c545b7fb2764e0cea27cbb2cea94d56004bb746d471ed,Y,drive3_MJesus-MFB/Microscopio/Microscopio biodonostia/escaner/H&E/2025_02_14__5243.czi,
ACQ-20250214-XMIC-007,X02,drive3_MJesus-MFB,Microscopio\Histologia_ratones_viejos\HE\ID162_1019II 1.czi,,,ef605fd87c520db549a80fdaa4431a1686f1372efed245ac3f9fa3979dd67c26,Y,drive3_MJesus-MFB/Microscopio/Microscopio biodonostia/escaner/H&E/2025_02_14__5244.czi,
ACQ-20250214-XMIC-008,X02,drive3_MJesus-MFB,Microscopio\Histologia_ratones_viejos\HE\ID167_1019_II 1.czi,,,20df7c11827bf03fc71dcfa7b70a29789de5a78e1ee708e140f363b5a7e8e74d,Y,drive3_MJesus-MFB/Microscopio/Microscopio biodonostia/escaner/H&E/2025_02_14__5245.czi,
ACQ-20250214-XMIC-009,X02,drive3_MJesus-MFB,Microscopio\Histologia_ratones_viejos\HE\ID168_1019_II 1.czi,,,d50f421aafd85f65d815f4f07ee7312c10bc6a4440d7bcbb5ec1586024edc983,Y,drive3_MJesus-MFB/Microscopio/Microscopio biodonostia/escaner/H&E/2025_02_14__5246.czi,
ACQ-20250214-XMIC-010,X02,drive3_MJesus-MFB,Microscopio\Histologia_ratones_viejos\HE\ID169_1019_II 1.czi,,,71aa905e55bf466b39be8c9de375bf15e3e7c0951c5dd91e26920e00f78726ab,Y,drive3_MJesus-MFB/Microscopio/Microscopio biodonostia/escaner/H&E/2025_02_14__5247.czi,
ACQ-20250214-XMIC-011,X02,drive3_MJesus-MFB,Microscopio\Histologia_ratones_viejos\HE\ID1_0424_H+L.czi,,,a0c1598c9c6a8c91298b71e5619284121190a8bfaa3d41a537ae80b9c7478a2a,Y,drive3_MJesus-MFB/Microscopio/Histologia_ratones_viejos/HE/2025_02_14__5234.czi,
ACQ-20250214-XMIC-012,X02,drive3_MJesus-MFB,Microscopio\Histologia_ratones_viejos\HE\ID2_0424_H+L 1.czi,,,60db60e5178acf8de72ed186f8e2e794822b37b828a2d80e8957ea05b5b86d9f,Y,,
ACQ-20250214-XMIC-013,X02,drive3_MJesus-MFB,Microscopio\Histologia_ratones_viejos\HE\ID3_0424_H+L 1.czi,,,379468ef1661f38a02141357f1c22c27a819ede205d3020067a76ed0a7d182ec,Y,drive3_MJesus-MFB/Microscopio/Microscopio biodonostia/escaner/H&E/2025_02_14__5236.czi,
ACQ-20250214-XMIC-014,X02,drive3_MJesus-MFB,Microscopio\Histologia_ratones_viejos\HE\ID4_0424_H+L 1.czi,,,8cfe2f1aaba79c8e293f97d3190fdda16fd4fa0cb7dc1196ff3147b681aa1c48,Y,drive3_MJesus-MFB/Microscopio/Microscopio biodonostia/escaner/H&E/2025_02_14__5237.czi,
ACQ-20250218-XMIC-001,X01,drive3_MJesus-MFB,Microscopio\Histologia_ratones_viejos\Tricrómico\ID167 II 2.czi,,,6ec2a3d5f9134aab9be435197998852920ee753517347fc35082c690ae9b04ba,Y,,
ACQ-20250218-XMIC-002,X02,drive3_MJesus-MFB,Microscopio\Histologia_ratones_viejos\SR\ID1 H + L 3.czi,,,c1d198f369ab713ec76e01f6f6fc3a39ddf0c715a419a9f9cf89c3c6adbddf60,Y,drive3_MJesus-MFB/Microscopio/Microscopio biodonostia/escaner/PR/2025_02_17__5254.czi,
ACQ-20250218-XMIC-003,X02,drive3_MJesus-MFB,Microscopio\Histologia_ratones_viejos\SR\ID10 H + L 3.czi,,,fdce2fefaab19883785ac541165ec05c40dac7f89a928674a7565b9a9d154d84,Y,,
ACQ-20250218-XMIC-004,X02,drive3_MJesus-MFB,Microscopio\Histologia_ratones_viejos\SR\ID12 H + L 3.czi,,,9fe23e43d24e2f2638b51b2cc6e81912b0a4153a5d76c975cb2a0f522dfe9e14,Y,drive3_MJesus-MFB/Microscopio/Microscopio biodonostia/escaner/PR/2025_02_17__5259.czi,
ACQ-20250218-XMIC-005,X02,drive3_MJesus-MFB,Microscopio\Histologia_ratones_viejos\SR\ID14 H + L 3.czi,,,2586666e7f9ccd16d2f7942e4db5db7c4d9a681241a58fb22c00de48ac941916,Y,drive3_MJesus-MFB/Microscopio/Microscopio biodonostia/escaner/PR/2025_02_17__5260.czi,
ACQ-20250218-XMIC-006,X02,drive3_MJesus-MFB,Microscopio\Histologia_ratones_viejos\SR\ID167 II 3.czi,,,1ee21403b8c38e7c5565341ba53fefbfab589b2be7f210120fc4e64476e9244c,Y,drive3_MJesus-MFB/Microscopio/Microscopio biodonostia/escaner/PR/2025_02_17__5251.czi,
ACQ-20250218-XMIC-007,X02,drive3_MJesus-MFB,Microscopio\Histologia_ratones_viejos\SR\ID168 II 3.czi,,,b10cd5d59c1aef1d14efff55350ed134eb2695bad67f3c4ca959455e4b1f4d99,Y,drive3_MJesus-MFB/Microscopio/Microscopio biodonostia/escaner/PR/2025_02_17__5252.czi,
ACQ-20250218-XMIC-008,X02,drive3_MJesus-MFB,Microscopio\Histologia_ratones_viejos\SR\ID169 II 3.czi,,,e1cf4da5ae0d549a4ed375e182290a65b7325fcb3dd6eb752e67b6c713a07269,Y,,
ACQ-20250218-XMIC-009,X02,drive3_MJesus-MFB,Microscopio\Histologia_ratones_viejos\SR\ID2 H + L 3.czi,,,cc2f3a9b9ae321bbd1c68928236701b57cbaf5982e2e44e59972b4d980a43d84,Y,drive3_MJesus-MFB/Microscopio/Microscopio biodonostia/escaner/PR/2025_02_17__5255.czi,
ACQ-20250218-XMIC-010,X02,drive3_MJesus-MFB,Microscopio\Histologia_ratones_viejos\SR\ID3 H + L 3.czi,,,140f5c9412ab112cd5f9217d089676a2d1fac0bf3db5d4752c7c0e35e3c9263d,Y,drive3_MJesus-MFB/Microscopio/Microscopio biodonostia/escaner/PR/2025_02_17__5256.czi,
ACQ-20250218-XMIC-011,X02,drive3_MJesus-MFB,Microscopio\Histologia_ratones_viejos\SR\ID4 H + L 3.czi,,,bbce8d74a615df9105c3111de57da20ec3ae7bee8c860e8dc9255821eb61c459,Y,drive3_MJesus-MFB/Microscopio/Microscopio biodonostia/escaner/PR/2025_02_17__5257.czi,
ACQ-20250218-XMIC-012,X02,drive3_MJesus-MFB,Microscopio\Histologia_ratones_viejos\Tricrómico\ID160 II 2.czi,,,84645c7da9c5150dc56b6ab1b3a0c42afc658c695200a4781026f875ddf92f15,Y,,
ACQ-20250218-XMIC-013,X02,drive3_MJesus-MFB,Microscopio\Histologia_ratones_viejos\Tricrómico\ID161 II 2.czi,,,bbf00ac0852e974f87882ad6bf80a6c2fb08f7403e98b66b458311dbcb9e68aa,Y,drive3_MJesus-MFB/Microscopio/Microscopio biodonostia/escaner/Masson/2025_02_17__5262.czi,
ACQ-20250218-XMIC-014,X02,drive3_MJesus-MFB,Microscopio\Histologia_ratones_viejos\Tricrómico\ID162 II 2.czi,,,aa5ca49069e32af52198876367cddd277cb4e84c159f35ad93a4e65652233c94,Y,drive3_MJesus-MFB/Microscopio/Microscopio biodonostia/escaner/Masson/2025_02_17__5263.czi,
ACQ-20250218-XMIC-015,X02,drive3_MJesus-MFB,Microscopio\Histologia_ratones_viejos\Tricrómico\ID168 II 2.czi,,,6a0d7b5c10877ac4f7f72aeb2eb9833baa5476e7a0510382757b443bed486a8e,Y,,
ACQ-20250218-XMIC-016,X02,drive3_MJesus-MFB,Microscopio\Histologia_ratones_viejos\Tricrómico\ID169 II 2.czi,,,6f6cdaa821b9307033aea3703ad299e9c806552ba0c919be868c0bee30ab7680,Y,drive3_MJesus-MFB/Microscopio/Microscopio biodonostia/escaner/Masson/2025_02_17__5266.czi,
ACQ-20250218-XMIC-017,X02,drive3_MJesus-MFB,Microscopio\Histologia_ratones_viejos\Tricrómico\ID1_0424_H+L 2.czi,,,1ad5ec3e2e0253e44db4bf509dd5ab76d9993e9e47baec915dd41bbab288ce80,Y,,
ACQ-20250218-XMIC-018,X02,drive3_MJesus-MFB,Microscopio\Histologia_ratones_viejos\Tricrómico\ID2_0424_H+L 2.czi,,,752f6ba4d5e572a5e54cc4aedbbee76a90a0b8c80a502dc69ee0b3b358f5b945,Y,drive3_MJesus-MFB/Microscopio/Microscopio biodonostia/escaner/Masson/2025_02_17__5268.czi,
ACQ-20250218-XMIC-019,X03,drive3_MJesus-MFB,Microscopio\Histologia_ratones_viejos\SR\ID160 II 3.czi,,,339787e5a9591651f361a384a6325fc5209e0f934b15c3e32ccae5eade0303ed,Y,drive3_MJesus-MFB/Microscopio/Microscopio biodonostia/escaner/PR/2025_02_17__5248.czi,
ACQ-20250218-XMIC-020,X03,drive3_MJesus-MFB,Microscopio\Histologia_ratones_viejos\SR\ID161 II 3.czi,,,cb246f9453986eec6b3950dee8b68e340171ba3141843287b1a5a2cec9d5cc73,Y,drive3_MJesus-MFB/Microscopio/Microscopio biodonostia/escaner/PR/2025_02_17__5249.czi,
ACQ-20250218-XMIC-021,X03,drive3_MJesus-MFB,Microscopio\Histologia_ratones_viejos\SR\ID162 II 3.czi,,,e8160f3245550af2d6ba5511478b66fcc1af7295d2daa62629a534599ba1f283,Y,drive3_MJesus-MFB/Microscopio/Microscopio biodonostia/escaner/PR/2025_02_17__5250.czi,
ACQ-20250219-XMIC-001,X02,drive3_MJesus-MFB,Microscopio\Histologia_ratones_viejos\Tricrómico\ID10_0424_H+L 2.czi,,,884899ebf84af0410ccb86888d6781b0e2b9ed73bcb19eb4ae44ace5fcf31f8e,Y,,
ACQ-20250219-XMIC-002,X02,drive3_MJesus-MFB,Microscopio\Histologia_ratones_viejos\Tricrómico\ID12_0424_H+L 2.czi,,,d02725414c9b21dcec142cd4853110b67da024ecf387b547bfc800b55d733f7b,Y,,
ACQ-20250219-XMIC-003,X02,drive3_MJesus-MFB,Microscopio\Histologia_ratones_viejos\Tricrómico\ID13_0424_H+L 2.czi,,,b934b5fd2e0b1c7ee3db6f9de357f06a7546d9b6952b6465ba145bda1c0d9fa9,Y,drive3_MJesus-MFB/Microscopio/Microscopio biodonostia/escaner/Masson/2025_02_17__5273.czi,
ACQ-20250219-XMIC-004,X02,drive3_MJesus-MFB,Microscopio\Histologia_ratones_viejos\Tricrómico\ID14_0424_H+L 2.czi,,,8c341666c3ece8458c9986029226db23a68a091fb98a392891da73a439dae780,Y,drive3_MJesus-MFB/Microscopio/Microscopio biodonostia/escaner/Masson/2025_02_17__5274.czi,
ACQ-20250219-XMIC-005,X02,drive3_MJesus-MFB,Microscopio\Histologia_ratones_viejos\Tricrómico\ID3_0424_H+L 2.czi,,,c4afdc0235f75f697d5ee20c99947dd337b0da784f16d8c9409d4b4f85320f59,Y,,
ACQ-20250219-XMIC-006,X02,drive3_MJesus-MFB,Microscopio\Histologia_ratones_viejos\Tricrómico\ID4_0424_H+L 2.czi,,,66c8a87ac70dc6ea74612e89c46852f745ee189b87d18413d36f6b6bdea601ad,Y,,
