sha256,instrument,size,original_name,drive,relpath,class,why,evidence,parent_sha256,parent_acq_id,parent_original_name,parent_project,own_claim_project,destination_project,destination_note,acquisition_datetime
6d96d464474f59d455e9d63770d69f4c431002df5c503a5662d6880243b35a6e,CELL,8972256,drive3_MJesus-MFB/Microscopio/Microscopio- MJesus Sanchez 2023/Female Diets/2-2DG female 0619/4- 2DG female 0619- Ki67 and SMA/160/ID160ki67sma20x-220929-6.czi,D3,Microscopio\Microscopio- MJesus Sanchez 2023\Female Diets\2-2DG female 0619\4- 2DG female 0619- Ki67 and SMA\160\ID160ki67sma20x-220929-6.czi,identical re-save,"identical re-save of ID160ki67sma20x-220929-5.czi (pixel-identical, another name)",3/3 tiles byte-identical to tiles of ID160ki67sma20x-220929-5.czi,0aa4b19de5bf43cc6f12c76088b311dbfc1f35b4813a062da8bb62cf278e1422,,drive3_MJesus-MFB/Microscopio/Microscopio- MJesus Sanchez 2023/Female Diets/2-2DG female 0619/4- 2DG female 0619- Ki67 and SMA/160/ID160ki67sma20x-220929-5.czi,AE-biomaGUNE-0619,AE-biomaGUNE-0619,AE-biomaGUNE-0619,the original's project,2022-09-29T08:23:28.6178377Z
0ee4700bddc9bb89162681b645e4deaab3e4bacc04b7bdc593f2e79fb9545c88,CELL,8951488,drive3_MJesus-MFB/Microscopio/Microscopio- MJesus Sanchez 2023/Female Diets/2-2DG female 0619/4- 2DG female 0619- Ki67 and SMA/161/ID161ki67sma20x-220929-2.czi,D3,Microscopio\Microscopio- MJesus Sanchez 2023\Female Diets\2-2DG female 0619\4- 2DG female 0619- Ki67 and SMA\161\ID161ki67sma20x-220929-2.czi,identical re-save,"identical re-save of ID161ki67sma20x-220929-2 - Copy.czi (pixel-identical, another name)",3/3 tiles byte-identical to tiles of ID161ki67sma20x-220929-2 - Copy.czi,a925a2c301b8cbd335e36e3062c0fa71c0665cfd4eba7b3500f7b7c6b05f7557,,drive3_MJesus-MFB/Microscopio/Microscopio- MJesus Sanchez 2023/Female Diets/2-2DG female 0619/4- 2DG female 0619- Ki67 and SMA/ID161ki67sma20x-220929-2 - Copy.czi,AE-biomaGUNE-0619,AE-biomaGUNE-0619,AE-biomaGUNE-0619,the original's project,2022-09-29T08:36:03.5590179Z
71dddcb9aa3da8babae293c3bdf100ec8fc1a7908b982061ec64a21402d7ac9e,CELL,4227008,drive3_MJesus-MFB/Microscopio/Microscopio- MJesus Sanchez 2023/Machos vs Hembras/Masson/ID75-Masson-LV-ROI-20x.czi,D3,Microscopio\Microscopio- MJesus Sanchez 2023\Machos vs Hembras\Masson\ID75-Masson-LV-ROI-20x.czi,export: crop,export: crop of ID 75 RV 20X masson.czi,"1/1 tiles are byte-exact sub-rectangles of tiles of ID 75 RV 20X masson.czi, one offset (90, 955)",13e114e56133d4dd3bb10ceceebe3fd2f5c11484676d01c492bf2f4edae2bc8e,,drive3_MJesus-MFB/Microscopio/Microscopio- MJesus Sanchez 2023/Machos vs Hembras/heart- Masson and HE/ID 75 RV 20X masson.czi,,,,the original has no project: the holding folder,2023-02-14T15:32:50.7696416Z
416d403eaec65043a0f2d3380727048f83f4b269a2131c0a8025896751f1c45c,CELL,4229600,drive3_MJesus-MFB/Microscopio/Microscopio- MJesus Sanchez 2023/Machos vs Hembras/Masson/ID75-Masson-RV-ROI-20x.czi,D3,Microscopio\Microscopio- MJesus Sanchez 2023\Machos vs Hembras\Masson\ID75-Masson-RV-ROI-20x.czi,export: crop,export: crop of ID 75 LV 20X masson.czi,"1/1 tiles are byte-exact sub-rectangles of tiles of ID 75 LV 20X masson.czi, one offset (1160, 783)",5410dd27c392c65e8192db180cbd9d8c1b08ee5387534fb96dceb5089459cfa5,,drive3_MJesus-MFB/Microscopio/Microscopio- MJesus Sanchez 2023/Machos vs Hembras/heart- Masson and HE/ID 75 LV 20X masson.czi,,,,the original has no project: the holding folder,2023-02-14T15:33:38.0093435Z
746ecb5bd322eaa9d595f3833437baeb50bda47ffc7a07ae3e5a64011ec2be90,CELL,30935136,drive3_MJesus-MFB/Microscopio/Microscopio- MJesus Sanchez 2023/Machos vs Hembras/heart- Masson and HE/Masson/ID 75 LV 20X masson.czi,D3,Microscopio\Microscopio- MJesus Sanchez 2023\Machos vs Hembras\heart- Masson and HE\Masson\ID 75 LV 20X masson.czi,scale-bar copy,"a scale-bar copy of ID 75 LV 20X masson.czi under the same name (pixel-identical, an annotation layer added): the project folder",1/1 tiles byte-identical to tiles of ID 75 LV 20X masson.czi,5410dd27c392c65e8192db180cbd9d8c1b08ee5387534fb96dceb5089459cfa5,,drive3_MJesus-MFB/Microscopio/Microscopio- MJesus Sanchez 2023/Machos vs Hembras/heart- Masson and HE/ID 75 LV 20X masson.czi,,,,the original has no project: the holding folder,2023-02-14T15:33:38.0093435Z
b60f5ba59afc22f6665c9eb3f659cea02d21f8601121073a6600640d004e137a,CELL,347261280,drive3_MJesus-MFB/Microscopio/Microscopio- MJesus Sanchez 2023/Machos vs Hembras/heart- Masson and HE/ID 75 10X ROI Masson.czi,D3,Microscopio\Microscopio- MJesus Sanchez 2023\Machos vs Hembras\heart- Masson and HE\ID 75 10X ROI Masson.czi,export: crop,export: crop of ID 75 10X Masson.czi,"20/20 tiles are byte-exact sub-rectangles of tiles of ID 75 10X Masson.czi, one offset (1119, 1364)",e1a50bdfed6da1b1734ac251046509d5c58a4a2c1c996679186c6aaeed995f56,,drive3_MJesus-MFB/Microscopio/Microscopio- MJesus Sanchez 2023/Machos vs Hembras/heart- Masson and HE/ID 75 10X Masson.czi,,,,the original has no project: the holding folder,2023-02-14T15:36:08.1149291Z
8b94c377d0727acc2659366628a9f733426494dfe822b240a822c40cf6e7eb05,CELL,301754144,drive3_MJesus-MFB/Microscopio/Microscopio- MJesus Sanchez 2023/Machos vs Hembras/heart- Masson and HE/ID 113 10X ROI Masson.czi,D3,Microscopio\Microscopio- MJesus Sanchez 2023\Machos vs Hembras\heart- Masson and HE\ID 113 10X ROI Masson.czi,export: crop,export: crop of ID 113 10X Masson.czi,"16/16 tiles are byte-exact sub-rectangles of tiles of ID 113 10X Masson.czi, one offset (1317, 1364)",61d9308b6e4dbbb928d46f175e94d6a2298ce3eafb521644beda6bcb4392f4d1,,drive3_MJesus-MFB/Microscopio/Microscopio- MJesus Sanchez 2023/Machos vs Hembras/heart- Masson and HE/ID 113 10X Masson.czi,,,,the original has no project: the holding folder,2023-02-14T15:49:24.5914849Z
6eb38a3d22179d697d9ede6a06f3555cf01f74566d6152bf9cc1a758b2d0fd0f,CELL,261269856,drive3_MJesus-MFB/Microscopio/Microscopio- MJesus Sanchez 2023/Machos vs Hembras/heart- Masson and HE/ID 207 10X ROI Masson.czi,D3,Microscopio\Microscopio- MJesus Sanchez 2023\Machos vs Hembras\heart- Masson and HE\ID 207 10X ROI Masson.czi,export: crop,export: crop of ID 207 10X Masson.czi,"16/16 tiles are byte-exact sub-rectangles of tiles of ID 207 10X Masson.czi, one offset (1742, 676)",cefeb1541ef4d303fec548e8e9dacf585e497dd480451487246281f5e609e6af,,drive3_MJesus-MFB/Microscopio/Microscopio- MJesus Sanchez 2023/Machos vs Hembras/heart- Masson and HE/ID 207 10X Masson.czi,,,,the original has no project: the holding folder,2023-02-14T15:57:00.1025387Z
4339ae9713890fa71c5d55239cd5a28903f5d606ce087d024e2a40ca6da7e28e,CELL,4232288,drive3_MJesus-MFB/Microscopio/Microscopio- MJesus Sanchez 2023/Machos vs Hembras/heart- Masson and HE/ID 207 10X ROI LV Masson.czi,D3,Microscopio\Microscopio- MJesus Sanchez 2023\Machos vs Hembras\heart- Masson and HE\ID 207 10X ROI LV Masson.czi,export: crop,export: crop of ID 207 LV 20X Masson.czi,"1/1 tiles are byte-exact sub-rectangles of tiles of ID 207 LV 20X Masson.czi, one offset (202, 262)",a159089553b065ba0758dc8c2873a27125349433af1b554e1b25a85e13b9ad81,,drive3_MJesus-MFB/Microscopio/Microscopio- MJesus Sanchez 2023/Machos vs Hembras/heart- Masson and HE/ID 207 LV 20X Masson.czi,,,,the original has no project: the holding folder,2023-02-14T15:59:22.3386741Z
9d268b78da745283cda605155d53dd54db57212e75a1f74095a431c4f72f0576,CELL,4229760,drive3_MJesus-MFB/Microscopio/Microscopio- MJesus Sanchez 2023/Machos vs Hembras/heart- Masson and HE/ID 207 10X ROI RV Masson.czi,D3,Microscopio\Microscopio- MJesus Sanchez 2023\Machos vs Hembras\heart- Masson and HE\ID 207 10X ROI RV Masson.czi,export: crop,export: crop of ID 207 RV 20X Masson.czi,"1/1 tiles are byte-exact sub-rectangles of tiles of ID 207 RV 20X Masson.czi, one offset (676, 779)",7f39ff32684fb37a4ad3e0520a05ae45b7fe520e421cc93098d2d578c6cb9871,,drive3_MJesus-MFB/Microscopio/Microscopio- MJesus Sanchez 2023/Machos vs Hembras/heart- Masson and HE/ID 207 RV 20X Masson.czi,,,,the original has no project: the holding folder,2023-02-14T15:59:51.6783522Z
f5a014de36de5deaa4a818f7510c088919051d7edb312412413db1c62e872630,CELL,386167904,drive3_MJesus-MFB/Microscopio/Microscopio- MJesus Sanchez 2023/Machos vs Hembras/heart- Masson and HE/ID 203 10X Masson ROI.czi,D3,Microscopio\Microscopio- MJesus Sanchez 2023\Machos vs Hembras\heart- Masson and HE\ID 203 10X Masson ROI.czi,export: crop,export: crop of ID 203 10X Masson.czi,"16/16 tiles are byte-exact sub-rectangles of tiles of ID 203 10X Masson.czi, one offset (1668, 750)",2d9a421fe01a0e6d5df1a301b3a5ce18c84edf0f98a7639537b22c7ed84febf4,,drive3_MJesus-MFB/Microscopio/Microscopio- MJesus Sanchez 2023/Machos vs Hembras/heart- Masson and HE/ID 203 10X Masson.czi,,,,the original has no project: the holding folder,2023-02-14T16:13:32.1592811Z
0a03a58ea542b22439a947df930c7031edf302d292d5dcd3cce75cf77f9333b0,CELL,4225856,drive3_MJesus-MFB/Microscopio/Microscopio- MJesus Sanchez 2023/Machos vs Hembras/heart- Masson and HE/ID 203 ROI masson RV.czi,D3,Microscopio\Microscopio- MJesus Sanchez 2023\Machos vs Hembras\heart- Masson and HE\ID 203 ROI masson RV.czi,export: crop,export: crop of ID 203 RV 20X Masson.czi,"1/1 tiles are byte-exact sub-rectangles of tiles of ID 203 RV 20X Masson.czi, one offset (791, 258)",6bafcefe2e6f6c8dcc683e1e2375b76a679fed47d7798a0cac02950e6a9a82ce,,drive3_MJesus-MFB/Microscopio/Microscopio- MJesus Sanchez 2023/Machos vs Hembras/heart- Masson and HE/ID 203 RV 20X Masson.czi,,,,the original has no project: the holding folder,2023-02-14T16:16:18.566799Z
00591555e406227c18bfbc9237e79bb01cc1651fee1206b13b012c0fd7c596f2,CELL,4229120,drive3_MJesus-MFB/Microscopio/Microscopio- MJesus Sanchez 2023/Machos vs Hembras/heart- Masson and HE/ID 203 ROI masson LV.czi,D3,Microscopio\Microscopio- MJesus Sanchez 2023\Machos vs Hembras\heart- Masson and HE\ID 203 ROI masson LV.czi,export: crop,export: crop of ID 203 LV 20X Masson.czi,"1/1 tiles are byte-exact sub-rectangles of tiles of ID 203 LV 20X Masson.czi, one offset (679, 409)",38465269e2442abd4d12f6f0f994be6d6e9b2b1c0ca581b959153ce1c8a828a4,,drive3_MJesus-MFB/Microscopio/Microscopio- MJesus Sanchez 2023/Machos vs Hembras/heart- Masson and HE/ID 203 LV 20X Masson.czi,,,,the original has no project: the holding folder,2023-02-14T16:17:12.8249024Z
4dcf907b7cedc04ec70a230f3167651529d21e6765bd3486fd46f4e4857868c7,CELL,9464192,drive3_MJesus-MFB/Microscopio/Microscopio- MJesus Sanchez 2023/Machos vs Hembras/8oHDG Female and Male/ID 212-8OHDG-20X-1.czi,D3,Microscopio\Microscopio- MJesus Sanchez 2023\Machos vs Hembras\8oHDG Female and Male\ID 212-8OHDG-20X-1.czi,scale-bar copy,"a scale-bar copy of ID 212-8OHDG-20X-1.czi under the same name (pixel-identical, an annotation layer added): the project folder",3/3 tiles byte-identical to tiles of ID 212-8OHDG-20X-1.czi,b4b477d5eabcabf1e4fc23f36f746c5f1061e83b4f52d8d973da3078296a4fd9,,drive3_MJesus-MFB/Microscopio/Microscopio- MJesus Sanchez 2023/Machos vs Hembras/230426-8oHDG Females vs Male/ID 212-8OHDG-20X-1.czi,,,,the original has no project: the holding folder,2023-04-26T13:19:19.5828395Z
4ef1bfdb18a88e12b669158ca6fccb2e71679b71388596c3f6f99dfac853ca2a,CELL,9464640,drive3_MJesus-MFB/Microscopio/Microscopio- MJesus Sanchez 2023/Machos vs Hembras/8oHDG Female and Male/ID 212-8OHDG-20X-2.czi,D3,Microscopio\Microscopio- MJesus Sanchez 2023\Machos vs Hembras\8oHDG Female and Male\ID 212-8OHDG-20X-2.czi,scale-bar copy,"a scale-bar copy of ID 212-8OHDG-20X-2.czi under the same name (pixel-identical, an annotation layer added): the project folder",3/3 tiles byte-identical to tiles of ID 212-8OHDG-20X-2.czi,651aa84a0ce10e815b5c8a19fbc1c5e65cc0c391dd547b4c573cb8f1b12d6a5a,,drive3_MJesus-MFB/Microscopio/Microscopio- MJesus Sanchez 2023/Machos vs Hembras/230426-8oHDG Females vs Male/ID 212-8OHDG-20X-2.czi,,,,the original has no project: the holding folder,2023-04-26T13:20:56.5283844Z
7445f961a7666598297d8d67200c48b2e3c591058cd2d9434f99cd7200820b83,CELL,9466848,drive3_MJesus-MFB/Microscopio/Microscopio- MJesus Sanchez 2023/Machos vs Hembras/8oHDG Female and Male/ID 212-8OHDG-20X-3.czi,D3,Microscopio\Microscopio- MJesus Sanchez 2023\Machos vs Hembras\8oHDG Female and Male\ID 212-8OHDG-20X-3.czi,scale-bar copy,"a scale-bar copy of ID 212-8OHDG-20X-3.czi under the same name (pixel-identical, an annotation layer added): the project folder",3/3 tiles byte-identical to tiles of ID 212-8OHDG-20X-3.czi,aeb467d7b174e2ff107839bbd3e2461f07f8c681205d2b57a54f6a26285367a3,,drive3_MJesus-MFB/Microscopio/Microscopio- MJesus Sanchez 2023/Machos vs Hembras/230426-8oHDG Females vs Male/ID 212-8OHDG-20X-3.czi,,,,the original has no project: the holding folder,2023-04-26T13:22:17.1759972Z
c2739537bd0a9069f13fcef015e8fa5d8c5a923176c24d61d5525c022fcfb6e1,CELL,9464864,drive3_MJesus-MFB/Microscopio/Microscopio- MJesus Sanchez 2023/Machos vs Hembras/8oHDG Female and Male/ID 212-8OHDG-20X-Negative.czi,D3,Microscopio\Microscopio- MJesus Sanchez 2023\Machos vs Hembras\8oHDG Female and Male\ID 212-8OHDG-20X-Negative.czi,scale-bar copy,"a scale-bar copy of ID 212-8OHDG-20X-Negative.czi under the same name (pixel-identical, an annotation layer added): the project folder",3/3 tiles byte-identical to tiles of ID 212-8OHDG-20X-Negative.czi,76afad78cf8840366acd9656f5413a16301b5ab45e7d1148e4e46b105cf88c10,,drive3_MJesus-MFB/Microscopio/Microscopio- MJesus Sanchez 2023/Machos vs Hembras/230426-8oHDG Females vs Male/ID 212-8OHDG-20X-Negative.czi,,,,the original has no project: the holding folder,2023-04-26T13:27:24.0895517Z
cbc3a7737eb838a30b9350c0e6a0e37745ae8d363c730058387558bcd86c281e,CELL,9465120,drive3_MJesus-MFB/Microscopio/Microscopio- MJesus Sanchez 2023/Machos vs Hembras/8oHDG Female and Male/ID 204-8OHDG-20X-2.czi,D3,Microscopio\Microscopio- MJesus Sanchez 2023\Machos vs Hembras\8oHDG Female and Male\ID 204-8OHDG-20X-2.czi,scale-bar copy,"a scale-bar copy of ID 204-8OHDG-20X-2.czi under the same name (pixel-identical, an annotation layer added): the project folder",3/3 tiles byte-identical to tiles of ID 204-8OHDG-20X-2.czi,0501110a1960fd78b8807570461dfeba029030dda24c8364add3d57d601c1032,,drive3_MJesus-MFB/Microscopio/Microscopio- MJesus Sanchez 2023/Machos vs Hembras/230426-8oHDG Females vs Male/ID 204-8OHDG-20X-2.czi,,,,the original has no project: the holding folder,2023-04-26T13:34:53.5502594Z
d9e7d8f9e37008f644f12ded0d0e2a86ad317cc2d204aabb2351ba3eaa8f20c6,CELL,9464160,drive3_MJesus-MFB/Microscopio/Microscopio- MJesus Sanchez 2023/Machos vs Hembras/8oHDG Female and Male/ID 204-8OHDG-20X-3.czi,D3,Microscopio\Microscopio- MJesus Sanchez 2023\Machos vs Hembras\8oHDG Female and Male\ID 204-8OHDG-20X-3.czi,scale-bar copy,"a scale-bar copy of ID 204-8OHDG-20X-3.czi under the same name (pixel-identical, an annotation layer added): the project folder",3/3 tiles byte-identical to tiles of ID 204-8OHDG-20X-3.czi,556d41037f59fec14a428834bbd60ad4ec3320ae134b3b7b5caa423ae037fc36,,drive3_MJesus-MFB/Microscopio/Microscopio- MJesus Sanchez 2023/Machos vs Hembras/230426-8oHDG Females vs Male/ID 204-8OHDG-20X-3.czi,,,,the original has no project: the holding folder,2023-04-26T13:38:53.3319741Z
7a97a6696d64aefc79f89ca252a0bf89fc1538b4a2dd994928ec374150865cd8,CELL,9450912,drive3_MJesus-MFB/Microscopio/Microscopio- MJesus Sanchez 2023/Machos vs Hembras/8oHDG Female and Male/ID 204-8OHDG-20X-controlnegative.czi,D3,Microscopio\Microscopio- MJesus Sanchez 2023\Machos vs Hembras\8oHDG Female and Male\ID 204-8OHDG-20X-controlnegative.czi,scale-bar copy,"a scale-bar copy of ID 204-8OHDG-20X-controlnegative.czi under the same name (pixel-identical, an annotation layer added): the project folder",3/3 tiles byte-identical to tiles of ID 204-8OHDG-20X-controlnegative.czi,f84442b437925fc3a3f391a0f6f476eab0487d921f65f2bfd0fa9d32a64919d0,,drive3_MJesus-MFB/Microscopio/Microscopio- MJesus Sanchez 2023/Machos vs Hembras/230426-8oHDG Females vs Male/ID 204-8OHDG-20X-controlnegative.czi,,,,the original has no project: the holding folder,2023-04-26T13:43:33.8700199Z
525a529b3fa00765849df70fb46cc923e0c008cce97b548764d661da3e86235b,CELL,8942176,drive3_MJesus-MFB/Microscopio/Microscopio- MJesus Sanchez 2023/Machos vs Hembras/8oHDG Female and Male/ID 209-8OHDG-20X-1.czi,D3,Microscopio\Microscopio- MJesus Sanchez 2023\Machos vs Hembras\8oHDG Female and Male\ID 209-8OHDG-20X-1.czi,scale-bar copy,"a scale-bar copy of ID 209-8OHDG-20X-1.czi under the same name (pixel-identical, an annotation layer added): the project folder",3/3 tiles byte-identical to tiles of ID 209-8OHDG-20X-1.czi,531488402dbe23a2bdec95b91a6187b9f336ab9ecea498f7e8f861d51255f399,,drive3_MJesus-MFB/Microscopio/Microscopio- MJesus Sanchez 2023/Machos vs Hembras/230426-8oHDG Females vs Male/ID 209-8OHDG-20X-1.czi,,,,the original has no project: the holding folder,2023-04-26T13:52:46.104606Z
7202fb2b0a2811f4095a73fe0d905124690b7ef0b1109452278769a45ce60581,CELL,8941088,drive3_MJesus-MFB/Microscopio/Microscopio- MJesus Sanchez 2023/Machos vs Hembras/8oHDG Female and Male/ID 209-8OHDG-20X-2.czi,D3,Microscopio\Microscopio- MJesus Sanchez 2023\Machos vs Hembras\8oHDG Female and Male\ID 209-8OHDG-20X-2.czi,scale-bar copy,"a scale-bar copy of ID 209-8OHDG-20X-2.czi under the same name (pixel-identical, an annotation layer added): the project folder",3/3 tiles byte-identical to tiles of ID 209-8OHDG-20X-2.czi,f5a5df9c6772dd8cc14dd7a26fe23700e76d1dad889865ba1a63593366e75699,,drive3_MJesus-MFB/Microscopio/Microscopio- MJesus Sanchez 2023/Machos vs Hembras/230426-8oHDG Females vs Male/ID 209-8OHDG-20X-2.czi,,,,the original has no project: the holding folder,2023-04-26T13:54:33.3997429Z
f3d6374fa99f4dbf498793a1558ef14b0d5bc5670d5a199f53f99c97f62fc823,CELL,8946336,drive3_MJesus-MFB/Microscopio/Microscopio- MJesus Sanchez 2023/Machos vs Hembras/8oHDG Female and Male/ID 209-8OHDG-20X-3.czi,D3,Microscopio\Microscopio- MJesus Sanchez 2023\Machos vs Hembras\8oHDG Female and Male\ID 209-8OHDG-20X-3.czi,scale-bar copy,"a scale-bar copy of ID 209-8OHDG-20X-3.czi under the same name (pixel-identical, an annotation layer added): the project folder",3/3 tiles byte-identical to tiles of ID 209-8OHDG-20X-3.czi,03592a18c1f07d630cfb56b0a6f0532ba5fafe6983154000b093fb6b65304e1c,,drive3_MJesus-MFB/Microscopio/Microscopio- MJesus Sanchez 2023/Machos vs Hembras/230426-8oHDG Females vs Male/ID 209-8OHDG-20X-3.czi,,,,the original has no project: the holding folder,2023-04-26T13:55:34.7112497Z
5658991a9145eb2e25fd1086c05df331440ae51920b0a94562efb795619c5604,CELL,9460448,drive3_MJesus-MFB/Microscopio/Microscopio- MJesus Sanchez 2023/Machos vs Hembras/8oHDG Female and Male/ID 209-8OHDG-20X-controlnegative.czi,D3,Microscopio\Microscopio- MJesus Sanchez 2023\Machos vs Hembras\8oHDG Female and Male\ID 209-8OHDG-20X-controlnegative.czi,scale-bar copy,"a scale-bar copy of ID 209-8OHDG-20X-controlnegative.czi under the same name (pixel-identical, an annotation layer added): the project folder",3/3 tiles byte-identical to tiles of ID 209-8OHDG-20X-controlnegative.czi,ccd808299575e878dc159f487f7e61dc111f1f64c939bc85ecd6f11a4dc769e3,,drive3_MJesus-MFB/Microscopio/Microscopio- MJesus Sanchez 2023/Machos vs Hembras/230426-8oHDG Females vs Male/ID 209-8OHDG-20X-controlnegative.czi,,,,the original has no project: the holding folder,2023-04-26T13:58:13.7713474Z
a93e652ed0c1253199178fee80974347e318ec2d4c387a9835f45c03f129851b,CELL,8939456,drive3_MJesus-MFB/Microscopio/Microscopio- MJesus Sanchez 2023/Machos vs Hembras/8oHDG Female and Male/ID 202-8OHDG-20X-1.czi,D3,Microscopio\Microscopio- MJesus Sanchez 2023\Machos vs Hembras\8oHDG Female and Male\ID 202-8OHDG-20X-1.czi,scale-bar copy,"a scale-bar copy of ID 202-8OHDG-20X-1.czi under the same name (pixel-identical, an annotation layer added): the project folder",3/3 tiles byte-identical to tiles of ID 202-8OHDG-20X-1.czi,c4aeabd0457606d381e8554f80f0c672dc12e3ae8f158f5b59a6b621fcdcdf20,,drive3_MJesus-MFB/Microscopio/Microscopio- MJesus Sanchez 2023/Machos vs Hembras/230426-8oHDG Females vs Male/ID 202-8OHDG-20X-1.czi,,,,the original has no project: the holding folder,2023-04-26T14:02:27.379853Z
dabc1d4eec672d4f62e765a97fdad1a7734c4076dec6cee0e517f1a7c7fd9a1b,CELL,8942592,drive3_MJesus-MFB/Microscopio/Microscopio- MJesus Sanchez 2023/Machos vs Hembras/8oHDG Female and Male/ID 202-8OHDG-20X-2.czi,D3,Microscopio\Microscopio- MJesus Sanchez 2023\Machos vs Hembras\8oHDG Female and Male\ID 202-8OHDG-20X-2.czi,scale-bar copy,"a scale-bar copy of ID 202-8OHDG-20X-2.czi under the same name (pixel-identical, an annotation layer added): the project folder",3/3 tiles byte-identical to tiles of ID 202-8OHDG-20X-2.czi,94f6ab456657b4621c5c65da13ecdd21f8a83ab2ec8e0d73116c33b10d280b0c,,drive3_MJesus-MFB/Microscopio/Microscopio- MJesus Sanchez 2023/Machos vs Hembras/230426-8oHDG Females vs Male/ID 202-8OHDG-20X-2.czi,,,,the original has no project: the holding folder,2023-04-26T14:03:04.2239604Z
eeac83c6df8836621cad20f68818e15bf6080b7e3ed13cf34f5ae1397c6e36b9,CELL,8943104,drive3_MJesus-MFB/Microscopio/Microscopio- MJesus Sanchez 2023/Machos vs Hembras/8oHDG Female and Male/ID 202-8OHDG-20X-3.czi,D3,Microscopio\Microscopio- MJesus Sanchez 2023\Machos vs Hembras\8oHDG Female and Male\ID 202-8OHDG-20X-3.czi,scale-bar copy,"a scale-bar copy of ID 202-8OHDG-20X-3.czi under the same name (pixel-identical, an annotation layer added): the project folder",3/3 tiles byte-identical to tiles of ID 202-8OHDG-20X-3.czi,dde7d9410c4bd924abae2e709501ab3cbf1fbc166a909676c5beb01dd4a98283,,drive3_MJesus-MFB/Microscopio/Microscopio- MJesus Sanchez 2023/Machos vs Hembras/230426-8oHDG Females vs Male/ID 202-8OHDG-20X-3.czi,,,,the original has no project: the holding folder,2023-04-26T14:03:46.9034015Z
1a674fe96cd59ea3f8ee889d90ac945a927e9c988a0206e100b5492136d752e5,CELL,8944832,drive3_MJesus-MFB/Microscopio/Microscopio- MJesus Sanchez 2023/Machos vs Hembras/8oHDG Female and Male/ID 202-8OHDG-20X-4.czi,D3,Microscopio\Microscopio- MJesus Sanchez 2023\Machos vs Hembras\8oHDG Female and Male\ID 202-8OHDG-20X-4.czi,scale-bar copy,"a scale-bar copy of ID 202-8OHDG-20X-4.czi under the same name (pixel-identical, an annotation layer added): the project folder",3/3 tiles byte-identical to tiles of ID 202-8OHDG-20X-4.czi,d6bc78cf3db4229618c28ccd70be783b91e85f08364656003327c8865b606745,,drive3_MJesus-MFB/Microscopio/Microscopio- MJesus Sanchez 2023/Machos vs Hembras/230426-8oHDG Females vs Male/ID 202-8OHDG-20X-4.czi,,,,the original has no project: the holding folder,2023-04-26T14:04:11.5528113Z
cc5919d17ad08e8f5462a95ad291d6f52d7cd3c3f0be18f34c2fa2f03dcf70cb,CELL,8941632,drive3_MJesus-MFB/Microscopio/Microscopio- MJesus Sanchez 2023/Machos vs Hembras/8oHDG Female and Male/ID 202-8OHDG-20X-controlnegative.czi,D3,Microscopio\Microscopio- MJesus Sanchez 2023\Machos vs Hembras\8oHDG Female and Male\ID 202-8OHDG-20X-controlnegative.czi,scale-bar copy,"a scale-bar copy of ID 202-8OHDG-20X-controlnegative.czi under the same name (pixel-identical, an annotation layer added): the project folder",3/3 tiles byte-identical to tiles of ID 202-8OHDG-20X-controlnegative.czi,39515f650419f64a99fa9033875b30c92e56a5a6c81b750b1b34cf2d85e17550,,drive3_MJesus-MFB/Microscopio/Microscopio- MJesus Sanchez 2023/Machos vs Hembras/230426-8oHDG Females vs Male/ID 202-8OHDG-20X-controlnegative.czi,,,,the original has no project: the holding folder,2023-04-26T14:24:28.8154348Z
657950d1f514fa19952c577c1aaf578562a582136dbd53b452dcdf89f44ebcd6,CELL,8945760,drive3_MJesus-MFB/Microscopio/Microscopio- MJesus Sanchez 2023/Machos vs Hembras/8oHDG Female and Male/ID 202-8OHDG-20X-5.czi,D3,Microscopio\Microscopio- MJesus Sanchez 2023\Machos vs Hembras\8oHDG Female and Male\ID 202-8OHDG-20X-5.czi,scale-bar copy,"a scale-bar copy of ID 202-8OHDG-20X-5.czi under the same name (pixel-identical, an annotation layer added): the project folder",3/3 tiles byte-identical to tiles of ID 202-8OHDG-20X-5.czi,e33c2a85722dba06d7510dcc9097b4a678ec7fc8383aca45e556d2939fd003a4,,drive3_MJesus-MFB/Microscopio/Microscopio- MJesus Sanchez 2023/Machos vs Hembras/230426-8oHDG Females vs Male/ID 202-8OHDG-20X-5.czi,,,,the original has no project: the holding folder,2023-04-26T14:25:29.2058889Z
90825edb8b7f1027a98cd30e405d179087a5e681e7160e7be284958bf7bfa506,CELL,8946880,drive3_MJesus-MFB/Microscopio/Microscopio- MJesus Sanchez 2023/Machos vs Hembras/8oHDG Female and Male/ID 202-8OHDG-20X-6.czi,D3,Microscopio\Microscopio- MJesus Sanchez 2023\Machos vs Hembras\8oHDG Female and Male\ID 202-8OHDG-20X-6.czi,scale-bar copy,"a scale-bar copy of ID 202-8OHDG-20X-6.czi under the same name (pixel-identical, an annotation layer added): the project folder",3/3 tiles byte-identical to tiles of ID 202-8OHDG-20X-6.czi,bce67851a99416e4d91389ab43b17b8882f3ac86b38bd910ebc7a6a7639578ff,,drive3_MJesus-MFB/Microscopio/Microscopio- MJesus Sanchez 2023/Machos vs Hembras/230426-8oHDG Females vs Male/ID 202-8OHDG-20X-6.czi,,,,the original has no project: the holding folder,2023-04-26T14:26:56.1738632Z
15fb1ecb38614c799571a1e6195cab60935bd2a982188e73628688cb226b04bf,CELL,9461120,drive3_MJesus-MFB/Microscopio/Microscopio- MJesus Sanchez 2023/Machos vs Hembras/8oHDG Female and Male/ID 208-8OHDG-20X-1.czi,D3,Microscopio\Microscopio- MJesus Sanchez 2023\Machos vs Hembras\8oHDG Female and Male\ID 208-8OHDG-20X-1.czi,scale-bar copy,"a scale-bar copy of ID 208-8OHDG-20X-1.czi under the same name (pixel-identical, an annotation layer added): the project folder",3/3 tiles byte-identical to tiles of ID 208-8OHDG-20X-1.czi,efd6268544e7225c5192ce10c4a065a286dd05946504fc7bbcfa071e277ea6d2,,drive3_MJesus-MFB/Microscopio/Microscopio- MJesus Sanchez 2023/Machos vs Hembras/230426-8oHDG Females vs Male/ID 208-8OHDG-20X-1.czi,,,,the original has no project: the holding folder,2023-04-26T14:32:47.5789624Z
84e65f9425f940c2317cf8cb342b3ca3e24abad164d9965f5c218aecee36f7d4,CELL,9461568,drive3_MJesus-MFB/Microscopio/Microscopio- MJesus Sanchez 2023/Machos vs Hembras/8oHDG Female and Male/ID 208-8OHDG-20X-2.czi,D3,Microscopio\Microscopio- MJesus Sanchez 2023\Machos vs Hembras\8oHDG Female and Male\ID 208-8OHDG-20X-2.czi,scale-bar copy,"a scale-bar copy of ID 208-8OHDG-20X-2.czi under the same name (pixel-identical, an annotation layer added): the project folder",3/3 tiles byte-identical to tiles of ID 208-8OHDG-20X-2.czi,0651b53f82bc31ea270f029b5c4fb648326de39c99fdc3367082ee641c374841,,drive3_MJesus-MFB/Microscopio/Microscopio- MJesus Sanchez 2023/Machos vs Hembras/230426-8oHDG Females vs Male/ID 208-8OHDG-20X-2.czi,,,,the original has no project: the holding folder,2023-04-26T14:33:34.4936458Z
4471fef0023d8376b2f86e9cd03cbcee4168b6873e505a3f56b5b9dae4213913,CELL,9466976,drive3_MJesus-MFB/Microscopio/Microscopio- MJesus Sanchez 2023/Machos vs Hembras/8oHDG Female and Male/ID 208-8OHDG-20X-3.czi,D3,Microscopio\Microscopio- MJesus Sanchez 2023\Machos vs Hembras\8oHDG Female and Male\ID 208-8OHDG-20X-3.czi,scale-bar copy,"a scale-bar copy of ID 208-8OHDG-20X-3.czi under the same name (pixel-identical, an annotation layer added): the project folder",3/3 tiles byte-identical to tiles of ID 208-8OHDG-20X-3.czi,9e84d4c9ac8d029743e8191b4425be64c24c28e26a704d66fa31b0fcb2d872cb,,drive3_MJesus-MFB/Microscopio/Microscopio- MJesus Sanchez 2023/Machos vs Hembras/230426-8oHDG Females vs Male/ID 208-8OHDG-20X-3.czi,,,,the original has no project: the holding folder,2023-04-26T14:37:37.9535709Z
56155926c6a1cd5bcd088d29d10173585bb9e96cf51489f21f194da746652005,CELL,9468128,drive3_MJesus-MFB/Microscopio/Microscopio- MJesus Sanchez 2023/Machos vs Hembras/8oHDG Female and Male/ID 208-8OHDG-20X-4.czi,D3,Microscopio\Microscopio- MJesus Sanchez 2023\Machos vs Hembras\8oHDG Female and Male\ID 208-8OHDG-20X-4.czi,scale-bar copy,"a scale-bar copy of ID 208-8OHDG-20X-4.czi under the same name (pixel-identical, an annotation layer added): the project folder",3/3 tiles byte-identical to tiles of ID 208-8OHDG-20X-4.czi,03efa8513049140f0eb339a8c8e0920fce88c65c4822b92b248637e019e4e7b2,,drive3_MJesus-MFB/Microscopio/Microscopio- MJesus Sanchez 2023/Machos vs Hembras/230426-8oHDG Females vs Male/ID 208-8OHDG-20X-4.czi,,,,the original has no project: the holding folder,2023-04-26T14:38:53.0338653Z
78dd5943eed984a65a16320e7ae4138d43f39a59d8d6ef055d910166a653cd83,CELL,9466496,drive3_MJesus-MFB/Microscopio/Microscopio- MJesus Sanchez 2023/Machos vs Hembras/8oHDG Female and Male/ID 208-8OHDG-20X-5.czi,D3,Microscopio\Microscopio- MJesus Sanchez 2023\Machos vs Hembras\8oHDG Female and Male\ID 208-8OHDG-20X-5.czi,scale-bar copy,"a scale-bar copy of ID 208-8OHDG-20X-5.czi under the same name (pixel-identical, an annotation layer added): the project folder",3/3 tiles byte-identical to tiles of ID 208-8OHDG-20X-5.czi,f8116742766c0aa1bf55dc3c0ac891ade4c00d4fe26be4dcccc56722e85267ab,,drive3_MJesus-MFB/Microscopio/Microscopio- MJesus Sanchez 2023/Machos vs Hembras/230426-8oHDG Females vs Male/ID 208-8OHDG-20X-5.czi,,,,the original has no project: the holding folder,2023-04-26T14:39:29.7529655Z
57d98a37bd5ff984d9a5a114e41522ba12570b63f90e02a5ab98445463e30c2b,CELL,9467776,drive3_MJesus-MFB/Microscopio/Microscopio- MJesus Sanchez 2023/Machos vs Hembras/8oHDG Female and Male/ID 208-8OHDG-20X-6.czi,D3,Microscopio\Microscopio- MJesus Sanchez 2023\Machos vs Hembras\8oHDG Female and Male\ID 208-8OHDG-20X-6.czi,scale-bar copy,"a scale-bar copy of ID 208-8OHDG-20X-6.czi under the same name (pixel-identical, an annotation layer added): the project folder",3/3 tiles byte-identical to tiles of ID 208-8OHDG-20X-6.czi,254265d4d8d2e2f86174873f6299afaa20808ce645867949be09cce25dec2c7d,,drive3_MJesus-MFB/Microscopio/Microscopio- MJesus Sanchez 2023/Machos vs Hembras/230426-8oHDG Females vs Male/ID 208-8OHDG-20X-6.czi,,,,the original has no project: the holding folder,2023-04-26T14:39:59.3286571Z
1cf78a6f1091d7bd98759e97a5377d74a763ac0d804a7ff3b0d4e7ecd6508e37,CELL,9466848,drive3_MJesus-MFB/Microscopio/Microscopio- MJesus Sanchez 2023/Machos vs Hembras/8oHDG Female and Male/ID 208-8OHDG-20X-7.czi,D3,Microscopio\Microscopio- MJesus Sanchez 2023\Machos vs Hembras\8oHDG Female and Male\ID 208-8OHDG-20X-7.czi,scale-bar copy,"a scale-bar copy of ID 208-8OHDG-20X-7.czi under the same name (pixel-identical, an annotation layer added): the project folder",3/3 tiles byte-identical to tiles of ID 208-8OHDG-20X-7.czi,e08b99798fe487e4f270f820ad0c779dcd73da54ffdb0dba80887fa8e559bac7,,drive3_MJesus-MFB/Microscopio/Microscopio- MJesus Sanchez 2023/Machos vs Hembras/230426-8oHDG Females vs Male/ID 208-8OHDG-20X-7.czi,,,,the original has no project: the holding folder,2023-04-26T14:41:03.8553478Z
21987aab25698878d99dd049733cd51b6499f9435391f622b63e98790fdedadd,CELL,9467936,drive3_MJesus-MFB/Microscopio/Microscopio- MJesus Sanchez 2023/Machos vs Hembras/8oHDG Female and Male/ID 208-8OHDG-20X-8.czi,D3,Microscopio\Microscopio- MJesus Sanchez 2023\Machos vs Hembras\8oHDG Female and Male\ID 208-8OHDG-20X-8.czi,scale-bar copy,"a scale-bar copy of ID 208-8OHDG-20X-8.czi under the same name (pixel-identical, an annotation layer added): the project folder",3/3 tiles byte-identical to tiles of ID 208-8OHDG-20X-8.czi,fa95319e1d124b25cfc8f43cc2d6b875666ee32c95b70167722c6962d60b172a,,drive3_MJesus-MFB/Microscopio/Microscopio- MJesus Sanchez 2023/Machos vs Hembras/230426-8oHDG Females vs Male/ID 208-8OHDG-20X-8.czi,,,,the original has no project: the holding folder,2023-04-26T14:44:27.1089733Z
8fc78a2cf63440e2c8c36711b49243c48afc8e2983e743fe5221bceffaba246b,CELL,9463392,drive3_MJesus-MFB/Microscopio/Microscopio- MJesus Sanchez 2023/Machos vs Hembras/8oHDG Female and Male/ID 201-8OHDG-20X-controlnegative.czi,D3,Microscopio\Microscopio- MJesus Sanchez 2023\Machos vs Hembras\8oHDG Female and Male\ID 201-8OHDG-20X-controlnegative.czi,scale-bar copy,"a scale-bar copy of ID 201-8OHDG-20X-controlnegative.czi under the same name (pixel-identical, an annotation layer added): the project folder",3/3 tiles byte-identical to tiles of ID 201-8OHDG-20X-controlnegative.czi,71aa1d60d8d72525c4ac56cb3417b6d7f6b750b42cac8edb2ad76663c15c3527,,drive3_MJesus-MFB/Microscopio/Microscopio- MJesus Sanchez 2023/Machos vs Hembras/230426-8oHDG Females vs Male/ID 201-8OHDG-20X-controlnegative.czi,,,,the original has no project: the holding folder,2023-04-26T14:47:46.2963661Z
bd645b411ffbfe5ffc0e6585a5006c06afc6856db981d53a1b9e5e62e41dbfbd,CELL,9468800,drive3_MJesus-MFB/Microscopio/Microscopio- MJesus Sanchez 2023/Machos vs Hembras/8oHDG Female and Male/ID 201-8OHDG-20X-1.czi,D3,Microscopio\Microscopio- MJesus Sanchez 2023\Machos vs Hembras\8oHDG Female and Male\ID 201-8OHDG-20X-1.czi,scale-bar copy,"a scale-bar copy of ID 201-8OHDG-20X-1.czi under the same name (pixel-identical, an annotation layer added): the project folder",3/3 tiles byte-identical to tiles of ID 201-8OHDG-20X-1.czi,ed804a7eed816e357316b0919636e243debd718bd4df4957255be93595a6ccc7,,drive3_MJesus-MFB/Microscopio/Microscopio- MJesus Sanchez 2023/Machos vs Hembras/230426-8oHDG Females vs Male/ID 201-8OHDG-20X-1.czi,,,,the original has no project: the holding folder,2023-04-26T14:51:28.1400549Z
af33a0d75d6274ad1499c6de57004a76210816b531b225707ae0c9d1b123de3d,CELL,9470304,drive3_MJesus-MFB/Microscopio/Microscopio- MJesus Sanchez 2023/Machos vs Hembras/8oHDG Female and Male/ID 201-8OHDG-20X-2.czi,D3,Microscopio\Microscopio- MJesus Sanchez 2023\Machos vs Hembras\8oHDG Female and Male\ID 201-8OHDG-20X-2.czi,scale-bar copy,"a scale-bar copy of ID 201-8OHDG-20X-2.czi under the same name (pixel-identical, an annotation layer added): the project folder",3/3 tiles byte-identical to tiles of ID 201-8OHDG-20X-2.czi,a21718b9d8b02288d34c6a17cd11e6413516cf2c9c6edb46ddf2b64daaad0cc1,,drive3_MJesus-MFB/Microscopio/Microscopio- MJesus Sanchez 2023/Machos vs Hembras/230426-8oHDG Females vs Male/ID 201-8OHDG-20X-2.czi,,,,the original has no project: the holding folder,2023-04-26T14:52:13.5946547Z
aa4ba5d0640563ea6253213924f4fb9b22e1941a498ecfa3cd5fd6aab914d2ba,CELL,9468736,drive3_MJesus-MFB/Microscopio/Microscopio- MJesus Sanchez 2023/Machos vs Hembras/8oHDG Female and Male/ID 201-8OHDG-20X-3.czi,D3,Microscopio\Microscopio- MJesus Sanchez 2023\Machos vs Hembras\8oHDG Female and Male\ID 201-8OHDG-20X-3.czi,scale-bar copy,"a scale-bar copy of ID 201-8OHDG-20X-3.czi under the same name (pixel-identical, an annotation layer added): the project folder",3/3 tiles byte-identical to tiles of ID 201-8OHDG-20X-3.czi,9dca3e78a80ce348bbfde8880b8a6dbe654874c4c362f7623167bc935ebafbb8,,drive3_MJesus-MFB/Microscopio/Microscopio- MJesus Sanchez 2023/Machos vs Hembras/230426-8oHDG Females vs Male/ID 201-8OHDG-20X-3.czi,,,,the original has no project: the holding folder,2023-04-26T14:53:48.1560633Z
f9571e3702e40ea1229999cb1cdcd851a869e541613bbeb59263104108343d77,CELL,9468896,drive3_MJesus-MFB/Microscopio/Microscopio- MJesus Sanchez 2023/Machos vs Hembras/8oHDG Female and Male/ID 201-8OHDG-20X-4.czi,D3,Microscopio\Microscopio- MJesus Sanchez 2023\Machos vs Hembras\8oHDG Female and Male\ID 201-8OHDG-20X-4.czi,scale-bar copy,"a scale-bar copy of ID 201-8OHDG-20X-4.czi under the same name (pixel-identical, an annotation layer added): the project folder",3/3 tiles byte-identical to tiles of ID 201-8OHDG-20X-4.czi,555c14a6b3a777e9e95bac25f66c035f7d7106d74506a9a9ed475f91562cfef2,,drive3_MJesus-MFB/Microscopio/Microscopio- MJesus Sanchez 2023/Machos vs Hembras/230426-8oHDG Females vs Male/ID 201-8OHDG-20X-4.czi,,,,the original has no project: the holding folder,2023-04-26T14:55:22.5104601Z
1bc947c9ff945ca8c096a58f2d17c002f1f96eab2b36083ad63e79e39c238e7a,CELL,9466816,drive3_MJesus-MFB/Microscopio/Microscopio- MJesus Sanchez 2023/Machos vs Hembras/8oHDG Female and Male/ID 17-8OHDG-20X-2.czi,D3,Microscopio\Microscopio- MJesus Sanchez 2023\Machos vs Hembras\8oHDG Female and Male\ID 17-8OHDG-20X-2.czi,scale-bar copy,"a scale-bar copy of ID 17-8OHDG-20X-2.czi under the same name (pixel-identical, an annotation layer added): the project folder",3/3 tiles byte-identical to tiles of ID 17-8OHDG-20X-2.czi,35be5dde5d25cc66f8e3db25397f5e9f6d3f747682ec5ad1fc93ad1670ba0e51,,drive3_MJesus-MFB/Microscopio/Microscopio- MJesus Sanchez 2023/Machos vs Hembras/230426-8oHDG Females vs Male/ID 17-8OHDG-20X-2.czi,,,,the original has no project: the holding folder,2023-04-26T14:59:33.9718428Z
8000713735d377da5f36f57f3eaa7ffb0cb839cfc9dd12a27bebcab49f510dd7,CELL,9486400,drive3_MJesus-MFB/Microscopio/Microscopio- MJesus Sanchez 2023/Machos vs Hembras/8oHDG Female and Male/ID 17-8OHDG-20X-3.czi,D3,Microscopio\Microscopio- MJesus Sanchez 2023\Machos vs Hembras\8oHDG Female and Male\ID 17-8OHDG-20X-3.czi,scale-bar copy,"a scale-bar copy of ID 17-8OHDG-20X-3.czi under the same name (pixel-identical, an annotation layer added): the project folder",3/3 tiles byte-identical to tiles of ID 17-8OHDG-20X-3.czi,dec82f1accdd482411398d646361ef7dcd8782938bf46821776de47b5bb17bc4,,drive3_MJesus-MFB/Microscopio/Microscopio- MJesus Sanchez 2023/Machos vs Hembras/230426-8oHDG Females vs Male/ID 17-8OHDG-20X-3.czi,,,,the original has no project: the holding folder,2023-04-26T15:01:03.7249764Z
a520fd5cde69537e929db5328f55c38d7d3a88918910cb753b938c85e94ce75b,CELL,9460288,drive3_MJesus-MFB/Microscopio/Microscopio- MJesus Sanchez 2023/Machos vs Hembras/8oHDG Female and Male/ID 17-8OHDG-20X-4.czi,D3,Microscopio\Microscopio- MJesus Sanchez 2023\Machos vs Hembras\8oHDG Female and Male\ID 17-8OHDG-20X-4.czi,scale-bar copy,"a scale-bar copy of ID 17-8OHDG-20X-4.czi under the same name (pixel-identical, an annotation layer added): the project folder",3/3 tiles byte-identical to tiles of ID 17-8OHDG-20X-4.czi,f03b1a5097c0d4db49d2aa5cc4bc216188f97d3cf82a97172f84d893c9d973d5,,drive3_MJesus-MFB/Microscopio/Microscopio- MJesus Sanchez 2023/Machos vs Hembras/230426-8oHDG Females vs Male/ID 17-8OHDG-20X-4.czi,,,,the original has no project: the holding folder,2023-04-26T15:03:29.3883079Z
c10686e8e012246c13dc6d81354306c8d1ccae684cceb1da7b44117ea2301a0a,CELL,9466688,drive3_MJesus-MFB/Microscopio/Microscopio- MJesus Sanchez 2023/Machos vs Hembras/8oHDG Female and Male/ID 17-8OHDG-20X-7.czi,D3,Microscopio\Microscopio- MJesus Sanchez 2023\Machos vs Hembras\8oHDG Female and Male\ID 17-8OHDG-20X-7.czi,scale-bar copy,"a scale-bar copy of ID 17-8OHDG-20X-7.czi under the same name (pixel-identical, an annotation layer added): the project folder",3/3 tiles byte-identical to tiles of ID 17-8OHDG-20X-7.czi,e362cb7e67cf4ef84e6e675270cc57f276baa16cc58b104fb44d2f45a61a7ea0,,drive3_MJesus-MFB/Microscopio/Microscopio- MJesus Sanchez 2023/Machos vs Hembras/230426-8oHDG Females vs Male/ID 17-8OHDG-20X-7.czi,,,,the original has no project: the holding folder,2023-04-26T15:11:37.8572467Z
9ea1f9521a0d3f29da7ae7b2df1bfd9639090391a945016134a4b8ddd5bd15be,CELL,9465824,drive3_MJesus-MFB/Microscopio/Microscopio- MJesus Sanchez 2023/Machos vs Hembras/8oHDG Female and Male/ID 17-8OHDG-20X-8.czi,D3,Microscopio\Microscopio- MJesus Sanchez 2023\Machos vs Hembras\8oHDG Female and Male\ID 17-8OHDG-20X-8.czi,scale-bar copy,"a scale-bar copy of ID 17-8OHDG-20X-8.czi under the same name (pixel-identical, an annotation layer added): the project folder",3/3 tiles byte-identical to tiles of ID 17-8OHDG-20X-8.czi,0bacdf8c400822075f02413b608b447e1ae852ead65e6c54c2e28727599c6391,,drive3_MJesus-MFB/Microscopio/Microscopio- MJesus Sanchez 2023/Machos vs Hembras/230426-8oHDG Females vs Male/ID 17-8OHDG-20X-8.czi,,,,the original has no project: the holding folder,2023-04-26T15:12:10.3961078Z
1150faaf2652f2498bed7b673044fd44ef4d124bf1f8a598164368c8d66914ce,CELL,9466048,drive3_MJesus-MFB/Microscopio/Microscopio- MJesus Sanchez 2023/Machos vs Hembras/8oHDG Female and Male/ID 17-8OHDG-20X-9.czi,D3,Microscopio\Microscopio- MJesus Sanchez 2023\Machos vs Hembras\8oHDG Female and Male\ID 17-8OHDG-20X-9.czi,scale-bar copy,"a scale-bar copy of ID 17-8OHDG-20X-9.czi under the same name (pixel-identical, an annotation layer added): the project folder",3/3 tiles byte-identical to tiles of ID 17-8OHDG-20X-9.czi,31bdb7b751fde74425bbdb2311b7ff98346a2eea82a524ea5b6b6f752e15131f,,drive3_MJesus-MFB/Microscopio/Microscopio- MJesus Sanchez 2023/Machos vs Hembras/230426-8oHDG Females vs Male/ID 17-8OHDG-20X-9.czi,,,,the original has no project: the holding folder,2023-04-26T15:12:42.6679537Z
8017eee6036a8bdde24e29c35c9c687b618ea04ccabfe70ce45515574d4d1c68,CELL,9464320,drive3_MJesus-MFB/Microscopio/Microscopio- MJesus Sanchez 2023/Machos vs Hembras/8oHDG Female and Male/ID 17-8OHDG-20X-1.czi,D3,Microscopio\Microscopio- MJesus Sanchez 2023\Machos vs Hembras\8oHDG Female and Male\ID 17-8OHDG-20X-1.czi,scale-bar copy,"a scale-bar copy of ID 17-8OHDG-20X-1.czi under the same name (pixel-identical, an annotation layer added): the project folder",3/3 tiles byte-identical to tiles of ID 17-8OHDG-20X-1.czi,72e26029df58f5ea4e55cd7fb71e675d56d39b5ffaebb3a06ed9034f56668ab1,,drive3_MJesus-MFB/Microscopio/Microscopio- MJesus Sanchez 2023/Machos vs Hembras/230426-8oHDG Females vs Male/ID 17-8OHDG-20X-1.czi,,,,the original has no project: the holding folder,2023-04-26T15:13:33.7848774Z
337640bf78a93850b9607c28c04f8870d71b2066e9409e66ca72d08cc160ece6,CELL,9470688,drive3_MJesus-MFB/Microscopio/Microscopio- MJesus Sanchez 2023/Machos vs Hembras/8oHDG Female and Male/ID 23-8OHDG-20X-1.czi,D3,Microscopio\Microscopio- MJesus Sanchez 2023\Machos vs Hembras\8oHDG Female and Male\ID 23-8OHDG-20X-1.czi,scale-bar copy,"a scale-bar copy of ID 23-8OHDG-20X-1.czi under the same name (pixel-identical, an annotation layer added): the project folder",3/3 tiles byte-identical to tiles of ID 23-8OHDG-20X-1.czi,53ad65934de54216731a95581c2b80818ab82633f98bb756e8572a708038165c,,drive3_MJesus-MFB/Microscopio/Microscopio- MJesus Sanchez 2023/Machos vs Hembras/230426-8oHDG Females vs Male/ID 23-8OHDG-20X-1.czi,,,,the original has no project: the holding folder,2023-04-26T15:21:39.2016417Z
dce587a9104aee9274c7f632cb70ea428368ac0f28248d1bf99cb674debb469c,CELL,9470080,drive3_MJesus-MFB/Microscopio/Microscopio- MJesus Sanchez 2023/Machos vs Hembras/8oHDG Female and Male/ID 23-8OHDG-20X-2.czi,D3,Microscopio\Microscopio- MJesus Sanchez 2023\Machos vs Hembras\8oHDG Female and Male\ID 23-8OHDG-20X-2.czi,scale-bar copy,"a scale-bar copy of ID 23-8OHDG-20X-2.czi under the same name (pixel-identical, an annotation layer added): the project folder",3/3 tiles byte-identical to tiles of ID 23-8OHDG-20X-2.czi,953f20e74ca7060c75f362c03ee67ff7f09686f3906df6c77cab8b0deb1fdac7,,drive3_MJesus-MFB/Microscopio/Microscopio- MJesus Sanchez 2023/Machos vs Hembras/230426-8oHDG Females vs Male/ID 23-8OHDG-20X-2.czi,,,,the original has no project: the holding folder,2023-04-26T15:23:28.6309006Z
32a19175d19c16499b71c05aa6e7bb6cb05b0daf1d337c0553fecee6da6abb83,CELL,9469664,drive3_MJesus-MFB/Microscopio/Microscopio- MJesus Sanchez 2023/Machos vs Hembras/8oHDG Female and Male/ID 23-8OHDG-20X-3.czi,D3,Microscopio\Microscopio- MJesus Sanchez 2023\Machos vs Hembras\8oHDG Female and Male\ID 23-8OHDG-20X-3.czi,scale-bar copy,"a scale-bar copy of ID 23-8OHDG-20X-3.czi under the same name (pixel-identical, an annotation layer added): the project folder",3/3 tiles byte-identical to tiles of ID 23-8OHDG-20X-3.czi,9d70d949306da3cb3d696e2d548c4f0550a4e17470cff81b71fdcf897fbb4857,,drive3_MJesus-MFB/Microscopio/Microscopio- MJesus Sanchez 2023/Machos vs Hembras/230426-8oHDG Females vs Male/ID 23-8OHDG-20X-3.czi,,,,the original has no project: the holding folder,2023-04-26T15:25:55.4512983Z
8441211cec6d7ba9b749d035e2015b908db5d6e0dc41dcb1fdf8d3ae800c2801,CELL,9471424,drive3_MJesus-MFB/Microscopio/Microscopio- MJesus Sanchez 2023/Machos vs Hembras/8oHDG Female and Male/ID 23-8OHDG-20X-4.czi,D3,Microscopio\Microscopio- MJesus Sanchez 2023\Machos vs Hembras\8oHDG Female and Male\ID 23-8OHDG-20X-4.czi,scale-bar copy,"a scale-bar copy of ID 23-8OHDG-20X-4.czi under the same name (pixel-identical, an annotation layer added): the project folder",3/3 tiles byte-identical to tiles of ID 23-8OHDG-20X-4.czi,7734864723e4b8583f9c2590dcbf6b45858fd666cda2d8af1c4dd42586691b47,,drive3_MJesus-MFB/Microscopio/Microscopio- MJesus Sanchez 2023/Machos vs Hembras/230426-8oHDG Females vs Male/ID 23-8OHDG-20X-4.czi,,,,the original has no project: the holding folder,2023-04-26T15:26:59.0249345Z
3d6c37c4e82fa58e8d38fd00efaf67370ca3bf233eefe45c78040b66d1c97c2a,CELL,9462304,drive3_MJesus-MFB/Microscopio/Microscopio- MJesus Sanchez 2023/Machos vs Hembras/8oHDG Female and Male/ID 23-8OHDG-20X-controlnegative.czi,D3,Microscopio\Microscopio- MJesus Sanchez 2023\Machos vs Hembras\8oHDG Female and Male\ID 23-8OHDG-20X-controlnegative.czi,scale-bar copy,"a scale-bar copy of ID 23-8OHDG-20X-controlnegative.czi under the same name (pixel-identical, an annotation layer added): the project folder",3/3 tiles byte-identical to tiles of ID 23-8OHDG-20X-controlnegative.czi,007fa08240cb3be175932960c45f8fde013694bdac7b8504b0d44024fd911545,,drive3_MJesus-MFB/Microscopio/Microscopio- MJesus Sanchez 2023/Machos vs Hembras/230426-8oHDG Females vs Male/ID 23-8OHDG-20X-controlnegative.czi,,,,the original has no project: the holding folder,2023-04-26T15:29:11.8685327Z
4d79ae2b8216a095d0f97c3e5837128adcde7c8da1d1d57111f75d9c50dffd70,CELL,8947008,drive3_MJesus-MFB/Microscopio/Microscopio- MJesus Sanchez 2023/Machos vs Hembras/8oHDG Female and Male/ID 22-8OHDG-20X-1.czi,D3,Microscopio\Microscopio- MJesus Sanchez 2023\Machos vs Hembras\8oHDG Female and Male\ID 22-8OHDG-20X-1.czi,scale-bar copy,"a scale-bar copy of ID 22-8OHDG-20X-1.czi under the same name (pixel-identical, an annotation layer added): the project folder",3/3 tiles byte-identical to tiles of ID 22-8OHDG-20X-1.czi,06da20684cac7a8693d3669f0856e33c495175387618dcd5fa19c57958f40c4b,,drive3_MJesus-MFB/Microscopio/Microscopio- MJesus Sanchez 2023/Machos vs Hembras/230426-8oHDG Females vs Male/ID 22-8OHDG-20X-1.czi,,,,the original has no project: the holding folder,2023-04-26T15:35:18.1734842Z
f223d8b7f9876654057f0c155e3edb36d9f5b202d7e05a066d71afd5150b9a8e,CELL,8944000,drive3_MJesus-MFB/Microscopio/Microscopio- MJesus Sanchez 2023/Machos vs Hembras/8oHDG Female and Male/ID 22-8OHDG-20X-2.czi,D3,Microscopio\Microscopio- MJesus Sanchez 2023\Machos vs Hembras\8oHDG Female and Male\ID 22-8OHDG-20X-2.czi,scale-bar copy,"a scale-bar copy of ID 22-8OHDG-20X-2.czi under the same name (pixel-identical, an annotation layer added): the project folder",3/3 tiles byte-identical to tiles of ID 22-8OHDG-20X-2.czi,c6f26877ab9c7021e48cd2be439bce3198049d64333d41213298ab336f42fe14,,drive3_MJesus-MFB/Microscopio/Microscopio- MJesus Sanchez 2023/Machos vs Hembras/230426-8oHDG Females vs Male/ID 22-8OHDG-20X-2.czi,,,,the original has no project: the holding folder,2023-04-26T15:39:21.3363923Z
9ee858f3fc9d0178fe53e72ed9b6fe7cd2a741e469eb552bfb5aa31aae6ea0fd,CELL,8944544,drive3_MJesus-MFB/Microscopio/Microscopio- MJesus Sanchez 2023/Machos vs Hembras/8oHDG Female and Male/ID 22-8OHDG-20X-3.czi,D3,Microscopio\Microscopio- MJesus Sanchez 2023\Machos vs Hembras\8oHDG Female and Male\ID 22-8OHDG-20X-3.czi,scale-bar copy,"a scale-bar copy of ID 22-8OHDG-20X-3.czi under the same name (pixel-identical, an annotation layer added): the project folder",3/3 tiles byte-identical to tiles of ID 22-8OHDG-20X-3.czi,b95b22586d36ee488e2e015e81a217b2d5ac5250a8bbb3419b8d392741c23e51,,drive3_MJesus-MFB/Microscopio/Microscopio- MJesus Sanchez 2023/Machos vs Hembras/230426-8oHDG Females vs Male/ID 22-8OHDG-20X-3.czi,,,,the original has no project: the holding folder,2023-04-26T15:40:32.786479Z
4e25f83fcacdb311775425b7717a97360c3914a4cea158e5ebbcb0dd1e78519a,CELL,9462592,drive3_MJesus-MFB/Microscopio/Microscopio- MJesus Sanchez 2023/Machos vs Hembras/8oHDG Female and Male/ID 22-8OHDG-20X-5.czi,D3,Microscopio\Microscopio- MJesus Sanchez 2023\Machos vs Hembras\8oHDG Female and Male\ID 22-8OHDG-20X-5.czi,scale-bar copy,"a scale-bar copy of ID 22-8OHDG-20X-5.czi under the same name (pixel-identical, an annotation layer added): the project folder",3/3 tiles byte-identical to tiles of ID 22-8OHDG-20X-5.czi,cc9d9f8594850a8e04c256d5be1eae23c2c85f6d6cb61d23ffa8569161896994,,drive3_MJesus-MFB/Microscopio/Microscopio- MJesus Sanchez 2023/Machos vs Hembras/230426-8oHDG Females vs Male/ID 22-8OHDG-20X-5.czi,,,,the original has no project: the holding folder,2023-04-26T15:43:11.0555315Z
fefd63316a7f1488eed88908ec3c2b5f7174ba58ab319ebfd28c9b4c0dfa53fb,CELL,9463776,drive3_MJesus-MFB/Microscopio/Microscopio- MJesus Sanchez 2023/Machos vs Hembras/8oHDG Female and Male/ID 22-8OHDG-20X-4.czi,D3,Microscopio\Microscopio- MJesus Sanchez 2023\Machos vs Hembras\8oHDG Female and Male\ID 22-8OHDG-20X-4.czi,scale-bar copy,"a scale-bar copy of ID 22-8OHDG-20X-4.czi under the same name (pixel-identical, an annotation layer added): the project folder",3/3 tiles byte-identical to tiles of ID 22-8OHDG-20X-4.czi,91ba308468ba983d921907e09f7bd1addae1467dcda05b21ea857bfe06b8f38b,,drive3_MJesus-MFB/Microscopio/Microscopio- MJesus Sanchez 2023/Machos vs Hembras/230426-8oHDG Females vs Male/ID 22-8OHDG-20X-4.czi,,,,the original has no project: the holding folder,2023-04-26T15:43:38.5941066Z
c62c0af398a797ae6e314b3b36ab67e625a1d09c3a862d068483e248255642f5,CELL,9459840,drive3_MJesus-MFB/Microscopio/Microscopio- MJesus Sanchez 2023/Machos vs Hembras/8oHDG Female and Male/ID 22-8OHDG-20X-controlnegative.czi,D3,Microscopio\Microscopio- MJesus Sanchez 2023\Machos vs Hembras\8oHDG Female and Male\ID 22-8OHDG-20X-controlnegative.czi,scale-bar copy,"a scale-bar copy of ID 22-8OHDG-20X-controlnegative.czi under the same name (pixel-identical, an annotation layer added): the project folder",3/3 tiles byte-identical to tiles of ID 22-8OHDG-20X-controlnegative.czi,706744359c552e9779338ecf3c359964397cf050cdc1ef2988da2c1e7d00ae72,,drive3_MJesus-MFB/Microscopio/Microscopio- MJesus Sanchez 2023/Machos vs Hembras/230426-8oHDG Females vs Male/ID 22-8OHDG-20X-controlnegative.czi,,,,the original has no project: the holding folder,2023-04-26T15:44:59.8367534Z
5d8593238e8e69f8492ab5d54c68af308c7c3ad464db9cfbb3bdf924674c86db,CELL,9458368,drive3_MJesus-MFB/Microscopio/Microscopio- MJesus Sanchez 2023/Machos vs Hembras/8oHDG Female and Male/ID 137-8OHDG-20X-1.czi,D3,Microscopio\Microscopio- MJesus Sanchez 2023\Machos vs Hembras\8oHDG Female and Male\ID 137-8OHDG-20X-1.czi,scale-bar copy,"a scale-bar copy of ID 137-8OHDG-20X-1.czi under the same name (pixel-identical, an annotation layer added): the project folder",3/3 tiles byte-identical to tiles of ID 137-8OHDG-20X-1.czi,ecb3e3a564558fa5260fa47ad6d9d2c25d824e5388854865ab0fe4ee146ee9aa,,drive3_MJesus-MFB/Microscopio/Microscopio- MJesus Sanchez 2023/Machos vs Hembras/230426-8oHDG Females vs Male/ID 137-8OHDG-20X-1.czi,,,,the original has no project: the holding folder,2023-04-26T15:59:00.8898589Z
2096538de13721e5754766e27de6ef59a38504bbdffe22335cc3e0cab2667121,CELL,9456032,drive3_MJesus-MFB/Microscopio/Microscopio- MJesus Sanchez 2023/Machos vs Hembras/8oHDG Female and Male/ID 137-8OHDG-20X-2.czi,D3,Microscopio\Microscopio- MJesus Sanchez 2023\Machos vs Hembras\8oHDG Female and Male\ID 137-8OHDG-20X-2.czi,scale-bar copy,"a scale-bar copy of ID 137-8OHDG-20X-2.czi under the same name (pixel-identical, an annotation layer added): the project folder",3/3 tiles byte-identical to tiles of ID 137-8OHDG-20X-2.czi,25a18fcd7080d9936a79a5c35ecc30a7ebd6af02f2d4343a2a2b2c747bf7c3cf,,drive3_MJesus-MFB/Microscopio/Microscopio- MJesus Sanchez 2023/Machos vs Hembras/230426-8oHDG Females vs Male/ID 137-8OHDG-20X-2.czi,,,,the original has no project: the holding folder,2023-04-26T15:59:55.7189949Z
86b497ebe394d7604ed2b7b4daa88a2f42c566da5b27108af7d4168c50122169,CELL,9477984,drive3_MJesus-MFB/Microscopio/Microscopio- MJesus Sanchez 2023/Machos vs Hembras/8oHDG Female and Male/ID 137-8OHDG-20X-3.czi,D3,Microscopio\Microscopio- MJesus Sanchez 2023\Machos vs Hembras\8oHDG Female and Male\ID 137-8OHDG-20X-3.czi,scale-bar copy,"a scale-bar copy of ID 137-8OHDG-20X-3.czi under the same name (pixel-identical, an annotation layer added): the project folder",3/3 tiles byte-identical to tiles of ID 137-8OHDG-20X-3.czi,0ca06db84fc4a8edbe187048c91f44b965a568347aab3504922d60a64ea59115,,drive3_MJesus-MFB/Microscopio/Microscopio- MJesus Sanchez 2023/Machos vs Hembras/230426-8oHDG Females vs Male/ID 137-8OHDG-20X-3.czi,,,,the original has no project: the holding folder,2023-04-26T16:03:16.8945015Z
c7c804cde371a6bff2726c45e3f42e80053ec8de997463e14fb49a8329bc6169,CELL,9461568,drive3_MJesus-MFB/Microscopio/Microscopio- MJesus Sanchez 2023/Machos vs Hembras/8oHDG Female and Male/ID 137-8OHDG-20X-4.czi,D3,Microscopio\Microscopio- MJesus Sanchez 2023\Machos vs Hembras\8oHDG Female and Male\ID 137-8OHDG-20X-4.czi,scale-bar copy,"a scale-bar copy of ID 137-8OHDG-20X-4.czi under the same name (pixel-identical, an annotation layer added): the project folder",3/3 tiles byte-identical to tiles of ID 137-8OHDG-20X-4.czi,5998283bfa4683b910b8b43951c644b96eb6283614009a98c7d14883c1660a51,,drive3_MJesus-MFB/Microscopio/Microscopio- MJesus Sanchez 2023/Machos vs Hembras/230426-8oHDG Females vs Male/ID 137-8OHDG-20X-4.czi,,,,the original has no project: the holding folder,2023-04-26T16:04:59.3853637Z
2f8f093812009cba397e907e5baca6b3087be40fe8dc76995ee2dcac37ad9dcf,CELL,9456864,drive3_MJesus-MFB/Microscopio/Microscopio- MJesus Sanchez 2023/Machos vs Hembras/8oHDG Female and Male/ID 137-8OHDG-20X-controlnegative.czi,D3,Microscopio\Microscopio- MJesus Sanchez 2023\Machos vs Hembras\8oHDG Female and Male\ID 137-8OHDG-20X-controlnegative.czi,scale-bar copy,"a scale-bar copy of ID 137-8OHDG-20X-controlnegative.czi under the same name (pixel-identical, an annotation layer added): the project folder",3/3 tiles byte-identical to tiles of ID 137-8OHDG-20X-controlnegative.czi,6fcfde75398ce7b77f634c6b28305f1855e453b626f47b8d935bc1e87abcd9ee,,drive3_MJesus-MFB/Microscopio/Microscopio- MJesus Sanchez 2023/Machos vs Hembras/230426-8oHDG Females vs Male/ID 137-8OHDG-20X-controlnegative.czi,,,,the original has no project: the holding folder,2023-04-26T16:05:38.6556098Z
274c9740a2de70717732e15dcb7f07c1dbe058f6b2344089e314de902982c4e7,CELL,9462240,drive3_MJesus-MFB/Microscopio/Microscopio- MJesus Sanchez 2023/Machos vs Hembras/8oHDG Female and Male/ID 137-8OHDG-20X-5.czi,D3,Microscopio\Microscopio- MJesus Sanchez 2023\Machos vs Hembras\8oHDG Female and Male\ID 137-8OHDG-20X-5.czi,scale-bar copy,"a scale-bar copy of ID 137-8OHDG-20X-5.czi under the same name (pixel-identical, an annotation layer added): the project folder",3/3 tiles byte-identical to tiles of ID 137-8OHDG-20X-5.czi,0c85e765565b3f1d3ad4086c7422bb568bd15f57264198ed22f3c15e258cf178,,drive3_MJesus-MFB/Microscopio/Microscopio- MJesus Sanchez 2023/Machos vs Hembras/230426-8oHDG Females vs Male/ID 137-8OHDG-20X-5.czi,,,,the original has no project: the holding folder,2023-04-26T16:07:48.8720577Z
54988de6e01d2b19514ffd886d21974740189cbfd9fe802aaf761d7b7a2b4a29,CELL,9462336,drive3_MJesus-MFB/Microscopio/Microscopio- MJesus Sanchez 2023/Machos vs Hembras/8oHDG Female and Male/ID 18-8OHDG-20X-1.czi,D3,Microscopio\Microscopio- MJesus Sanchez 2023\Machos vs Hembras\8oHDG Female and Male\ID 18-8OHDG-20X-1.czi,scale-bar copy,"a scale-bar copy of ID 18-8OHDG-20X-1.czi under the same name (pixel-identical, an annotation layer added): the project folder",3/3 tiles byte-identical to tiles of ID 18-8OHDG-20X-1.czi,277f91d0a9ac760e6586bab07b0af36cd8cd7e344ebfcf2f518b4e8b67ab84b1,,drive3_MJesus-MFB/Microscopio/Microscopio- MJesus Sanchez 2023/Machos vs Hembras/230426-8oHDG Females vs Male/ID 18-8OHDG-20X-1.czi,,,,the original has no project: the holding folder,2023-04-26T16:12:31.3792162Z
684122b1f3b4d32c587f4f0a59971ae42e79b2fbe3d9ad8c7a7be4a6e12138ec,CELL,9461152,drive3_MJesus-MFB/Microscopio/Microscopio- MJesus Sanchez 2023/Machos vs Hembras/8oHDG Female and Male/ID 18-8OHDG-20X-2.czi,D3,Microscopio\Microscopio- MJesus Sanchez 2023\Machos vs Hembras\8oHDG Female and Male\ID 18-8OHDG-20X-2.czi,scale-bar copy,"a scale-bar copy of ID 18-8OHDG-20X-2.czi under the same name (pixel-identical, an annotation layer added): the project folder",3/3 tiles byte-identical to tiles of ID 18-8OHDG-20X-2.czi,c9b36d440b2fcfbb36ee8452cd413aaf86f5463eddd4eaf90cc0825b68a981ec,,drive3_MJesus-MFB/Microscopio/Microscopio- MJesus Sanchez 2023/Machos vs Hembras/230426-8oHDG Females vs Male/ID 18-8OHDG-20X-2.czi,,,,the original has no project: the holding folder,2023-04-26T16:13:59.2412416Z
19d9a6176ac066dce26f373a952a4adc248db1c7528aa5e5076eaf8e4b34098d,CELL,9452864,drive3_MJesus-MFB/Microscopio/Microscopio- MJesus Sanchez 2023/Machos vs Hembras/8oHDG Female and Male/ID 18-8OHDG-20X-controlnegative.czi,D3,Microscopio\Microscopio- MJesus Sanchez 2023\Machos vs Hembras\8oHDG Female and Male\ID 18-8OHDG-20X-controlnegative.czi,scale-bar copy,"a scale-bar copy of ID 18-8OHDG-20X-controlnegative.czi under the same name (pixel-identical, an annotation layer added): the project folder",3/3 tiles byte-identical to tiles of ID 18-8OHDG-20X-controlnegative.czi,23d72b3799769a79007181d498c62800a91f1d35b5a60ac2908284cb4c704078,,drive3_MJesus-MFB/Microscopio/Microscopio- MJesus Sanchez 2023/Machos vs Hembras/230426-8oHDG Females vs Male/ID 18-8OHDG-20X-controlnegative.czi,,,,the original has no project: the holding folder,2023-04-26T16:15:33.1246115Z
d42bd53cd0db2b1af2895e257a7b9b3d1874403d8eca434405506f7f2b97b18c,CELL,9456192,drive3_MJesus-MFB/Microscopio/Microscopio- MJesus Sanchez 2023/Machos vs Hembras/8oHDG Female and Male/ID 18-8OHDG-20X-3.czi,D3,Microscopio\Microscopio- MJesus Sanchez 2023\Machos vs Hembras\8oHDG Female and Male\ID 18-8OHDG-20X-3.czi,scale-bar copy,"a scale-bar copy of ID 18-8OHDG-20X-3.czi under the same name (pixel-identical, an annotation layer added): the project folder",3/3 tiles byte-identical to tiles of ID 18-8OHDG-20X-3.czi,31dc91dba707f6cdf2cf6b417dc5392dd2e22879777d10cdacab7b8d1a2f46b6,,drive3_MJesus-MFB/Microscopio/Microscopio- MJesus Sanchez 2023/Machos vs Hembras/230426-8oHDG Females vs Male/ID 18-8OHDG-20X-3.czi,,,,the original has no project: the holding folder,2023-04-26T16:17:18.0646137Z
84f227a23d659141299247659ff6f6db4aa81f8758363c44a832937267ef488c,CELL,8943136,drive3_MJesus-MFB/Microscopio/Microscopio- MJesus Sanchez 2023/Machos viejos-1019-3/1019-3 8OHdG/230530-ID161-alphasma8OHdG-lungs-20x-2.czi,D3,Microscopio\Microscopio- MJesus Sanchez 2023\Machos viejos-1019-3\1019-3 8OHdG\230530-ID161-alphasma8OHdG-lungs-20x-2.czi,identical re-save,"identical re-save of production ACQ-20230530-CELL-011 (pixel-identical, another name)",3/3 tiles byte-identical to tiles of 230530-ID161-alphasma8OHdG-lungs-20x-1.czi,,ACQ-20230530-CELL-011,drive1_FRIO-X6/Cell observer/Maria Jesus/MJS-Proyecto 1019-3 Viejos 8OHdG/230530-ID161-alphasma8OHdG-lungs-20x-1.czi,AE-biomaGUNE-1019,AE-biomaGUNE-1019,AE-biomaGUNE-1019,the original's project,2023-05-30T09:24:00.3302856Z
ff369906ce634fc5dbd84336d015c838ae0ce65a42290998044bab894a18b43d,CELL,460325600,drive3_MJesus-MFB/Microscopio/Microscopio- MJesus Sanchez 2023/Male Diets/230512-MTCOI and TOM20 Male Diets 0522/230707-TOM20-MTCOI-10x/ID196_10x_2.czi,D3,Microscopio\Microscopio- MJesus Sanchez 2023\Male Diets\230512-MTCOI and TOM20 Male Diets 0522\230707-TOM20-MTCOI-10x\ID196_10x_2.czi,export: crop,export: crop of ID196_10x.czi,"60/60 tiles are byte-exact sub-rectangles of tiles of ID196_10x.czi, one offset (148, 831)",68960f5a5dd1a99dbe41d28f17c9e2b333c5fa2fb4fae02fd347245f31dcce7b,,drive3_MJesus-MFB/Microscopio/Microscopio- MJesus Sanchez 2023/Male Diets/230512-MTCOI and TOM20 Male Diets 0522/230707-TOM20-MTCOI-10x/ID196_10x.czi,,,,the original has no project: the holding folder,2023-07-10T09:31:50.0643385Z
b8a1f6013f18cb6a78c0e8174b137efcf8cde40f2e6cc1964359166053f22160,CELL,30657248,drive3_MJesus-MFB/Microscopio/Microscopio- MJesus Sanchez 2023/Female Diets/230718_Masson_20x_0619_Female diets/230718_ID190_20x-10.czi,D3,Microscopio\Microscopio- MJesus Sanchez 2023\Female Diets\230718_Masson_20x_0619_Female diets\230718_ID190_20x-10.czi,identical re-save,"identical re-save of 230718_ID190_20x-1.czi (pixel-identical, another name)",1/1 tiles byte-identical to tiles of 230718_ID190_20x-1.czi,e43b71adda3e02daeef3d5bb82ffb7d40976df6249b859a4efca2c8f5d1f0b49,,drive3_MJesus-MFB/Microscopio/Microscopio- MJesus Sanchez 2023/Female Diets/230718_Masson_20x_0619_Female diets/230718_ID190_20x-1.czi,AE-biomaGUNE-0619,AE-biomaGUNE-0619,AE-biomaGUNE-0619,the original's project,2023-07-18T08:12:51.7280358Z
0a9adab3c7f14298b18492b0dac75cc956aa092823e6dba081f8d5686c62218c,CELL,8984288,drive3_MJesus-MFB/Microscopio/Microscopio- MJesus Sanchez 2023/Female Diets/231004_TOM20andMTCO1_20x/231004_ID209_20x_VD-1.czi,D3,Microscopio\Microscopio- MJesus Sanchez 2023\Female Diets\231004_TOM20andMTCO1_20x\231004_ID209_20x_VD-1.czi,identical re-save,"identical re-save of 231004_ID209_20x_V-1.czi (pixel-identical, another name)",3/3 tiles byte-identical to tiles of 231004_ID209_20x_V-1.czi,d799f8fd19beae756f01dc5513668d70f23c64764cab462fae3d86cb78cc1063,,drive3_MJesus-MFB/Microscopio/Microscopio- MJesus Sanchez 2023/Female Diets/231004_TOM20andMTCO1_20x/231004_ID209_20x_V-1.czi,,,,the original has no project: the holding folder,2023-10-04T09:18:14.8056347Z
3e85ad65791cc4c70beadb86e05fbf96d9f2420f2f5f7bdccee7b6d612f519e8,CELL,30689696,drive3_MJesus-MFB/Microscopio/CELL OBS MARTA/Elastic_0522_MJ/ID97L_0522_Elastic-1.czi,D3,Microscopio\CELL OBS MARTA\Elastic_0522_MJ\ID97L_0522_Elastic-1.czi,identical re-save,"identical re-save of ID96L_0522_Elastic-12.czi (pixel-identical, another name)",1/1 tiles byte-identical to tiles of ID96L_0522_Elastic-12.czi,a57e8ac54b2a03703450ea088e482fce3af3ed23ba7b1f316ccbff64907903e4,,drive3_MJesus-MFB/Microscopio/CELL OBS MARTA/Elastic_0522_MJ/ID96L_0522_Elastic-12.czi,AE-biomaGUNE-0522,AE-biomaGUNE-0522,AE-biomaGUNE-0522,the original's project,2024-10-24T08:21:46.7959781Z
a1e53050b591fc89c1f089d669f87f501e63a0882cc1d1b062c7507f21f3a63e,CELL,6044992,drive3_MJesus-MFB/Microscopio/CELL OBS MARTA/WGA_0522_MJS/ID101HL_0522_WGA_VI-3.czi,D3,Microscopio\CELL OBS MARTA\WGA_0522_MJS\ID101HL_0522_WGA_VI-3.czi,identical re-save,"identical re-save of ID101HL_0522_WGA_VI-1.czi (pixel-identical, another name)",2/2 tiles byte-identical to tiles of ID101HL_0522_WGA_VI-1.czi,e57693e8eece49929ac88fdd236d7c9315bc33ea308b7d481def32a45fb63c97,,drive3_MJesus-MFB/Microscopio/CELL OBS MARTA/WGA_0522_MJS/ID101HL_0522_WGA_VI-1.czi,AE-biomaGUNE-0522,AE-biomaGUNE-0522,AE-biomaGUNE-0522,the original's project,2024-10-25T08:59:18.1567974Z
