batch,relpath,size,acquisition_datetime,verdict,project,subject_id,researcher,slide_label,label_reading,claim_rule_verdict,claim_rule_project,same_acq_group,other_copies,sha256
X01,Microscopio\Histologia_ratones_viejos\HE\ID13_0424_H+L 1.czi,670393536,2025-02-14T15:42:33.0285174Z,CONFIRMED,AE-biomaGUNE-0424,13-AE-biomaGUNE-0424,MJ,ID13 H+L / H/E / 0424,L1,CONFIRMED,AE-biomaGUNE-0424,,drive3_MJesus-MFB/Microscopio/Microscopio biodonostia/escaner/H&E/2025_02_14__5240.czi,efde8d8937e4aa7d7436d772d17ccf27dd97946fe6783b3aa284cc332a817a74
X01,Microscopio\Histologia_ratones_viejos\Tricrómico\ID167 II 2.czi,1185824128,2025-02-18T22:21:51.4087964Z,READING-L1,AE-biomaGUNE-1019,167-AE-biomaGUNE-1019,MJ,ID167 II / 1019-3 Masson / 04/23,L1,NO-CLAIM,,XMIC|2025-02-18T22:21:51,,6ec2a3d5f9134aab9be435197998852920ee753517347fc35082c690ae9b04ba
X01,Microscopio\Microscopio biodonostia\0522 Biodonostia\2024_10_24__4469-1.czi,305335264,2024-10-25T07:45:25.0963243Z,READING-L2,AE-biomaGUNE-1422,49-AE-biomaGUNE-1422,MJ,ID49 HL * / H&E / 1422,L2,CONFLICT,,XMIC|2024-10-25T07:45:25,drive3_MJesus-MFB/biomaGUNE MJ/Manosa and 2DG Male_Proyecto 1422/Raw data/Microscopio/Microscopio-biodonostia/2024_10_24__4469-1.czi,ecb677d9ad532cc90f7147cf5315473e4be4977f0d8d42139620f6215475d555
X01,Microscopio\Microscopio biodonostia\0522 Biodonostia\2024_10_24__4469.czi,297134560,2024-10-24T13:26:03.2683123Z,READING-L2,AE-biomaGUNE-1422,49-AE-biomaGUNE-1422,MJ,ID49 HL * / H&E / 1422,L2,CONFIRMED,AE-biomaGUNE-0522,,,15a969a8815b8fbae62b65f0d7a78a30aab31d39346db1aae63e9b7ab6798122
X01,Microscopio\Microscopio biodonostia\BIOMAGUNE\2024_11_11__4569.czi,878418592,2024-11-11T15:43:34.3949621Z,READING-L1,AE-biomaGUNE-0522,25-AE-biomaGUNE-0522,MJ,ID25 H / 0522 H&E,L1,NO-CLAIM,,,,daab1680e6b98c9f4c5378dbd3753233ce5e1202d1fa3382a3ddec78cec2a253
X01,Microscopio\Microscopio biodonostia\BIOMAGUNE\2024_11_11__4586.czi,367699392,2024-11-11T20:01:37.9622078Z,NO-CLAIM,,,MJ,202 II / HE / NMX (no protocol on the label),,NO-CLAIM,,,,580f6d8275ead8abffafe21cce82b8aaa5fb7c98ca95a374e41e6986632980c7
X01,Microscopio\Microscopio biodonostia\BIOMAGUNE\2024_11_11__4590.czi,294790592,2024-11-11T21:10:50.901962Z,NO-CLAIM,,,MJ,208 II / HE / ? (no protocol on the label),,NO-CLAIM,,,,a586d6e607a45a5e9740eff3303094e3fe0799ee4d354ca3fd51454b58008a4f
X02,Microscopio\Histologia_ratones_viejos\HE\ID10_0424_H+L 1.czi,1387142176,2025-02-14T15:03:21.973687Z,CONFIRMED,AE-biomaGUNE-0424,10-AE-biomaGUNE-0424,MJ,ID10 H+L / H&E / 0424,L1,CONFIRMED,AE-biomaGUNE-0424,,drive3_MJesus-MFB/Microscopio/Microscopio biodonostia/escaner/H&E/2025_02_14__5238.czi,78030d41477840d25f757d4b9e5a41005c092b35912146c4ebd3938aaba3442a
X02,Microscopio\Histologia_ratones_viejos\HE\ID12_0424_H+L 1.czi,2502395968,2025-02-14T15:26:35.0961761Z,CONFIRMED,AE-biomaGUNE-0424,12-AE-biomaGUNE-0424,MJ,ID12 H+L / H&E / 0424,L1,CONFIRMED,AE-biomaGUNE-0424,XMIC|2025-02-14T15:26:35,,961f22fe02986d55b0eb3c47efda4bba8b9252b596c8bf05e09a375b53635a2d
X02,Microscopio\Histologia_ratones_viejos\HE\ID14_0424_L 1.czi,2342160032,2025-02-14T16:00:03.9540107Z,CONFIRMED,AE-biomaGUNE-0424,14-AE-biomaGUNE-0424,MJ,ID14 L / H&E / 0424,L1,CONFIRMED,AE-biomaGUNE-0424,,drive3_MJesus-MFB/Microscopio/Microscopio biodonostia/escaner/H&E/2025_02_14__5241.czi,3f8412252fbfae11bfaa8b31bca13fe1d156b9ec77db7270e0d9cd3e5a879ad4
X02,Microscopio\Histologia_ratones_viejos\HE\ID160_1019 II 1.czi,1297212032,2025-02-14T16:17:38.808268Z,CONFIRMED,AE-biomaGUNE-1019,160-AE-biomaGUNE-1019,MJ,ID160 II / P1019-3 H&E / 04/23,L1,CONFIRMED,AE-biomaGUNE-1019,,drive3_MJesus-MFB/Microscopio/Microscopio biodonostia/escaner/H&E/2025_02_14__5242.czi,9df0d313abf3e50f38908a8f300e1bb31c4f33e485fa142cc9e7edae14edb2fe
X02,Microscopio\Histologia_ratones_viejos\HE\ID161_1019_II 1.czi,1695761216,2025-02-14T16:30:56.4623979Z,CONFIRMED,AE-biomaGUNE-1019,161-AE-biomaGUNE-1019,MJ,ID161 II / P1019-3 H&E / 04/23,L1,CONFIRMED,AE-biomaGUNE-1019,,drive3_MJesus-MFB/Microscopio/Microscopio biodonostia/escaner/H&E/2025_02_14__5243.czi,6c05c5e70ad5ae1c431c545b7fb2764e0cea27cbb2cea94d56004bb746d471ed
X02,Microscopio\Histologia_ratones_viejos\HE\ID162_1019II 1.czi,1334713440,2025-02-14T16:47:04.4514961Z,READING-L1,AE-biomaGUNE-1019,162-AE-biomaGUNE-1019,MJ,ID162 II / P1019-3 H&E / 04/23,L1,NO-CLAIM,,,drive3_MJesus-MFB/Microscopio/Microscopio biodonostia/escaner/H&E/2025_02_14__5244.czi,ef605fd87c520db549a80fdaa4431a1686f1372efed245ac3f9fa3979dd67c26
X02,Microscopio\Histologia_ratones_viejos\HE\ID167_1019_II 1.czi,1264678176,2025-02-14T17:03:31.363056Z,CONFIRMED,AE-biomaGUNE-1019,167-AE-biomaGUNE-1019,MJ,ID167 II / P1019-3 H&E / 04/23,L1,CONFIRMED,AE-biomaGUNE-1019,,drive3_MJesus-MFB/Microscopio/Microscopio biodonostia/escaner/H&E/2025_02_14__5245.czi,20df7c11827bf03fc71dcfa7b70a29789de5a78e1ee708e140f363b5a7e8e74d
X02,Microscopio\Histologia_ratones_viejos\HE\ID168_1019_II 1.czi,1326790432,2025-02-14T17:19:52.4174472Z,CONFIRMED,AE-biomaGUNE-1019,168-AE-biomaGUNE-1019,MJ,ID168 II / P1019-3 H&E / 04/23,L1,CONFIRMED,AE-biomaGUNE-1019,,drive3_MJesus-MFB/Microscopio/Microscopio biodonostia/escaner/H&E/2025_02_14__5246.czi,d50f421aafd85f65d815f4f07ee7312c10bc6a4440d7bcbb5ec1586024edc983
X02,Microscopio\Histologia_ratones_viejos\HE\ID169_1019_II 1.czi,1311571264,2025-02-14T17:36:08.0483824Z,CONFIRMED,AE-biomaGUNE-1019,169-AE-biomaGUNE-1019,MJ,ID169 II / P1019-3 H&E / 04/23,L1,CONFIRMED,AE-biomaGUNE-1019,,drive3_MJesus-MFB/Microscopio/Microscopio biodonostia/escaner/H&E/2025_02_14__5247.czi,71aa905e55bf466b39be8c9de375bf15e3e7c0951c5dd91e26920e00f78726ab
X02,Microscopio\Histologia_ratones_viejos\HE\ID1_0424_H+L.czi,2309871360,2025-02-14T12:13:49.7811998Z,CONFIRMED,AE-biomaGUNE-0424,1-AE-biomaGUNE-0424,MJ,ID1 H+L / H&E / 0424,L1,CONFIRMED,AE-biomaGUNE-0424,XMIC|2025-02-14T12:13:49,drive3_MJesus-MFB/Microscopio/Histologia_ratones_viejos/HE/2025_02_14__5234.czi,a0c1598c9c6a8c91298b71e5619284121190a8bfaa3d41a537ae80b9c7478a2a
X02,Microscopio\Histologia_ratones_viejos\HE\ID2_0424_H+L 1.czi,1778625088,2025-02-14T12:57:07.3992959Z,CONFIRMED,AE-biomaGUNE-0424,2-AE-biomaGUNE-0424,MJ,ID2 H+L / H&E / 0424,L1,CONFIRMED,AE-biomaGUNE-0424,XMIC|2025-02-14T12:57:07,,60db60e5178acf8de72ed186f8e2e794822b37b828a2d80e8957ea05b5b86d9f
X02,Microscopio\Histologia_ratones_viejos\HE\ID3_0424_H+L 1.czi,2931522592,2025-02-14T13:54:50.3354717Z,CONFIRMED,AE-biomaGUNE-0424,3-AE-biomaGUNE-0424,MJ,ID3 H+L / H&E / 0424,L1,CONFIRMED,AE-biomaGUNE-0424,,drive3_MJesus-MFB/Microscopio/Microscopio biodonostia/escaner/H&E/2025_02_14__5236.czi,379468ef1661f38a02141357f1c22c27a819ede205d3020067a76ed0a7d182ec
X02,Microscopio\Histologia_ratones_viejos\HE\ID4_0424_H+L 1.czi,1949208128,2025-02-14T14:28:46.4888806Z,CONFIRMED,AE-biomaGUNE-0424,4-AE-biomaGUNE-0424,MJ,ID4 H+L / H&E / 0424,L1,CONFIRMED,AE-biomaGUNE-0424,,drive3_MJesus-MFB/Microscopio/Microscopio biodonostia/escaner/H&E/2025_02_14__5237.czi,8cfe2f1aaba79c8e293f97d3190fdda16fd4fa0cb7dc1196ff3147b681aa1c48
X02,Microscopio\Histologia_ratones_viejos\SR\ID1 H + L 3.czi,2404432256,2025-02-18T17:31:48.3629115Z,READING-L1,AE-biomaGUNE-0424,1-AE-biomaGUNE-0424,MJ,ID1 H+L / PR / 0424,L1,NO-CLAIM,,,drive3_MJesus-MFB/Microscopio/Microscopio biodonostia/escaner/PR/2025_02_17__5254.czi,c1d198f369ab713ec76e01f6f6fc3a39ddf0c715a419a9f9cf89c3c6adbddf60
X02,Microscopio\Histologia_ratones_viejos\SR\ID10 H + L 3.czi,2588320160,2025-02-18T20:20:22.2268789Z,READING-L1,AE-biomaGUNE-0424,10-AE-biomaGUNE-0424,MJ,ID10 H+L / PR / 0424,L1,NO-CLAIM,,XMIC|2025-02-18T20:20:22,,fdce2fefaab19883785ac541165ec05c40dac7f89a928674a7565b9a9d154d84
X02,Microscopio\Histologia_ratones_viejos\SR\ID12 H + L 3.czi,2570722944,2025-02-18T20:46:11.4772434Z,READING-L1,AE-biomaGUNE-0424,12-AE-biomaGUNE-0424,MJ,ID12 H+L / PR / 0424,L1,NO-CLAIM,,,drive3_MJesus-MFB/Microscopio/Microscopio biodonostia/escaner/PR/2025_02_17__5259.czi,9fe23e43d24e2f2638b51b2cc6e81912b0a4153a5d76c975cb2a0f522dfe9e14
X02,Microscopio\Histologia_ratones_viejos\SR\ID14 H + L 3.czi,2363855680,2025-02-18T21:17:54.7647204Z,READING-L1,AE-biomaGUNE-0424,14-AE-biomaGUNE-0424,MJ,ID14 L / PR / 0424,L1,NO-CLAIM,,,drive3_MJesus-MFB/Microscopio/Microscopio biodonostia/escaner/PR/2025_02_17__5260.czi,2586666e7f9ccd16d2f7942e4db5db7c4d9a681241a58fb22c00de48ac941916
X02,Microscopio\Histologia_ratones_viejos\SR\ID167 II 3.czi,1320911648,2025-02-18T16:44:34.0336052Z,READING-L1,AE-biomaGUNE-1019,167-AE-biomaGUNE-1019,MJ,ID167 II / 1019-3 / 18mo,L1,NO-CLAIM,,,drive3_MJesus-MFB/Microscopio/Microscopio biodonostia/escaner/PR/2025_02_17__5251.czi,1ee21403b8c38e7c5565341ba53fefbfab589b2be7f210120fc4e64476e9244c
X02,Microscopio\Histologia_ratones_viejos\SR\ID168 II 3.czi,1275370144,2025-02-18T16:58:44.4336953Z,READING-L1,AE-biomaGUNE-1019,168-AE-biomaGUNE-1019,MJ,ID168 II / 1019-3 / 18mo,L1,NO-CLAIM,,,drive3_MJesus-MFB/Microscopio/Microscopio biodonostia/escaner/PR/2025_02_17__5252.czi,b10cd5d59c1aef1d14efff55350ed134eb2695bad67f3c4ca959455e4b1f4d99
X02,Microscopio\Histologia_ratones_viejos\SR\ID169 II 3.czi,1348776896,2025-02-18T17:14:38.3354244Z,READING-L1,AE-biomaGUNE-1019,169-AE-biomaGUNE-1019,MJ,ID169 II / 1019-3 / 18mo,L1,NO-CLAIM,,XMIC|2025-02-18T17:14:38,,e1cf4da5ae0d549a4ed375e182290a65b7325fcb3dd6eb752e67b6c713a07269
X02,Microscopio\Histologia_ratones_viejos\SR\ID2 H + L 3.czi,1967731680,2025-02-18T18:01:35.6268374Z,READING-L1,AE-biomaGUNE-0424,2-AE-biomaGUNE-0424,MJ,ID2 H+L / PR / 0424,L1,NO-CLAIM,,,drive3_MJesus-MFB/Microscopio/Microscopio biodonostia/escaner/PR/2025_02_17__5255.czi,cc2f3a9b9ae321bbd1c68928236701b57cbaf5982e2e44e59972b4d980a43d84
X02,Microscopio\Histologia_ratones_viejos\SR\ID3 H + L 3.czi,3755487264,2025-02-18T18:57:16.0939862Z,READING-L1,AE-biomaGUNE-0424,3-AE-biomaGUNE-0424,MJ,ID3 H+L / PR / 0424,L1,NO-CLAIM,,,drive3_MJesus-MFB/Microscopio/Microscopio biodonostia/escaner/PR/2025_02_17__5256.czi,140f5c9412ab112cd5f9217d089676a2d1fac0bf3db5d4752c7c0e35e3c9263d
X02,Microscopio\Histologia_ratones_viejos\SR\ID4 H + L 3.czi,2181518528,2025-02-18T19:48:52.7611525Z,READING-L1,AE-biomaGUNE-0424,4-AE-biomaGUNE-0424,MJ,ID4 H+L / PR / 0424,L1,NO-CLAIM,,,drive3_MJesus-MFB/Microscopio/Microscopio biodonostia/escaner/PR/2025_02_17__5257.czi,bbce8d74a615df9105c3111de57da20ec3ae7bee8c860e8dc9255821eb61c459
X02,Microscopio\Histologia_ratones_viejos\Tricrómico\ID10_0424_H+L 2.czi,2684960992,2025-02-19T01:25:36.7591752Z,CONFIRMED,AE-biomaGUNE-0424,10-AE-biomaGUNE-0424,MJ,ID10 H+L / Masson / 0424,L1,CONFIRMED,AE-biomaGUNE-0424,XMIC|2025-02-19T01:25:36,,884899ebf84af0410ccb86888d6781b0e2b9ed73bcb19eb4ae44ace5fcf31f8e
X02,Microscopio\Histologia_ratones_viejos\Tricrómico\ID12_0424_H+L 2.czi,2824304864,2025-02-19T01:54:08.5668771Z,CONFIRMED,AE-biomaGUNE-0424,12-AE-biomaGUNE-0424,MJ,ID12 H+L / Masson / 0424,L1,CONFIRMED,AE-biomaGUNE-0424,XMIC|2025-02-19T01:54:08,,d02725414c9b21dcec142cd4853110b67da024ecf387b547bfc800b55d733f7b
X02,Microscopio\Histologia_ratones_viejos\Tricrómico\ID13_0424_H+L 2.czi,1413091808,2025-02-19T02:27:38.9728347Z,CONFIRMED,AE-biomaGUNE-0424,13-AE-biomaGUNE-0424,MJ,ID13 H+L / Masson / 0424,L1,CONFIRMED,AE-biomaGUNE-0424,,drive3_MJesus-MFB/Microscopio/Microscopio biodonostia/escaner/Masson/2025_02_17__5273.czi,b934b5fd2e0b1c7ee3db6f9de357f06a7546d9b6952b6465ba145bda1c0d9fa9
X02,Microscopio\Histologia_ratones_viejos\Tricrómico\ID14_0424_H+L 2.czi,1187872032,2025-02-19T02:41:58.5087776Z,CONFIRMED,AE-biomaGUNE-0424,14-AE-biomaGUNE-0424,MJ,ID14 H+L / Masson / 0424,L1,CONFIRMED,AE-biomaGUNE-0424,,drive3_MJesus-MFB/Microscopio/Microscopio biodonostia/escaner/Masson/2025_02_17__5274.czi,8c341666c3ece8458c9986029226db23a68a091fb98a392891da73a439dae780
X02,Microscopio\Histologia_ratones_viejos\Tricrómico\ID160 II 2.czi,1446660736,2025-02-18T21:36:28.320852Z,READING-L1,AE-biomaGUNE-1019,160-AE-biomaGUNE-1019,MJ,ID160 II / 1019-3 Masson / 04/23,L1,NO-CLAIM,,,,84645c7da9c5150dc56b6ab1b3a0c42afc658c695200a4781026f875ddf92f15
X02,Microscopio\Histologia_ratones_viejos\Tricrómico\ID161 II 2.czi,1434770080,2025-02-18T21:49:37.8670695Z,READING-L1,AE-biomaGUNE-1019,161-AE-biomaGUNE-1019,MJ,ID161 II / 1019-3 Masson / 04/23,L1,NO-CLAIM,,,drive3_MJesus-MFB/Microscopio/Microscopio biodonostia/escaner/Masson/2025_02_17__5262.czi,bbf00ac0852e974f87882ad6bf80a6c2fb08f7403e98b66b458311dbcb9e68aa
X02,Microscopio\Histologia_ratones_viejos\Tricrómico\ID162 II 2.czi,1320480032,2025-02-18T22:06:15.6610536Z,READING-L1,AE-biomaGUNE-1019,162-AE-biomaGUNE-1019,MJ,ID162 II / 1019-3 Masson / 04/23,L1,NO-CLAIM,,,drive3_MJesus-MFB/Microscopio/Microscopio biodonostia/escaner/Masson/2025_02_17__5263.czi,aa5ca49069e32af52198876367cddd277cb4e84c159f35ad93a4e65652233c94
X02,Microscopio\Histologia_ratones_viejos\Tricrómico\ID168 II 2.czi,1226983776,2025-02-18T22:38:06.7022034Z,READING-L1,AE-biomaGUNE-1019,168-AE-biomaGUNE-1019,MJ,ID168 II / 1019-3 Masson / 04/23,L1,NO-CLAIM,,XMIC|2025-02-18T22:38:06,,6a0d7b5c10877ac4f7f72aeb2eb9833baa5476e7a0510382757b443bed486a8e
X02,Microscopio\Histologia_ratones_viejos\Tricrómico\ID169 II 2.czi,1321117952,2025-02-18T22:57:46.4017625Z,READING-L1,AE-biomaGUNE-1019,169-AE-biomaGUNE-1019,MJ,ID169 II / 1019-3 Masson / 04/23,L1,NO-CLAIM,,,drive3_MJesus-MFB/Microscopio/Microscopio biodonostia/escaner/Masson/2025_02_17__5266.czi,6f6cdaa821b9307033aea3703ad299e9c806552ba0c919be868c0bee30ab7680
X02,Microscopio\Histologia_ratones_viejos\Tricrómico\ID1_0424_H+L 2.czi,2456425184,2025-02-18T23:30:54.4511361Z,CONFIRMED,AE-biomaGUNE-0424,1-AE-biomaGUNE-0424,MJ,ID1 H+L / Masson / 0424,L1,CONFIRMED,AE-biomaGUNE-0424,XMIC|2025-02-18T23:30:54,,1ad5ec3e2e0253e44db4bf509dd5ab76d9993e9e47baec915dd41bbab288ce80
X02,Microscopio\Histologia_ratones_viejos\Tricrómico\ID2_0424_H+L 2.czi,2007728064,2025-02-18T23:56:02.5531336Z,CONFIRMED,AE-biomaGUNE-0424,2-AE-biomaGUNE-0424,MJ,ID2 H+L / Masson / 0424,L1,CONFIRMED,AE-biomaGUNE-0424,,drive3_MJesus-MFB/Microscopio/Microscopio biodonostia/escaner/Masson/2025_02_17__5268.czi,752f6ba4d5e572a5e54cc4aedbbee76a90a0b8c80a502dc69ee0b3b358f5b945
X02,Microscopio\Histologia_ratones_viejos\Tricrómico\ID3_0424_H+L 2.czi,3120695008,2025-02-19T00:31:07.0358845Z,CONFIRMED,AE-biomaGUNE-0424,3-AE-biomaGUNE-0424,MJ,ID3 H+L / Masson / 0424,L1,CONFIRMED,AE-biomaGUNE-0424,XMIC|2025-02-19T00:31:07,,c4afdc0235f75f697d5ee20c99947dd337b0da784f16d8c9409d4b4f85320f59
X02,Microscopio\Histologia_ratones_viejos\Tricrómico\ID4_0424_H+L 2.czi,2114658496,2025-02-19T00:58:20.3884766Z,CONFIRMED,AE-biomaGUNE-0424,4-AE-biomaGUNE-0424,MJ,ID4 H+L / Masson / 0424,L1,CONFIRMED,AE-biomaGUNE-0424,XMIC|2025-02-19T00:58:20,,66c8a87ac70dc6ea74612e89c46852f745ee189b87d18413d36f6b6bdea601ad
X02,Microscopio\Microscopio biodonostia\0522 Biodonostia\2024_10_24__4445.czi,627088032,2024-10-24T11:02:45.1953444Z,READING-L2,AE-biomaGUNE-1422,43-AE-biomaGUNE-1422,MJ,ID43 HL / H&E / 1422,L2,CONFIRMED,AE-biomaGUNE-0522,,,7be788a38fccd9c8d850f22a8eda2dfebbbf2a767446ed14c1ef61cf95959192
X02,Microscopio\Microscopio biodonostia\0522 Biodonostia\2024_10_24__4463.czi,388993504,2024-10-24T12:35:43.0262177Z,READING-L2,AE-biomaGUNE-1422,44-AE-biomaGUNE-1422,MJ,ID44 HL / H&E / 1422,L2,CONFLICT,,XMIC|2024-10-24T12:35:43,drive3_MJesus-MFB/biomaGUNE MJ/Manosa and 2DG Male_Proyecto 1422/Raw data/Microscopio/Microscopio-biodonostia/2024_10_24__4463.czi,6f39995249897ee9e866d6acc0522fc0eb0d0a468a68b5fe1db717b317837f25
X02,Microscopio\Microscopio biodonostia\0522 Biodonostia\2024_10_24__4464.czi,441814112,2024-10-24T12:44:08.3457146Z,READING-L2,AE-biomaGUNE-1422,45-AE-biomaGUNE-1422,MJ,ID45 HL / H&E / 1422,L2,CONFLICT,,XMIC|2024-10-24T12:44:08,drive3_MJesus-MFB/biomaGUNE MJ/Manosa and 2DG Male_Proyecto 1422/Raw data/Microscopio/Microscopio-biodonostia/2024_10_24__4464.czi,aa6f95090a7b3fa886aa726a3910a62354db48c665ff13a04a04b5120c20efa9
X02,Microscopio\Microscopio biodonostia\0522 Biodonostia\2024_10_24__4465.czi,656365312,2024-10-24T12:26:05.6993391Z,READING-L2,AE-biomaGUNE-1422,43-AE-biomaGUNE-1422,MJ,ID43 HL / H&E / 1422,L2,CONFLICT,,XMIC|2024-10-24T12:26:05,drive3_MJesus-MFB/biomaGUNE MJ/Manosa and 2DG Male_Proyecto 1422/Raw data/Microscopio/Microscopio-biodonostia/2024_10_24__4465.czi,032671a3442d0d671c8ca5a9186c0b246c17a06680955ff7df59dcdb89cb221c
X02,Microscopio\Microscopio biodonostia\0522 Biodonostia\2024_10_24__4466-1.czi,757334944,2024-10-25T07:23:36.1403504Z,READING-L2,AE-biomaGUNE-1422,46-AE-biomaGUNE-1422,MJ,ID46 HL / H&E / 1422,L2,CONFIRMED,AE-biomaGUNE-0522,,,60ec91791947e0a006fad97c4d897d20ddc86826c04986e54c079d7fea392221
X02,Microscopio\Microscopio biodonostia\0522 Biodonostia\2024_10_24__4466.czi,755084128,2024-10-24T12:56:42.120298Z,READING-L2,AE-biomaGUNE-1422,46-AE-biomaGUNE-1422,MJ,ID46 HL / H&E / 1422,L2,CONFLICT,,XMIC|2024-10-24T12:56:42,drive3_MJesus-MFB/biomaGUNE MJ/Manosa and 2DG Male_Proyecto 1422/Raw data/Microscopio/Microscopio-biodonostia/2024_10_24__4466.czi,b712ae644833d00221e319b6348ded575350ee292d00b77024ad02c2b135abde
X02,Microscopio\Microscopio biodonostia\0522 Biodonostia\2024_10_24__4467-1.czi,689482208,2024-10-25T07:39:04.1685922Z,READING-L2,AE-biomaGUNE-1422,47-AE-biomaGUNE-1422,MJ,ID47 HL / H&E / 1422,L2,CONFLICT,,XMIC|2024-10-25T07:39:04,drive3_MJesus-MFB/biomaGUNE MJ/Manosa and 2DG Male_Proyecto 1422/Raw data/Microscopio/Microscopio-biodonostia/2024_10_24__4467-1.czi,8243d73463379cd2bdcf1462bae8b4744befde5b9f1a1501fe905c9189c4b876
X02,Microscopio\Microscopio biodonostia\0522 Biodonostia\2024_10_24__4467.czi,680783648,2024-10-24T13:11:39.994209Z,READING-L2,AE-biomaGUNE-1422,47-AE-biomaGUNE-1422,MJ,ID47 HL / H&E / 1422,L2,CONFIRMED,AE-biomaGUNE-0522,,,b81a61182351d3e85857af1850a60a83c03af1733fc4779142e55554efd32cf5
X02,Microscopio\Microscopio biodonostia\0522 Biodonostia\2024_10_24__4468.czi,497405760,2024-10-24T13:20:53.4902776Z,READING-L2,AE-biomaGUNE-1422,48-AE-biomaGUNE-1422,MJ,ID48 HL / H&E / 1422,L2,CONFLICT,,XMIC|2024-10-24T13:20:53,drive3_MJesus-MFB/biomaGUNE MJ/Manosa and 2DG Male_Proyecto 1422/Raw data/Microscopio/Microscopio-biodonostia/2024_10_24__4468.czi,640c24290c3dcf32de230dcb1f7d657a125e51bb22f8fe3e22d8c88f85421b38
X02,Microscopio\Microscopio biodonostia\0522 Biodonostia\2024_10_24__4470.czi,660594720,2024-10-24T13:34:10.8797604Z,READING-L2,AE-biomaGUNE-1422,50-AE-biomaGUNE-1422,MJ,ID50 HL / H&E / 1422,L2,CONFLICT,,XMIC|2024-10-24T13:34:10,drive3_MJesus-MFB/biomaGUNE MJ/Manosa and 2DG Male_Proyecto 1422/Raw data/Microscopio/Microscopio-biodonostia/2024_10_24__4470.czi,788a74426fc756fe4f9ccf74002f31cc2632797bbaadb8e3ab7fb6901a2a4ef9
X02,Microscopio\Microscopio biodonostia\0522 Biodonostia\2024_10_24__4471.czi,805090528,2024-10-24T13:53:01.0563563Z,READING-L2,AE-biomaGUNE-1422,51-AE-biomaGUNE-1422,MJ,ID51 HL / H&E / 1422,L2,CONFLICT,,XMIC|2024-10-24T13:53:01,drive3_MJesus-MFB/biomaGUNE MJ/Manosa and 2DG Male_Proyecto 1422/Raw data/Microscopio/Microscopio-biodonostia/2024_10_24__4471.czi,16c44dd2c350820afbbd41c7cff8b3a5524f423b40518adbc7169db7aa1062d4
X02,Microscopio\Microscopio biodonostia\0522 Biodonostia\2024_10_24__4472.czi,603739104,2024-10-24T14:08:37.8733637Z,READING-L2,AE-biomaGUNE-1422,52-AE-biomaGUNE-1422,MJ,ID52 HL / H&E / 1422,L2,CONFLICT,,XMIC|2024-10-24T14:08:37,drive3_MJesus-MFB/biomaGUNE MJ/Manosa and 2DG Male_Proyecto 1422/Raw data/Microscopio/Microscopio-biodonostia/2024_10_24__4472.czi,060a9c67f473f65710f6633ae746376e1aa6368e5defd4dbc33115815686c769
X02,Microscopio\Microscopio biodonostia\0522 Biodonostia\2024_10_24__4473.czi,964231584,2024-10-24T14:21:15.4422873Z,READING-L2,AE-biomaGUNE-1422,53-AE-biomaGUNE-1422,MJ,ID53 HL / H&E / 1422,L2,CONFLICT,,XMIC|2024-10-24T14:21:15,drive3_MJesus-MFB/biomaGUNE MJ/Manosa and 2DG Male_Proyecto 1422/Raw data/Microscopio/Microscopio-biodonostia/2024_10_24__4473.czi,65c44553c1ed2e5348927db6c7ba396cf0142b9485abeb370581f78799b98420
X02,Microscopio\Microscopio biodonostia\0522 Biodonostia\2024_10_24__4474.czi,684519296,2024-10-24T14:34:31.7070775Z,READING-L2,AE-biomaGUNE-1422,54-AE-biomaGUNE-1422,MJ,ID54 HL / H&E / 1422,L2,CONFLICT,,XMIC|2024-10-24T14:34:31,drive3_MJesus-MFB/biomaGUNE MJ/Manosa and 2DG Male_Proyecto 1422/Raw data/Microscopio/Microscopio-biodonostia/2024_10_24__4474.czi,caf21fee6b4bb74a23c56bfe176128e94a0f78f22b85cdeedaed0d1cae9ed19a
X02,Microscopio\Microscopio biodonostia\0522 Biodonostia\2024_10_24__4475.czi,691938336,2024-10-24T14:49:02.1053116Z,READING-L2,AE-biomaGUNE-1422,55-AE-biomaGUNE-1422,MJ,ID55 HL / H&E / 1422,L2,CONFLICT,,XMIC|2024-10-24T14:49:02,drive3_MJesus-MFB/biomaGUNE MJ/Manosa and 2DG Male_Proyecto 1422/Raw data/Microscopio/Microscopio-biodonostia/2024_10_24__4475.czi,3d28a31eb854ea33e98b69f385b177f10f3be991befd49224d10305764d9237f
X02,Microscopio\Microscopio biodonostia\0522 Biodonostia\2024_10_24__4476.czi,696860576,2024-10-24T15:01:23.7308686Z,READING-L2,AE-biomaGUNE-1422,56-AE-biomaGUNE-1422,MJ,ID56 HL / H&E / 1422,L2,CONFLICT,,XMIC|2024-10-24T15:01:23,drive3_MJesus-MFB/biomaGUNE MJ/Manosa and 2DG Male_Proyecto 1422/Raw data/Microscopio/Microscopio-biodonostia/2024_10_24__4476.czi,5f3613d90726fed6a30fc879f9e3fa71d0b2e65b61eee2a4bc8cff711967ee31
X02,Microscopio\Microscopio biodonostia\0522 Biodonostia\2024_10_24__4477-1.czi,609845760,2024-10-25T08:03:56.7104844Z,READING-L2,AE-biomaGUNE-1422,57-AE-biomaGUNE-1422,MJ,ID57 HL / H&E / 1422,L2,CONFLICT,,XMIC|2024-10-25T08:03:56,drive3_MJesus-MFB/biomaGUNE MJ/Manosa and 2DG Male_Proyecto 1422/Raw data/Microscopio/Microscopio-biodonostia/2024_10_24__4477-1.czi,9f4f8f332e4b2d2b009e7564d60b75d47e8b3d847013749d8545fcf2586b5a26
X02,Microscopio\Microscopio biodonostia\0522 Biodonostia\2024_10_24__4477.czi,596955424,2024-10-24T15:17:32.2656097Z,READING-L2,AE-biomaGUNE-1422,57-AE-biomaGUNE-1422,MJ,ID57 HL / H&E / 1422,L2,CONFIRMED,AE-biomaGUNE-0522,,,d73ca375fbef893393dffe4b89053502e3ed0bc085d01f97616b2489c9b7fed2
X02,Microscopio\Microscopio biodonostia\0522 Biodonostia\2024_10_24__4478.czi,640390272,2024-10-24T15:26:37.77784Z,READING-L2,AE-biomaGUNE-1422,58-AE-biomaGUNE-1422,MJ,ID58 HL / H&E / 1422,L2,CONFLICT,,XMIC|2024-10-24T15:26:37,drive3_MJesus-MFB/biomaGUNE MJ/Manosa and 2DG Male_Proyecto 1422/Raw data/Microscopio/Microscopio-biodonostia/2024_10_24__4478.czi,5b6c30c9e13c609fc67f91894e843f388b3d54e95cbf59b9cbf66ed454d374e4
X02,Microscopio\Microscopio biodonostia\0522 Biodonostia\2024_10_24__4479.czi,566358912,2024-10-24T15:35:55.5324863Z,READING-L2,AE-biomaGUNE-1422,59-AE-biomaGUNE-1422,MJ,ID59 HL / H&E / 1422,L2,CONFLICT,,XMIC|2024-10-24T15:35:55,drive3_MJesus-MFB/biomaGUNE MJ/Manosa and 2DG Male_Proyecto 1422/Raw data/Microscopio/Microscopio-biodonostia/2024_10_24__4479.czi,d798fb15423a3ac9c7f2465f80fb34979c9f1f53f4f7bda9e3077410371a4aa4
X02,Microscopio\Microscopio biodonostia\0522 Biodonostia\2024_10_24__4480.czi,507529664,2024-10-24T15:44:51.2813332Z,READING-L2,AE-biomaGUNE-1422,60-AE-biomaGUNE-1422,MJ,ID60 HL / H&E / 1422,L2,CONFLICT,,XMIC|2024-10-24T15:44:51,drive3_MJesus-MFB/biomaGUNE MJ/Manosa and 2DG Male_Proyecto 1422/Raw data/Microscopio/Microscopio-biodonostia/2024_10_24__4480.czi,6803f88d00ca66af008b744b43d9a14c188c06e4a7c319449e11ef1979d20089
X02,Microscopio\Microscopio biodonostia\0522 Biodonostia\2024_10_24__4481.czi,671286944,2024-10-24T15:57:04.9747697Z,READING-L2,AE-biomaGUNE-1422,61-AE-biomaGUNE-1422,MJ,ID61 HL / H&E / 1422,L2,CONFLICT,,XMIC|2024-10-24T15:57:04,drive3_MJesus-MFB/biomaGUNE MJ/Manosa and 2DG Male_Proyecto 1422/Raw data/Microscopio/Microscopio-biodonostia/2024_10_24__4481.czi,83810dc8773e7639abca3d5550b632bc6b3099927a8bbf7a245a5da14607b065
X02,Microscopio\Microscopio biodonostia\0522 Biodonostia\2024_10_24__4482.czi,457021248,2024-10-24T16:05:53.7596933Z,READING-L2,AE-biomaGUNE-1422,62-AE-biomaGUNE-1422,MJ,ID62 HL / H&E / 1422,L2,CONFLICT,,XMIC|2024-10-24T16:05:53,drive3_MJesus-MFB/biomaGUNE MJ/Manosa and 2DG Male_Proyecto 1422/Raw data/Microscopio/Microscopio-biodonostia/2024_10_24__4482.czi,72e5fd99a8e4b5ab7f76eecfade88d4e48a5fda41270af7420f39c9c85a1583c
X02,Microscopio\Microscopio biodonostia\BIOMAGUNE\2024_11_11__4566.czi,1545341824,2024-11-11T14:06:46.4946691Z,READING-L1,AE-biomaGUNE-0522,16-AE-biomaGUNE-0522,MJ,ID16 H / 0522 H&E / 3mo,L1,NO-CLAIM,,,,b048af192899603cb841e315f02c1363c975ed8b0652dd5007644a56b2b35ca2
X02,Microscopio\Microscopio biodonostia\BIOMAGUNE\2024_11_11__4567.czi,1030749920,2024-11-11T14:40:12.2912179Z,READING-L1,AE-biomaGUNE-0522,20-AE-biomaGUNE-0522,MJ,ID20 H / 0522 H&E / 3mo,L1,NO-CLAIM,,,,be2cd6870c3c0dc08de201dbfada25d06012494adcc29d9320b3e9da0353c226
X02,Microscopio\Microscopio biodonostia\BIOMAGUNE\2024_11_11__4568.czi,1009956352,2024-11-11T15:11:48.259271Z,READING-L1,AE-biomaGUNE-0522,21-AE-biomaGUNE-0522,MJ,ID21 H / 0522 H&E,L1,NO-CLAIM,,,,f5a47d2a09300d88e3b68cc1c9a0f00fb2a02166ae2558ff7539ead5c65b58a3
X02,Microscopio\Microscopio biodonostia\BIOMAGUNE\2024_11_11__4570.czi,1278375584,2024-11-11T16:15:07.9773145Z,READING-L1,AE-biomaGUNE-0522,26-AE-biomaGUNE-0522,MJ,ID26 H / 0522 H&E,L1,NO-CLAIM,,,,0fca4aee82bf5a32cfb8f30044ff1e39d574357e5dd9133488955831bb7e5118
X02,Microscopio\Microscopio biodonostia\BIOMAGUNE\2024_11_11__4571.czi,3119808000,2024-11-11T16:56:23.4445494Z,READING-L1,AE-biomaGUNE-0522,46-AE-biomaGUNE-0522,MJ,ID46 0522 / lung heart / H&E,L1,NO-CLAIM,,,,35faa6a9cbcda09a2a456d62c288dc5a2fda7076d16467275943cf9cdd9276b5
X02,Microscopio\Microscopio biodonostia\BIOMAGUNE\2024_11_11__4582.czi,3212590208,2024-11-11T18:07:03.6816847Z,READING-L1,AE-biomaGUNE-0522,48-AE-biomaGUNE-0522,MJ,ID48 0522 / lung heart / H&E,L1,NO-CLAIM,,,,85c82a4608b6aad454c8ad4f1255d56b2d5688cff00f3cc49fa08b6679c21093
X02,Microscopio\Microscopio biodonostia\BIOMAGUNE\2024_11_11__4583.czi,1428629728,2024-11-11T18:37:15.8639585Z,READING-L1,AE-biomaGUNE-0522,49-AE-biomaGUNE-0522,MJ,ID49 0522 / heart / H&E,L1,NO-CLAIM,,,,c16bd896b3b2e12d5a8c993edcc3367672a970bb71100679f2409f96452a1e6d
X02,Microscopio\Microscopio biodonostia\BIOMAGUNE\2024_11_11__4584.czi,2589873248,2024-11-11T19:11:33.7122139Z,READING-L1,AE-biomaGUNE-0522,55-AE-biomaGUNE-0522,MJ,ID55 0522 / lung heart / H&E,L1,NO-CLAIM,,,,5fb012a413f236c36429b3e7f126579df69cb940e6d65c04bfc0ece82f912a9b
X02,Microscopio\Microscopio biodonostia\BIOMAGUNE\2024_11_11__4585.czi,2483298752,2024-11-11T19:44:34.5212293Z,READING-L1,AE-biomaGUNE-0522,56-AE-biomaGUNE-0522,MJ,ID56 0522 / lung heart / H&E,L1,NO-CLAIM,,,,6dd3b8de7841dadbd2af596ae21f93edaf10e6bb44d68fa5e0a620526047d0d6
X02,Microscopio\Microscopio biodonostia\BIOMAGUNE\2024_11_11__4592.czi,1166565664,2024-11-11T13:48:08.5789197Z,READING-L1,AE-biomaGUNE-0522,15-AE-biomaGUNE-0522,MJ,ID15 H / 0522 H&E / 3mo,L1,NO-CLAIM,,,,81f0aa905f5643027a5d4fc4a91ef61e5740d024b798adf10cad19be3df95bd5
X03,Microscopio\Histologia_ratones_viejos\SR\ID160 II 3.czi,1172540000,2025-02-18T15:41:25.0990374Z,NO-CLAIM,,,MJ,160 II / PR (no protocol on the label),,NO-CLAIM,,,drive3_MJesus-MFB/Microscopio/Microscopio biodonostia/escaner/PR/2025_02_17__5248.czi,339787e5a9591651f361a384a6325fc5209e0f934b15c3e32ccae5eade0303ed
X03,Microscopio\Histologia_ratones_viejos\SR\ID161 II 3.czi,1403336416,2025-02-18T16:02:55.7333401Z,NO-CLAIM,,,MJ,161 II / PR (no protocol on the label),,NO-CLAIM,,,drive3_MJesus-MFB/Microscopio/Microscopio biodonostia/escaner/PR/2025_02_17__5249.czi,cb246f9453986eec6b3950dee8b68e340171ba3141843287b1a5a2cec9d5cc73
X03,Microscopio\Histologia_ratones_viejos\SR\ID162 II 3.czi,1155989536,2025-02-18T16:22:26.6248731Z,NO-CLAIM,,,MJ,162 II / PR (no protocol on the label),,NO-CLAIM,,,drive3_MJesus-MFB/Microscopio/Microscopio biodonostia/escaner/PR/2025_02_17__5250.czi,e8160f3245550af2d6ba5511478b66fcc1af7295d2daa62629a534599ba1f283
X03,Microscopio\Microscopio biodonostia\BIOMAGUNE\2024_11_11__4587.czi,1390770464,2024-11-11T20:31:12.0561414Z,NO-CLAIM,,,MJ,203 II / HE / NMX (no protocol on the label),,NO-CLAIM,,,,67d84e25bfcdb5242aff9cb233054f570d8b53521159174b6a99e871e7e0d018
X03,Microscopio\Microscopio biodonostia\BIOMAGUNE\2024_11_11__4588.czi,491368832,2024-11-11T20:42:58.727377Z,NO-CLAIM,,,MJ,204 II / HE / NMX (no protocol on the label),,NO-CLAIM,,,,405b339c18c70f22ca92c71a94ec09847ac8a7849072241e6d8b2e16aa5922d3
X03,Microscopio\Microscopio biodonostia\BIOMAGUNE\2024_11_11__4589.czi,588271072,2024-11-11T21:01:31.7267246Z,NO-CLAIM,,,MJ,207 II / HE / SuHx (no protocol on the label),,NO-CLAIM,,,,498d1fbc2f71bf2f58d06e175d277484627081fa16ba34037074d59f0df094ef
X03,Microscopio\Microscopio biodonostia\BIOMAGUNE\2024_11_11__4591.czi,475694176,2024-11-11T21:20:16.27812Z,NO-CLAIM,,,MJ,209 II / HE / SuHx (no protocol on the label),,NO-CLAIM,,,,ae2856551aed2636da7e5e5a1d4a5fec5acd7d6673826fe992b94ae05b7c87da
