n,sha256,relpath,label,protocol,animal,reading,note
1,7be788a38fccd9c8d850f22a8eda2dfebbbf2a767446ed14c1ef61cf95959192,Microscopio\Microscopio biodonostia\0522 Biodonostia\2024_10_24__4445.czi,ID43 HL / H&E / 1422,1422,43,L2,the folder `0522 Biodonostia` claims 0522 (Confirmed); the label names 1422
2,032671a3442d0d671c8ca5a9186c0b246c17a06680955ff7df59dcdb89cb221c,Microscopio\Microscopio biodonostia\0522 Biodonostia\2024_10_24__4465.czi,ID43 HL / H&E / 1422,1422,43,L2,the folder `0522 Biodonostia` claims 0522 (Confirmed); the label names 1422
3,e26393af687d162ff77229799b374b8d2403959e1a1b730b6c9a6dfff9136440,biomaGUNE MJ\Manosa and 2DG Male_Proyecto 1422\Raw data\Microscopio\Microscopio-biodonostia\2024_10_24__4465.czi,ID43 HL / H&E / 1422,1422,43,L1,
4,6f39995249897ee9e866d6acc0522fc0eb0d0a468a68b5fe1db717b317837f25,Microscopio\Microscopio biodonostia\0522 Biodonostia\2024_10_24__4463.czi,ID44 HL / H&E / 1422,1422,44,L2,the folder `0522 Biodonostia` claims 0522 (Confirmed); the label names 1422
5,d0c3e7cba82c0bd6a3282d07faf3b95603076f3cd7e3adbbece0c22cddb3eecf,biomaGUNE MJ\Manosa and 2DG Male_Proyecto 1422\Raw data\Microscopio\Microscopio-biodonostia\2024_10_24__4463.czi,ID44 HL / H&E / 1422,1422,44,L1,
6,aa6f95090a7b3fa886aa726a3910a62354db48c665ff13a04a04b5120c20efa9,Microscopio\Microscopio biodonostia\0522 Biodonostia\2024_10_24__4464.czi,ID45 HL / H&E / 1422,1422,45,L2,the folder `0522 Biodonostia` claims 0522 (Confirmed); the label names 1422
7,c67193ff216166242f95fa80fd4617fd572d97af7defe0347369c8da351d4a18,biomaGUNE MJ\Manosa and 2DG Male_Proyecto 1422\Raw data\Microscopio\Microscopio-biodonostia\2024_10_24__4464.czi,ID45 HL / H&E / 1422,1422,45,L1,
8,58666e9f0861ab519dbd204077212e1e0d93d2e7c651ac8e503687b2383c3489,biomaGUNE MJ\Manosa and 2DG Male_Proyecto 1422\Raw data\Microscopio\Microscopio-biodonostia\2024_10_24__4466.czi,ID46 HL / H&E / 1422,1422,46,L1,
9,b712ae644833d00221e319b6348ded575350ee292d00b77024ad02c2b135abde,Microscopio\Microscopio biodonostia\0522 Biodonostia\2024_10_24__4466.czi,ID46 HL / H&E / 1422,1422,46,L2,the folder `0522 Biodonostia` claims 0522 (Confirmed); the label names 1422
10,b81a61182351d3e85857af1850a60a83c03af1733fc4779142e55554efd32cf5,Microscopio\Microscopio biodonostia\0522 Biodonostia\2024_10_24__4467.czi,ID47 HL / H&E / 1422,1422,47,L2,the folder `0522 Biodonostia` claims 0522 (Confirmed); the label names 1422
11,640c24290c3dcf32de230dcb1f7d657a125e51bb22f8fe3e22d8c88f85421b38,Microscopio\Microscopio biodonostia\0522 Biodonostia\2024_10_24__4468.czi,ID48 HL / H&E / 1422,1422,48,L2,the folder `0522 Biodonostia` claims 0522 (Confirmed); the label names 1422
12,94b7860353f830aa17c8f82b646aac61780d65f2021bbc2a493aa1f34dd5521b,biomaGUNE MJ\Manosa and 2DG Male_Proyecto 1422\Raw data\Microscopio\Microscopio-biodonostia\2024_10_24__4468.czi,ID48 HL / H&E / 1422,1422,48,L1,
13,15a969a8815b8fbae62b65f0d7a78a30aab31d39346db1aae63e9b7ab6798122,Microscopio\Microscopio biodonostia\0522 Biodonostia\2024_10_24__4469.czi,ID49 HL * / H&E / 1422,1422,49,L2,the folder `0522 Biodonostia` claims 0522 (Confirmed); the label names 1422
14,788a74426fc756fe4f9ccf74002f31cc2632797bbaadb8e3ab7fb6901a2a4ef9,Microscopio\Microscopio biodonostia\0522 Biodonostia\2024_10_24__4470.czi,ID50 HL / H&E / 1422,1422,50,L2,the folder `0522 Biodonostia` claims 0522 (Confirmed); the label names 1422
15,919f9b59a2c83d7b17f86c673977224f9bffd37c1fe00ac503ad3fcca7a6cfc6,biomaGUNE MJ\Manosa and 2DG Male_Proyecto 1422\Raw data\Microscopio\Microscopio-biodonostia\2024_10_24__4470.czi,ID50 HL / H&E / 1422,1422,50,L1,
16,16c44dd2c350820afbbd41c7cff8b3a5524f423b40518adbc7169db7aa1062d4,Microscopio\Microscopio biodonostia\0522 Biodonostia\2024_10_24__4471.czi,ID51 HL / H&E / 1422,1422,51,L2,the folder `0522 Biodonostia` claims 0522 (Confirmed); the label names 1422
17,cda65471ac5afe494b145c032a5644689c1916eae7a5c0bec65ce651d33d0099,biomaGUNE MJ\Manosa and 2DG Male_Proyecto 1422\Raw data\Microscopio\Microscopio-biodonostia\2024_10_24__4471.czi,ID51 HL / H&E / 1422,1422,51,L1,
18,060a9c67f473f65710f6633ae746376e1aa6368e5defd4dbc33115815686c769,Microscopio\Microscopio biodonostia\0522 Biodonostia\2024_10_24__4472.czi,ID52 HL / H&E / 1422,1422,52,L2,the folder `0522 Biodonostia` claims 0522 (Confirmed); the label names 1422
19,b77b7ee016068fb881972ded9c70376aebc4c0cc18203653e6fc9304aed92173,biomaGUNE MJ\Manosa and 2DG Male_Proyecto 1422\Raw data\Microscopio\Microscopio-biodonostia\2024_10_24__4472.czi,ID52 HL / H&E / 1422,1422,52,L1,
20,65c44553c1ed2e5348927db6c7ba396cf0142b9485abeb370581f78799b98420,Microscopio\Microscopio biodonostia\0522 Biodonostia\2024_10_24__4473.czi,ID53 HL / H&E / 1422,1422,53,L2,the folder `0522 Biodonostia` claims 0522 (Confirmed); the label names 1422
21,a513138f1c0eec114b9c91a0848d263e3d535b8b26f8dde1d51d1f8a57a39b1b,biomaGUNE MJ\Manosa and 2DG Male_Proyecto 1422\Raw data\Microscopio\Microscopio-biodonostia\2024_10_24__4473.czi,ID53 HL / H&E / 1422,1422,53,L1,
22,16a2a6bf3feadd06d80d7ec6eb673bd26c4438d77950b44d1ff06c043c0f8c71,biomaGUNE MJ\Manosa and 2DG Male_Proyecto 1422\Raw data\Microscopio\Microscopio-biodonostia\2024_10_24__4474.czi,ID54 HL / H&E / 1422,1422,54,L1,
23,caf21fee6b4bb74a23c56bfe176128e94a0f78f22b85cdeedaed0d1cae9ed19a,Microscopio\Microscopio biodonostia\0522 Biodonostia\2024_10_24__4474.czi,ID54 HL / H&E / 1422,1422,54,L2,the folder `0522 Biodonostia` claims 0522 (Confirmed); the label names 1422
24,3d28a31eb854ea33e98b69f385b177f10f3be991befd49224d10305764d9237f,Microscopio\Microscopio biodonostia\0522 Biodonostia\2024_10_24__4475.czi,ID55 HL / H&E / 1422,1422,55,L2,the folder `0522 Biodonostia` claims 0522 (Confirmed); the label names 1422
25,a8131e5aeba6ce0c254d3849067342f9e0b3b2f909629986046a85ab6f339087,biomaGUNE MJ\Manosa and 2DG Male_Proyecto 1422\Raw data\Microscopio\Microscopio-biodonostia\2024_10_24__4475.czi,ID55 HL / H&E / 1422,1422,55,L1,
26,0fe603a9150831cc0f9e0f6a3c2e4b6d409d5da2ca0e64d1de0820a20b11cfb1,biomaGUNE MJ\Manosa and 2DG Male_Proyecto 1422\Raw data\Microscopio\Microscopio-biodonostia\2024_10_24__4476.czi,ID56 HL / H&E / 1422,1422,56,L1,
27,5f3613d90726fed6a30fc879f9e3fa71d0b2e65b61eee2a4bc8cff711967ee31,Microscopio\Microscopio biodonostia\0522 Biodonostia\2024_10_24__4476.czi,ID56 HL / H&E / 1422,1422,56,L2,the folder `0522 Biodonostia` claims 0522 (Confirmed); the label names 1422
28,d73ca375fbef893393dffe4b89053502e3ed0bc085d01f97616b2489c9b7fed2,Microscopio\Microscopio biodonostia\0522 Biodonostia\2024_10_24__4477.czi,ID57 HL / H&E / 1422,1422,57,L2,the folder `0522 Biodonostia` claims 0522 (Confirmed); the label names 1422
29,5b6c30c9e13c609fc67f91894e843f388b3d54e95cbf59b9cbf66ed454d374e4,Microscopio\Microscopio biodonostia\0522 Biodonostia\2024_10_24__4478.czi,ID58 HL / H&E / 1422,1422,58,L2,the folder `0522 Biodonostia` claims 0522 (Confirmed); the label names 1422
30,f187fc31614c1bf01f8c7fe8b835b5428ca86bf0e9d2361146903f359a3218a8,biomaGUNE MJ\Manosa and 2DG Male_Proyecto 1422\Raw data\Microscopio\Microscopio-biodonostia\2024_10_24__4478.czi,ID58 HL / H&E / 1422,1422,58,L1,
31,77df1f82d85c258d472321cdef5779f5e74de39a989bc2098da8e41595573d99,biomaGUNE MJ\Manosa and 2DG Male_Proyecto 1422\Raw data\Microscopio\Microscopio-biodonostia\2024_10_24__4479.czi,ID59 HL / H&E / 1422,1422,59,L1,
32,d798fb15423a3ac9c7f2465f80fb34979c9f1f53f4f7bda9e3077410371a4aa4,Microscopio\Microscopio biodonostia\0522 Biodonostia\2024_10_24__4479.czi,ID59 HL / H&E / 1422,1422,59,L2,the folder `0522 Biodonostia` claims 0522 (Confirmed); the label names 1422
33,6803f88d00ca66af008b744b43d9a14c188c06e4a7c319449e11ef1979d20089,Microscopio\Microscopio biodonostia\0522 Biodonostia\2024_10_24__4480.czi,ID60 HL / H&E / 1422,1422,60,L2,the folder `0522 Biodonostia` claims 0522 (Confirmed); the label names 1422
34,93fa9656d02058d78cf79a0e2aec9f6f9bd8d5365eff0211acc68b816f61eaca,biomaGUNE MJ\Manosa and 2DG Male_Proyecto 1422\Raw data\Microscopio\Microscopio-biodonostia\2024_10_24__4480.czi,ID60 HL / H&E / 1422,1422,60,L1,
35,83810dc8773e7639abca3d5550b632bc6b3099927a8bbf7a245a5da14607b065,Microscopio\Microscopio biodonostia\0522 Biodonostia\2024_10_24__4481.czi,ID61 HL / H&E / 1422,1422,61,L2,the folder `0522 Biodonostia` claims 0522 (Confirmed); the label names 1422
36,a4fa995ece31156a29dac67b609c306037647f3d743d56905569c0ed9e618ae9,biomaGUNE MJ\Manosa and 2DG Male_Proyecto 1422\Raw data\Microscopio\Microscopio-biodonostia\2024_10_24__4481.czi,ID61 HL / H&E / 1422,1422,61,L1,
37,0c0e5649e7803212b6918483066cb2d4ec4772cb7cbd263f12d628b47864757b,biomaGUNE MJ\Manosa and 2DG Male_Proyecto 1422\Raw data\Microscopio\Microscopio-biodonostia\2024_10_24__4482.czi,ID62 HL / H&E / 1422,1422,62,L1,
38,72e5fd99a8e4b5ab7f76eecfade88d4e48a5fda41270af7420f39c9c85a1583c,Microscopio\Microscopio biodonostia\0522 Biodonostia\2024_10_24__4482.czi,ID62 HL / H&E / 1422,1422,62,L2,the folder `0522 Biodonostia` claims 0522 (Confirmed); the label names 1422
39,60ec91791947e0a006fad97c4d897d20ddc86826c04986e54c079d7fea392221,Microscopio\Microscopio biodonostia\0522 Biodonostia\2024_10_24__4466-1.czi,ID46 HL / H&E / 1422,1422,46,L2,the folder `0522 Biodonostia` claims 0522 (Confirmed); the label names 1422
40,8243d73463379cd2bdcf1462bae8b4744befde5b9f1a1501fe905c9189c4b876,Microscopio\Microscopio biodonostia\0522 Biodonostia\2024_10_24__4467-1.czi,ID47 HL / H&E / 1422,1422,47,L2,the folder `0522 Biodonostia` claims 0522 (Confirmed); the label names 1422
41,c308927208b1bb455775da2bedd38b4a8bbd42ea900134bbeb192ecf3b0d1183,biomaGUNE MJ\Manosa and 2DG Male_Proyecto 1422\Raw data\Microscopio\Microscopio-biodonostia\2024_10_24__4467-1.czi,ID47 HL / H&E / 1422,1422,47,L1,
42,2c4036bf6c2fd9f88ea79f8f5b94b85ce5962125a63256ab92575323893a8d13,biomaGUNE MJ\Manosa and 2DG Male_Proyecto 1422\Raw data\Microscopio\Microscopio-biodonostia\2024_10_24__4469-1.czi,ID49 HL * / H&E / 1422,1422,49,L1,
43,ecb677d9ad532cc90f7147cf5315473e4be4977f0d8d42139620f6215475d555,Microscopio\Microscopio biodonostia\0522 Biodonostia\2024_10_24__4469-1.czi,ID49 HL * / H&E / 1422,1422,49,L2,the folder `0522 Biodonostia` claims 0522 (Confirmed); the label names 1422
44,9f4f8f332e4b2d2b009e7564d60b75d47e8b3d847013749d8545fcf2586b5a26,Microscopio\Microscopio biodonostia\0522 Biodonostia\2024_10_24__4477-1.czi,ID57 HL / H&E / 1422,1422,57,L2,the folder `0522 Biodonostia` claims 0522 (Confirmed); the label names 1422
45,ef2b3195bf411705d3b4996e3a7ce6b65c0d48f2749193bf0f9d7a2f97d143c6,biomaGUNE MJ\Manosa and 2DG Male_Proyecto 1422\Raw data\Microscopio\Microscopio-biodonostia\2024_10_24__4477-1.czi,ID57 HL / H&E / 1422,1422,57,L1,
46,81f0aa905f5643027a5d4fc4a91ef61e5740d024b798adf10cad19be3df95bd5,Microscopio\Microscopio biodonostia\BIOMAGUNE\2024_11_11__4592.czi,ID15 H / 0522 H&E / 3mo,0522,15,L1,
47,b048af192899603cb841e315f02c1363c975ed8b0652dd5007644a56b2b35ca2,Microscopio\Microscopio biodonostia\BIOMAGUNE\2024_11_11__4566.czi,ID16 H / 0522 H&E / 3mo,0522,16,L1,
48,be2cd6870c3c0dc08de201dbfada25d06012494adcc29d9320b3e9da0353c226,Microscopio\Microscopio biodonostia\BIOMAGUNE\2024_11_11__4567.czi,ID20 H / 0522 H&E / 3mo,0522,20,L1,
49,f5a47d2a09300d88e3b68cc1c9a0f00fb2a02166ae2558ff7539ead5c65b58a3,Microscopio\Microscopio biodonostia\BIOMAGUNE\2024_11_11__4568.czi,ID21 H / 0522 H&E,0522,21,L1,
50,daab1680e6b98c9f4c5378dbd3753233ce5e1202d1fa3382a3ddec78cec2a253,Microscopio\Microscopio biodonostia\BIOMAGUNE\2024_11_11__4569.czi,ID25 H / 0522 H&E,0522,25,L1,
51,0fca4aee82bf5a32cfb8f30044ff1e39d574357e5dd9133488955831bb7e5118,Microscopio\Microscopio biodonostia\BIOMAGUNE\2024_11_11__4570.czi,ID26 H / 0522 H&E,0522,26,L1,
52,35faa6a9cbcda09a2a456d62c288dc5a2fda7076d16467275943cf9cdd9276b5,Microscopio\Microscopio biodonostia\BIOMAGUNE\2024_11_11__4571.czi,ID46 0522 / lung heart / H&E,0522,46,L1,
53,85c82a4608b6aad454c8ad4f1255d56b2d5688cff00f3cc49fa08b6679c21093,Microscopio\Microscopio biodonostia\BIOMAGUNE\2024_11_11__4582.czi,ID48 0522 / lung heart / H&E,0522,48,L1,
54,c16bd896b3b2e12d5a8c993edcc3367672a970bb71100679f2409f96452a1e6d,Microscopio\Microscopio biodonostia\BIOMAGUNE\2024_11_11__4583.czi,ID49 0522 / heart / H&E,0522,49,L1,
55,5fb012a413f236c36429b3e7f126579df69cb940e6d65c04bfc0ece82f912a9b,Microscopio\Microscopio biodonostia\BIOMAGUNE\2024_11_11__4584.czi,ID55 0522 / lung heart / H&E,0522,55,L1,
56,6dd3b8de7841dadbd2af596ae21f93edaf10e6bb44d68fa5e0a620526047d0d6,Microscopio\Microscopio biodonostia\BIOMAGUNE\2024_11_11__4585.czi,ID56 0522 / lung heart / H&E,0522,56,L1,
57,580f6d8275ead8abffafe21cce82b8aaa5fb7c98ca95a374e41e6986632980c7,Microscopio\Microscopio biodonostia\BIOMAGUNE\2024_11_11__4586.czi,202 II / HE / NMX (no protocol on the label),,,,the label names no protocol: not used
58,67d84e25bfcdb5242aff9cb233054f570d8b53521159174b6a99e871e7e0d018,Microscopio\Microscopio biodonostia\BIOMAGUNE\2024_11_11__4587.czi,203 II / HE / NMX (no protocol on the label),,,,the label names no protocol: not used
59,405b339c18c70f22ca92c71a94ec09847ac8a7849072241e6d8b2e16aa5922d3,Microscopio\Microscopio biodonostia\BIOMAGUNE\2024_11_11__4588.czi,204 II / HE / NMX (no protocol on the label),,,,the label names no protocol: not used
60,498d1fbc2f71bf2f58d06e175d277484627081fa16ba34037074d59f0df094ef,Microscopio\Microscopio biodonostia\BIOMAGUNE\2024_11_11__4589.czi,207 II / HE / SuHx (no protocol on the label),,,,the label names no protocol: not used
61,a586d6e607a45a5e9740eff3303094e3fe0799ee4d354ca3fd51454b58008a4f,Microscopio\Microscopio biodonostia\BIOMAGUNE\2024_11_11__4590.czi,208 II / HE / ? (no protocol on the label),,,,the label names no protocol: not used
62,ae2856551aed2636da7e5e5a1d4a5fec5acd7d6673826fe992b94ae05b7c87da,Microscopio\Microscopio biodonostia\BIOMAGUNE\2024_11_11__4591.czi,209 II / HE / SuHx (no protocol on the label),,,,the label names no protocol: not used
63,5e6c7fe80db6edcfe849df8518b8bce66666f7032f5ce7cdcc15ae1c0a7e63c6,Microscopio\Microscopio biodonostia\escaner\H&E\2025_02_14__5234.czi,ID1 H+L / H&E / 0424,0424,1,L1,
64,6cd21c6a023761725e2080b6004e1a1d2108c77297594dfed06a7e9f9ff4d0f5,Microscopio\Histologia_ratones_viejos\HE\2025_02_14__5234.czi,(no label: the file is truncated),,,,the label names no protocol: not used
65,a0c1598c9c6a8c91298b71e5619284121190a8bfaa3d41a537ae80b9c7478a2a,Microscopio\Histologia_ratones_viejos\HE\ID1_0424_H+L.czi,ID1 H+L / H&E / 0424,0424,1,L1,
66,60db60e5178acf8de72ed186f8e2e794822b37b828a2d80e8957ea05b5b86d9f,Microscopio\Histologia_ratones_viejos\HE\ID2_0424_H+L 1.czi,ID2 H+L / H&E / 0424,0424,2,L1,
67,d663aa075864bd3081e99ce7bec82ac3c948e096eb98116c0b4c7b73063e35cd,Microscopio\Microscopio biodonostia\escaner\H&E\2025_02_14__5235.czi,ID2 H+L / H&E / 0424,0424,2,L1,
68,379468ef1661f38a02141357f1c22c27a819ede205d3020067a76ed0a7d182ec,Microscopio\Histologia_ratones_viejos\HE\ID3_0424_H+L 1.czi,ID3 H+L / H&E / 0424,0424,3,L1,
69,8cfe2f1aaba79c8e293f97d3190fdda16fd4fa0cb7dc1196ff3147b681aa1c48,Microscopio\Histologia_ratones_viejos\HE\ID4_0424_H+L 1.czi,ID4 H+L / H&E / 0424,0424,4,L1,
70,78030d41477840d25f757d4b9e5a41005c092b35912146c4ebd3938aaba3442a,Microscopio\Histologia_ratones_viejos\HE\ID10_0424_H+L 1.czi,ID10 H+L / H&E / 0424,0424,10,L1,
71,961f22fe02986d55b0eb3c47efda4bba8b9252b596c8bf05e09a375b53635a2d,Microscopio\Histologia_ratones_viejos\HE\ID12_0424_H+L 1.czi,ID12 H+L / H&E / 0424,0424,12,L1,
72,fd75995fabec8c084b53ef8c1a554c502f4cd789817d13de1229667f475b717d,Microscopio\Microscopio biodonostia\escaner\H&E\2025_02_14__5239.czi,ID12 H+L / H&E / 0424,0424,12,L1,
73,efde8d8937e4aa7d7436d772d17ccf27dd97946fe6783b3aa284cc332a817a74,Microscopio\Histologia_ratones_viejos\HE\ID13_0424_H+L 1.czi,ID13 H+L / H/E / 0424,0424,13,L1,
74,3f8412252fbfae11bfaa8b31bca13fe1d156b9ec77db7270e0d9cd3e5a879ad4,Microscopio\Histologia_ratones_viejos\HE\ID14_0424_L 1.czi,ID14 L / H&E / 0424,0424,14,L1,
75,9df0d313abf3e50f38908a8f300e1bb31c4f33e485fa142cc9e7edae14edb2fe,Microscopio\Histologia_ratones_viejos\HE\ID160_1019 II 1.czi,ID160 II / P1019-3 H&E / 04/23,1019,160,L1,
76,6c05c5e70ad5ae1c431c545b7fb2764e0cea27cbb2cea94d56004bb746d471ed,Microscopio\Histologia_ratones_viejos\HE\ID161_1019_II 1.czi,ID161 II / P1019-3 H&E / 04/23,1019,161,L1,
77,ef605fd87c520db549a80fdaa4431a1686f1372efed245ac3f9fa3979dd67c26,Microscopio\Histologia_ratones_viejos\HE\ID162_1019II 1.czi,ID162 II / P1019-3 H&E / 04/23,1019,162,L1,
78,20df7c11827bf03fc71dcfa7b70a29789de5a78e1ee708e140f363b5a7e8e74d,Microscopio\Histologia_ratones_viejos\HE\ID167_1019_II 1.czi,ID167 II / P1019-3 H&E / 04/23,1019,167,L1,
79,d50f421aafd85f65d815f4f07ee7312c10bc6a4440d7bcbb5ec1586024edc983,Microscopio\Histologia_ratones_viejos\HE\ID168_1019_II 1.czi,ID168 II / P1019-3 H&E / 04/23,1019,168,L1,
80,71aa905e55bf466b39be8c9de375bf15e3e7c0951c5dd91e26920e00f78726ab,Microscopio\Histologia_ratones_viejos\HE\ID169_1019_II 1.czi,ID169 II / P1019-3 H&E / 04/23,1019,169,L1,
81,339787e5a9591651f361a384a6325fc5209e0f934b15c3e32ccae5eade0303ed,Microscopio\Histologia_ratones_viejos\SR\ID160 II 3.czi,160 II / PR (no protocol on the label),,,,the label names no protocol: not used
82,cb246f9453986eec6b3950dee8b68e340171ba3141843287b1a5a2cec9d5cc73,Microscopio\Histologia_ratones_viejos\SR\ID161 II 3.czi,161 II / PR (no protocol on the label),,,,the label names no protocol: not used
83,e8160f3245550af2d6ba5511478b66fcc1af7295d2daa62629a534599ba1f283,Microscopio\Histologia_ratones_viejos\SR\ID162 II 3.czi,162 II / PR (no protocol on the label),,,,the label names no protocol: not used
84,1ee21403b8c38e7c5565341ba53fefbfab589b2be7f210120fc4e64476e9244c,Microscopio\Histologia_ratones_viejos\SR\ID167 II 3.czi,ID167 II / 1019-3 / 18mo,1019,167,L1,
85,b10cd5d59c1aef1d14efff55350ed134eb2695bad67f3c4ca959455e4b1f4d99,Microscopio\Histologia_ratones_viejos\SR\ID168 II 3.czi,ID168 II / 1019-3 / 18mo,1019,168,L1,
86,e177e404b2dc087d3228f407ba99b5ce0751a3f3719ff4daa906694223e2657d,Microscopio\Microscopio biodonostia\escaner\PR\2025_02_17__5253.czi,ID169 II / 1019-3 / 18mo,1019,169,L1,
87,e1cf4da5ae0d549a4ed375e182290a65b7325fcb3dd6eb752e67b6c713a07269,Microscopio\Histologia_ratones_viejos\SR\ID169 II 3.czi,ID169 II / 1019-3 / 18mo,1019,169,L1,
88,c1d198f369ab713ec76e01f6f6fc3a39ddf0c715a419a9f9cf89c3c6adbddf60,Microscopio\Histologia_ratones_viejos\SR\ID1 H + L 3.czi,ID1 H+L / PR / 0424,0424,1,L1,
89,cc2f3a9b9ae321bbd1c68928236701b57cbaf5982e2e44e59972b4d980a43d84,Microscopio\Histologia_ratones_viejos\SR\ID2 H + L 3.czi,ID2 H+L / PR / 0424,0424,2,L1,
90,140f5c9412ab112cd5f9217d089676a2d1fac0bf3db5d4752c7c0e35e3c9263d,Microscopio\Histologia_ratones_viejos\SR\ID3 H + L 3.czi,ID3 H+L / PR / 0424,0424,3,L1,
91,bbce8d74a615df9105c3111de57da20ec3ae7bee8c860e8dc9255821eb61c459,Microscopio\Histologia_ratones_viejos\SR\ID4 H + L 3.czi,ID4 H+L / PR / 0424,0424,4,L1,
92,f5e4611a8e7170663ba787a241abe32e0fd1434d472f6ec124bf6a0f127a8d63,Microscopio\Microscopio biodonostia\escaner\PR\2025_02_17__5258.czi,ID10 H+L / PR / 0424,0424,10,L1,
93,fdce2fefaab19883785ac541165ec05c40dac7f89a928674a7565b9a9d154d84,Microscopio\Histologia_ratones_viejos\SR\ID10 H + L 3.czi,ID10 H+L / PR / 0424,0424,10,L1,
94,9fe23e43d24e2f2638b51b2cc6e81912b0a4153a5d76c975cb2a0f522dfe9e14,Microscopio\Histologia_ratones_viejos\SR\ID12 H + L 3.czi,ID12 H+L / PR / 0424,0424,12,L1,
95,2586666e7f9ccd16d2f7942e4db5db7c4d9a681241a58fb22c00de48ac941916,Microscopio\Histologia_ratones_viejos\SR\ID14 H + L 3.czi,ID14 L / PR / 0424,0424,14,L1,
96,84645c7da9c5150dc56b6ab1b3a0c42afc658c695200a4781026f875ddf92f15,Microscopio\Histologia_ratones_viejos\Tricrómico\ID160 II 2.czi,ID160 II / 1019-3 Masson / 04/23,1019,160,L1,
97,bbf00ac0852e974f87882ad6bf80a6c2fb08f7403e98b66b458311dbcb9e68aa,Microscopio\Histologia_ratones_viejos\Tricrómico\ID161 II 2.czi,ID161 II / 1019-3 Masson / 04/23,1019,161,L1,
98,aa5ca49069e32af52198876367cddd277cb4e84c159f35ad93a4e65652233c94,Microscopio\Histologia_ratones_viejos\Tricrómico\ID162 II 2.czi,ID162 II / 1019-3 Masson / 04/23,1019,162,L1,
99,6ec2a3d5f9134aab9be435197998852920ee753517347fc35082c690ae9b04ba,Microscopio\Histologia_ratones_viejos\Tricrómico\ID167 II 2.czi,ID167 II / 1019-3 Masson / 04/23,1019,167,L1,
100,d4c7e0dfa2165b986f03b425836ed975fbff7692a7456cb6a3b5e8819bfbecec,Microscopio\Microscopio biodonostia\escaner\Masson\2025_02_17__5264.czi,ID167 II / 1019-3 Masson / 04/23,1019,167,L1,
101,5ebc231b7aabd98db1a6908c30b4c17695a78718ebc6d528a326b03ac355172d,Microscopio\Microscopio biodonostia\escaner\Masson\2025_02_17__5265.czi,ID168 II / 1019-3 Masson / 04/23,1019,168,L1,
102,6a0d7b5c10877ac4f7f72aeb2eb9833baa5476e7a0510382757b443bed486a8e,Microscopio\Histologia_ratones_viejos\Tricrómico\ID168 II 2.czi,ID168 II / 1019-3 Masson / 04/23,1019,168,L1,
103,6f6cdaa821b9307033aea3703ad299e9c806552ba0c919be868c0bee30ab7680,Microscopio\Histologia_ratones_viejos\Tricrómico\ID169 II 2.czi,ID169 II / 1019-3 Masson / 04/23,1019,169,L1,
104,1ad5ec3e2e0253e44db4bf509dd5ab76d9993e9e47baec915dd41bbab288ce80,Microscopio\Histologia_ratones_viejos\Tricrómico\ID1_0424_H+L 2.czi,ID1 H+L / Masson / 0424,0424,1,L1,
105,74b7ba570cc1b810ed08f60188e478bd03349a0f06f47a23d8e5e9306eb8fe7b,Microscopio\Microscopio biodonostia\escaner\Masson\2025_02_17__5267.czi,ID1 H+L / Masson / 0424,0424,1,L1,
106,752f6ba4d5e572a5e54cc4aedbbee76a90a0b8c80a502dc69ee0b3b358f5b945,Microscopio\Histologia_ratones_viejos\Tricrómico\ID2_0424_H+L 2.czi,ID2 H+L / Masson / 0424,0424,2,L1,
107,402c9cc9834e87ebf79d7c2679a5767ed3ef00f2ffd3b09657d1c5e6e391cc20,Microscopio\Microscopio biodonostia\escaner\Masson\2025_02_17__5269.czi,ID3 H+L / Masson / 0424,0424,3,L1,
108,c4afdc0235f75f697d5ee20c99947dd337b0da784f16d8c9409d4b4f85320f59,Microscopio\Histologia_ratones_viejos\Tricrómico\ID3_0424_H+L 2.czi,ID3 H+L / Masson / 0424,0424,3,L1,
109,66c8a87ac70dc6ea74612e89c46852f745ee189b87d18413d36f6b6bdea601ad,Microscopio\Histologia_ratones_viejos\Tricrómico\ID4_0424_H+L 2.czi,ID4 H+L / Masson / 0424,0424,4,L1,
110,e647a4215813065b62642809095aa7ad507f60f44b4cf4e07b4c496eccc4c60d,Microscopio\Microscopio biodonostia\escaner\Masson\2025_02_17__5270.czi,ID4 H+L / Masson / 0424,0424,4,L1,
111,884899ebf84af0410ccb86888d6781b0e2b9ed73bcb19eb4ae44ace5fcf31f8e,Microscopio\Histologia_ratones_viejos\Tricrómico\ID10_0424_H+L 2.czi,ID10 H+L / Masson / 0424,0424,10,L1,
112,f1442268d63da739f39b9440cc52ce4f11085c5aaf8728c04aa3303fbe93f938,Microscopio\Microscopio biodonostia\escaner\Masson\2025_02_17__5271.czi,ID10 H+L / Masson / 0424,0424,10,L1,
113,8d58d43f2bdf9cdc13e897076cc1bb81d557bf8208e81ef15d409bdabfa10324,Microscopio\Microscopio biodonostia\escaner\Masson\2025_02_17__5272.czi,ID12 H+L / Masson / 0424,0424,12,L1,
114,d02725414c9b21dcec142cd4853110b67da024ecf387b547bfc800b55d733f7b,Microscopio\Histologia_ratones_viejos\Tricrómico\ID12_0424_H+L 2.czi,ID12 H+L / Masson / 0424,0424,12,L1,
115,b934b5fd2e0b1c7ee3db6f9de357f06a7546d9b6952b6465ba145bda1c0d9fa9,Microscopio\Histologia_ratones_viejos\Tricrómico\ID13_0424_H+L 2.czi,ID13 H+L / Masson / 0424,0424,13,L1,
116,8c341666c3ece8458c9986029226db23a68a091fb98a392891da73a439dae780,Microscopio\Histologia_ratones_viejos\Tricrómico\ID14_0424_H+L 2.czi,ID14 H+L / Masson / 0424,0424,14,L1,
