original_name,project,project_name,subject,animal_codes,sample_type,researcher_folder,note,drive_relpath
20210322092627_PET_OSEM_1,0619,AE-biomaGUNE-0619,121,121,organism,MJ,DICOM console user: garazi.,PET\0619\0619 2DG\Machos\121\20210322092627_PET_OSEM_1.dcm
20210322094046_CT_ISRA_0,0619,AE-biomaGUNE-0619,121,121,organism,MJ,DICOM console user: irati.,PET\0619\0619 2DG\Machos\121\20210322094046_CT_ISRA_0.dcm
20210322100253_PET_OSEM_1,0619,AE-biomaGUNE-0619,122,122,organism,MJ,DICOM console user: irati.,PET\0619\0619 2DG\Machos\122\20210322100253_PET_OSEM_1.dcm
20210322101538_CT_ISRA_0,0619,AE-biomaGUNE-0619,122,122,organism,MJ,DICOM console user: irati.,PET\0619\0619 2DG\Machos\122\20210322101538_CT_ISRA_0.dcm
20210322103908_PET_OSEM_1,0619,AE-biomaGUNE-0619,123,123,organism,MJ,DICOM console user: irati.,PET\0619\0619 2DG\Machos\123\20210322103908_PET_OSEM_1.dcm
20210322105149_CT_ISRA_0,0619,AE-biomaGUNE-0619,123,123,organism,MJ,DICOM console user: irati.,PET\0619\0619 2DG\Machos\123\20210322105149_CT_ISRA_0.dcm
20210322105707_PET_OSEM_1,0619,AE-biomaGUNE-0619,127,127,organism,MJ,DICOM console user: irati.,PET\0619\0619 2DG\Machos\127\20210322105707_PET_OSEM_1.dcm
20210322111022_CT_ISRA_0,0619,AE-biomaGUNE-0619,127,127,organism,MJ,DICOM console user: irati.,PET\0619\0619 2DG\Machos\127\20210322111022_CT_ISRA_0.dcm
20210322111652_PET_OSEM_1,0619,AE-biomaGUNE-0619,128,128,organism,MJ,DICOM console user: irati.,PET\0619\0619 2DG\Machos\128\20210322111652_PET_OSEM_1.dcm
20210322112946_CT_ISRA_0,0619,AE-biomaGUNE-0619,128,128,organism,MJ,DICOM console user: irati.,PET\0619\0619 2DG\Machos\128\20210322112946_CT_ISRA_0.dcm
20210322113837_PET_OSEM_1,0619,AE-biomaGUNE-0619,129,129,organism,MJ,DICOM console user: irati.,PET\0619\0619 2DG\Machos\129\20210322113837_PET_OSEM_1.dcm
20210322115121_CT_ISRA_0,0619,AE-biomaGUNE-0619,129,129,organism,MJ,DICOM console user: irati.,PET\0619\0619 2DG\Machos\129\20210322115121_CT_ISRA_0.dcm
20210322115759_PET_OSEM_1,0619,AE-biomaGUNE-0619,133,133,organism,MJ,DICOM console user: irati.,PET\0619\0619 2DG\Machos\133\20210322115759_PET_OSEM_1.dcm
20210322121126_CT_ISRA_0,0619,AE-biomaGUNE-0619,133,133,organism,MJ,DICOM console user: irati.,PET\0619\0619 2DG\Machos\133\20210322121126_CT_ISRA_0.dcm
20210322122248_PET_OSEM_1,0619,AE-biomaGUNE-0619,134,134,organism,MJ,DICOM console user: irati.,PET\0619\0619 2DG\Machos\134\20210322122248_PET_OSEM_1.dcm
20210322123526_CT_ISRA_0,0619,AE-biomaGUNE-0619,134,134,organism,MJ,DICOM console user: irati.,PET\0619\0619 2DG\Machos\134\20210322123526_CT_ISRA_0.dcm
20210322124113_PET_OSEM_1,0619,AE-biomaGUNE-0619,135,135,organism,MJ,DICOM console user: irati.,PET\0619\0619 2DG\Machos\135\20210322124113_PET_OSEM_1.dcm
20210322125350_CT_ISRA_0,0619,AE-biomaGUNE-0619,135,135,organism,MJ,DICOM console user: irati.,PET\0619\0619 2DG\Machos\135\20210322125350_CT_ISRA_0.dcm
20210322125859_PET_OSEM_1,0619,AE-biomaGUNE-0619,139,139,organism,MJ,DICOM console user: irati.,PET\0619\0619 2DG\Machos\139\20210322125859_PET_OSEM_1.dcm
20210322131222_CT_ISRA_0,0619,AE-biomaGUNE-0619,139,139,organism,MJ,DICOM console user: irati.,PET\0619\0619 2DG\Machos\139\20210322131222_CT_ISRA_0.dcm
20210322131400_PET_OSEM_1,0619,AE-biomaGUNE-0619,140,140,organism,MJ,DICOM console user: irati.,PET\0619\0619 2DG\Machos\140\20210322131400_PET_OSEM_1.dcm
20210322132704_CT_ISRA_0,0619,AE-biomaGUNE-0619,140,140,organism,MJ,DICOM console user: irati.,PET\0619\0619 2DG\Machos\140\20210322132704_CT_ISRA_0.dcm
20210322134002_PET_OSEM_1,0619,AE-biomaGUNE-0619,141,141,organism,MJ,DICOM console user: irati.,PET\0619\0619 2DG\Machos\141\20210322134002_PET_OSEM_1.dcm
20210322135249_CT_ISRA_0,0619,AE-biomaGUNE-0619,141,141,organism,MJ,DICOM console user: irati.,PET\0619\0619 2DG\Machos\141\20210322135249_CT_ISRA_0.dcm
20210322140556_PET_OSEM_1,0619,AE-biomaGUNE-0619,124,124,organism,MJ,DICOM console user: irati.,PET\0619\0619 2DG\Machos\124\20210322140556_PET_OSEM_1.dcm
20210322141829_CT_ISRA_0,0619,AE-biomaGUNE-0619,124,124,organism,MJ,DICOM console user: irati.,PET\0619\0619 2DG\Machos\124\20210322141829_CT_ISRA_0.dcm
20210322142621_PET_OSEM_1,0619,AE-biomaGUNE-0619,130,130,organism,MJ,DICOM console user: irati.,PET\0619\0619 2DG\Machos\130\20210322142621_PET_OSEM_1.dcm
20210322143919_CT_ISRA_0,0619,AE-biomaGUNE-0619,130,130,organism,MJ,DICOM console user: irati.,PET\0619\0619 2DG\Machos\130\20210322143919_CT_ISRA_0.dcm
20210322144529_PET_OSEM_1,0619,AE-biomaGUNE-0619,136,136,organism,MJ,DICOM console user: irati.,PET\0619\0619 2DG\Machos\136\20210322144529_PET_OSEM_1.dcm
20210322145842_CT_ISRA_0,0619,AE-biomaGUNE-0619,136,136,organism,MJ,DICOM console user: irati.,PET\0619\0619 2DG\Machos\136\20210322145842_CT_ISRA_0.dcm
20210322150317_PET_OSEM_1,0619,AE-biomaGUNE-0619,142,142,organism,MJ,DICOM console user: irati.,PET\0619\0619 2DG\Machos\142\20210322150317_PET_OSEM_1.dcm
20210322151551_CT_ISRA_0,0619,AE-biomaGUNE-0619,142,142,organism,MJ,DICOM console user: irati.,PET\0619\0619 2DG\Machos\142\20210322151551_CT_ISRA_0.dcm
20210601091409_PET_OSEM_0,0320,AE-biomaGUNE-0320,14,14,organism,MJ,DICOM console user: irati.,PET\0320\14\20210601091409_PET_OSEM_0.dcm
20210601092648_CT_ISRA_0,0320,AE-biomaGUNE-0320,14,14,organism,MJ,DICOM console user: irati.,PET\0320\14\20210601092648_CT_ISRA_0.dcm
20210601092815_PET_OSEM_0,0320,AE-biomaGUNE-0320,15,15,organism,MJ,DICOM console user: irati.,PET\0320\15\20210601092815_PET_OSEM_0.dcm
20210601094055_CT_ISRA_0,0320,AE-biomaGUNE-0320,15,15,organism,MJ,DICOM console user: irati.,PET\0320\15\20210601094055_CT_ISRA_0.dcm
20210601094748_PET_OSEM_0,0320,AE-biomaGUNE-0320,18,18,organism,MJ,DICOM console user: irati.,PET\0320\18\20210601094748_PET_OSEM_0.dcm
20210601100036_CT_ISRA_0,0320,AE-biomaGUNE-0320,18,18,organism,MJ,DICOM console user: irati.,PET\0320\18\20210601100036_CT_ISRA_0.dcm
20210601100208_PET_OSEM_0,0320,AE-biomaGUNE-0320,16,16,organism,MJ,DICOM console user: irati.,PET\0320\16\20210601100208_PET_OSEM_0.dcm
20210601101449_CT_ISRA_0,0320,AE-biomaGUNE-0320,16,16,organism,MJ,DICOM console user: irati.,PET\0320\16\20210601101449_CT_ISRA_0.dcm
20210601101709_PET_OSEM_0,0320,AE-biomaGUNE-0320,17,17,organism,MJ,DICOM console user: irati.,PET\0320\17\20210601101709_PET_OSEM_0.dcm
20210601102959_CT_ISRA_0,0320,AE-biomaGUNE-0320,17,17,organism,MJ,DICOM console user: irati.,PET\0320\17\20210601102959_CT_ISRA_0.dcm
20210601103750_PET_OSEM_0,0320,AE-biomaGUNE-0320,27,27,organism,MJ,DICOM console user: irati.,PET\0320\27\20210601103750_PET_OSEM_0.dcm
20210601105036_CT_ISRA_0,0320,AE-biomaGUNE-0320,27,27,organism,MJ,DICOM console user: irati.,PET\0320\27\20210601105036_CT_ISRA_0.dcm
20210601110349_PET_OSEM_0,0320,AE-biomaGUNE-0320,28,28,organism,MJ,DICOM console user: irati.,PET\0320\28\20210601110349_PET_OSEM_0.dcm
20210601111651_CT_ISRA_0,0320,AE-biomaGUNE-0320,28,28,organism,MJ,DICOM console user: irati.,PET\0320\28\20210601111651_CT_ISRA_0.dcm
20210727093302_PET_OSEM_0,0619,AE-biomaGUNE-0619,152,152,organism,MJ,DICOM console user: irati.,PET\0619\0619 2DG\Hembras\2-DG\152\20210727093302_PET_OSEM_0.dcm
20210727094445_CT_ISRA_0,0619,AE-biomaGUNE-0619,152,152,organism,MJ,DICOM console user: irati.,PET\0619\0619 2DG\Hembras\2-DG\152\20210727094445_CT_ISRA_0.dcm
20210727094612_PET_OSEM_0,0619,AE-biomaGUNE-0619,153,153,organism,MJ,DICOM console user: irati.,PET\0619\0619 2DG\Hembras\2-DG\153\20210727094612_PET_OSEM_0.dcm
20210727095730_CT_ISRA_0,0619,AE-biomaGUNE-0619,153,153,organism,MJ,DICOM console user: irati.,PET\0619\0619 2DG\Hembras\2-DG\153\20210727095730_CT_ISRA_0.dcm
20210727100646_PET_OSEM_0,0619,AE-biomaGUNE-0619,154,154,organism,MJ,DICOM console user: irati.,PET\0619\0619 2DG\Hembras\2-DG\154\20210727100646_PET_OSEM_0.dcm
20210727101845_CT_ISRA_0,0619,AE-biomaGUNE-0619,154,154,organism,MJ,DICOM console user: irati.,PET\0619\0619 2DG\Hembras\2-DG\154\20210727101845_CT_ISRA_0.dcm
20210727102725_PET_OSEM_0,0619,AE-biomaGUNE-0619,155,155,organism,MJ,DICOM console user: irati.,PET\0619\0619 2DG\Hembras\2-DG\155\20210727102725_PET_OSEM_0.dcm
20210727103926_CT_ISRA_0,0619,AE-biomaGUNE-0619,155,155,organism,MJ,DICOM console user: irati.,PET\0619\0619 2DG\Hembras\2-DG\155\20210727103926_CT_ISRA_0.dcm
20210728091700_PET_OSEM_0,0619,AE-biomaGUNE-0619,145,145,organism,MJ,DICOM console user: irati.,PET\0619\0619 2DG\Hembras\2-DG\145\20210728091700_PET_OSEM_0.dcm
20210728092851_CT_ISRA_0,0619,AE-biomaGUNE-0619,145,145,organism,MJ,DICOM console user: irati.,PET\0619\0619 2DG\Hembras\2-DG\145\20210728092851_CT_ISRA_0.dcm
20210728093901_PET_OSEM_0,0619,AE-biomaGUNE-0619,146,146,organism,MJ,DICOM console user: irati.,PET\0619\0619 2DG\Hembras\2-DG\146\20210728093901_PET_OSEM_0.dcm
20210728095026_CT_ISRA_0,0619,AE-biomaGUNE-0619,146,146,organism,MJ,DICOM console user: irati.,PET\0619\0619 2DG\Hembras\2-DG\146\20210728095026_CT_ISRA_0.dcm
20210728100435_PET_OSEM_0,0619,AE-biomaGUNE-0619,147,147,organism,MJ,DICOM console user: irati.,PET\0619\0619 2DG\Hembras\2-DG\147\20210728100435_PET_OSEM_0.dcm
20210728101601_CT_ISRA_0,0619,AE-biomaGUNE-0619,147,147,organism,MJ,DICOM console user: irati.,PET\0619\0619 2DG\Hembras\2-DG\147\20210728101601_CT_ISRA_0.dcm
20210728102325_PET_OSEM_0,0619,AE-biomaGUNE-0619,148,148,organism,MJ,DICOM console user: irati.,PET\0619\0619 2DG\Hembras\2-DG\148\20210728102325_PET_OSEM_0.dcm
20210728103456_CT_ISRA_0,0619,AE-biomaGUNE-0619,148,148,organism,MJ,DICOM console user: irati.,PET\0619\0619 2DG\Hembras\2-DG\148\20210728103456_CT_ISRA_0.dcm
20210928092250_PET_OSEM_0,0619,AE-biomaGUNE-0619,159,159,organism,MJ,DICOM console user: irati.,PET\0619\0619 2DG\Hembras\2-DG\159\20210928092250_PET_OSEM_0.dcm
20210928093603_CT_ISRA_0,0619,AE-biomaGUNE-0619,159,159,organism,MJ,DICOM console user: irati.,PET\0619\0619 2DG\Hembras\2-DG\159\20210928093603_CT_ISRA_0.dcm
20210928094404_PET_OSEM_0,0619,AE-biomaGUNE-0619,160,160,organism,MJ,"renamed on the drive as PET.dcm.dcm; the scanner's name 20210928094404_PET_OSEM_0 is rebuilt from the header (AcquisitionDateTime, Modality, algorithm) with recon index 0 from the session's other reconstructions; DICOM console user: irati.",PET\0619\0619 2DG\Hembras\2-DG\160\PET.dcm.dcm
20210928095623_CT_ISRA_0,0619,AE-biomaGUNE-0619,160,160,organism,MJ,"renamed on the drive as CT.dcm.dcm; the scanner's name 20210928095623_CT_ISRA_0 is rebuilt from the header (AcquisitionDateTime, Modality, algorithm) with recon index 0 from the session's other reconstructions; DICOM console user: irati.",PET\0619\0619 2DG\Hembras\2-DG\160\CT.dcm.dcm
20210928100533_PET_OSEM_0,0619,AE-biomaGUNE-0619,161,161,organism,MJ,DICOM console user: irati.,PET\0619\0619 2DG\Hembras\2-DG\161\20210928100533_PET_OSEM_0.dcm
20210928101813_CT_ISRA_0,0619,AE-biomaGUNE-0619,161,161,organism,MJ,DICOM console user: irati.,PET\0619\0619 2DG\Hembras\2-DG\161\20210928101813_CT_ISRA_0.dcm
20210928102337_PET_OSEM_0,0619,AE-biomaGUNE-0619,162,162,organism,MJ,DICOM console user: irati.,PET\0619\0619 2DG\Hembras\2-DG\162\20210928102337_PET_OSEM_0.dcm
20210928103518_CT_ISRA_0,0619,AE-biomaGUNE-0619,162,162,organism,MJ,DICOM console user: irati.,PET\0619\0619 2DG\Hembras\2-DG\162\20210928103518_CT_ISRA_0.dcm
20210928104716_PET_OSEM_0,0619,AE-biomaGUNE-0619,166,166,organism,MJ,DICOM console user: irati.,PET\0619\0619 2DG\Hembras\2-DG\166\20210928104716_PET_OSEM_0.dcm
20210928110148_CT_ISRA_0,0619,AE-biomaGUNE-0619,166,166,organism,MJ,DICOM console user: irati.,PET\0619\0619 2DG\Hembras\2-DG\166\20210928110148_CT_ISRA_0.dcm
20210928110417_PET_OSEM_0,0619,AE-biomaGUNE-0619,167,167,organism,MJ,DICOM console user: irati.,PET\0619\0619 2DG\Hembras\2-DG\167\20210928110417_PET_OSEM_0.dcm
20210928111553_CT_ISRA_0,0619,AE-biomaGUNE-0619,167,167,organism,MJ,DICOM console user: irati.,PET\0619\0619 2DG\Hembras\2-DG\167\20210928111553_CT_ISRA_0.dcm
20210928112254_PET_OSEM_0,0619,AE-biomaGUNE-0619,168,168,organism,MJ,DICOM console user: irati.,PET\0619\0619 2DG\Hembras\2-DG\168\20210928112254_PET_OSEM_0.dcm
20210928113416_CT_ISRA_0,0619,AE-biomaGUNE-0619,168,168,organism,MJ,DICOM console user: irati.,PET\0619\0619 2DG\Hembras\2-DG\168\20210928113416_CT_ISRA_0.dcm
20210928113901_PET_OSEM_0,0619,AE-biomaGUNE-0619,169,169,organism,MJ,DICOM console user: irati.,PET\0619\0619 2DG\Hembras\2-DG\169\20210928113901_PET_OSEM_0.dcm
20210928115135_CT_ISRA_0,0619,AE-biomaGUNE-0619,169,169,organism,MJ,DICOM console user: irati.,PET\0619\0619 2DG\Hembras\2-DG\169\20210928115135_CT_ISRA_0.dcm
20231005130748_PET_OSEM_0,1422,AE-biomaGUNE-1422,41,41,organism,MJ,DICOM console user: irati.,Pili y Mili\Proyecto 1422 Metformin\Prueba Flurpiridaz\231005\41\20231005130748_PET_OSEM_0.dcm
20231005135244_PET_OSEM_0,1422,AE-biomaGUNE-1422,42,42,organism,MJ,DICOM console user: irati.,Pili y Mili\Proyecto 1422 Metformin\Prueba Flurpiridaz\231005\42\20231005135244_PET_OSEM_0_frameMULTI_iter30.dcm
20231005141019_CT_ISRA_0,1422,AE-biomaGUNE-1422,41,41,organism,MJ,DICOM console user: irati.,Pili y Mili\Proyecto 1422 Metformin\Prueba Flurpiridaz\231005\41\20231005141019_CT_ISRA_0.dcm
20231005145502_CT_ISRA_0,1422,AE-biomaGUNE-1422,42,42,organism,MJ,DICOM console user: irati.,Pili y Mili\Proyecto 1422 Metformin\Prueba Flurpiridaz\231005\42\20231005145502_CT_ISRA_0.dcm
20231128121027_CT_ISRA_0,1422,AE-biomaGUNE-1422,1,1,organism,MJ,the console's protocol and date fields were typed as '234628' / '1422'; DICOM console user: irati.,Pili y Mili\Proyecto 1422 Metformin\Experimentos\PET\FDG\MJ-FDG\1\20231128121027_CT_ISRA_0.dcm
20231128121704_CT_ISRA_0,1422,AE-biomaGUNE-1422,2,2,organism,MJ,DICOM console user: irati.,Pili y Mili\Proyecto 1422 Metformin\Experimentos\PET\FDG\MJ-FDG\2\20231128121704_CT_ISRA_0.dcm
20231128125623_CT_ISRA_0,1422,AE-biomaGUNE-1422,3,3,organism,MJ,DICOM console user: irati.,Pili y Mili\Proyecto 1422 Metformin\Experimentos\PET\FDG\MJ-FDG\3\20231128125623_CT_ISRA_0.dcm
20231128130348_CT_ISRA_0,1422,AE-biomaGUNE-1422,4,4,organism,MJ,DICOM console user: irati.,Pili y Mili\Proyecto 1422 Metformin\Experimentos\PET\FDG\MJ-FDG\4\20231128130348_CT_ISRA_0.dcm
20231128135510_CT_ISRA_0,1422,AE-biomaGUNE-1422,5,5,organism,MJ,DICOM console user: irati.,Pili y Mili\Proyecto 1422 Metformin\Experimentos\PET\FDG\MJ-FDG\5\20231128135510_CT_ISRA_0.dcm
20231128140204_CT_ISRA_0,1422,AE-biomaGUNE-1422,11,11,organism,MJ,DICOM console user: irati.,Pili y Mili\Proyecto 1422 Metformin\Experimentos\PET\FDG\MJ-FDG\11\20231128140204_CT_ISRA_0.dcm
20231128143032_CT_ISRA_0,1422,AE-biomaGUNE-1422,12,12,organism,MJ,DICOM console user: irati.,Pili y Mili\Proyecto 1422 Metformin\Experimentos\PET\FDG\MJ-FDG\12\20231128143032_CT_ISRA_0.dcm
20231128143743_CT_ISRA_0,1422,AE-biomaGUNE-1422,13,13,organism,MJ,DICOM console user: irati.,Pili y Mili\Proyecto 1422 Metformin\Experimentos\PET\FDG\MJ-FDG\13\20231128143743_CT_ISRA_0.dcm
20231128150916_CT_ISRA_0,1422,AE-biomaGUNE-1422,14,14,organism,MJ,DICOM console user: irati.,Pili y Mili\Proyecto 1422 Metformin\Experimentos\PET\FDG\MJ-FDG\14\20231128150916_CT_ISRA_0.dcm
20231128151550_CT_ISRA_0,1422,AE-biomaGUNE-1422,16,16,organism,MJ,DICOM console user: irati.,Pili y Mili\Proyecto 1422 Metformin\Experimentos\PET\FDG\MJ-FDG\16\20231128151550_CT_ISRA_0.dcm
20231128155505_CT_ISRA_0,1422,AE-biomaGUNE-1422,21,21,organism,MJ,DICOM console user: irati.,Pili y Mili\Proyecto 1422 Metformin\Experimentos\PET\FDG\MJ-FDG\21\20231128155505_CT_ISRA_0.dcm
20231128160144_CT_ISRA_0,1422,AE-biomaGUNE-1422,22,22,organism,MJ,DICOM console user: irati.,Pili y Mili\Proyecto 1422 Metformin\Experimentos\PET\FDG\MJ-FDG\22\20231128160144_CT_ISRA_0.dcm
20231128163433_CT_ISRA_0,1422,AE-biomaGUNE-1422,23,23,organism,MJ,DICOM console user: irati.,Pili y Mili\Proyecto 1422 Metformin\Experimentos\PET\FDG\MJ-FDG\23\20231128163433_CT_ISRA_0.dcm
20231128164113_CT_ISRA_0,1422,AE-biomaGUNE-1422,24,24,organism,MJ,DICOM console user: irati.,Pili y Mili\Proyecto 1422 Metformin\Experimentos\PET\FDG\MJ-FDG\24\20231128164113_CT_ISRA_0.dcm
20231128171214_CT_ISRA_0,1422,AE-biomaGUNE-1422,25,25,organism,MJ,DICOM console user: irati.,Pili y Mili\Proyecto 1422 Metformin\Experimentos\PET\FDG\MJ-FDG\25\20231128171214_CT_ISRA_0.dcm
20231128172230_CT_ISRA_0,1422,AE-biomaGUNE-1422,31,31,organism,MJ,DICOM console user: irati.,Pili y Mili\Proyecto 1422 Metformin\Experimentos\PET\FDG\MJ-FDG\31\20231128172230_CT_ISRA_0.dcm
20231128175256_CT_ISRA_0,1422,AE-biomaGUNE-1422,32,32,organism,MJ,DICOM console user: irati.,Pili y Mili\Proyecto 1422 Metformin\Experimentos\PET\FDG\MJ-FDG\32\20231128175256_CT_ISRA_0.dcm
20231128180018_CT_ISRA_0,1422,AE-biomaGUNE-1422,33,33,organism,MJ,DICOM console user: irati.,Pili y Mili\Proyecto 1422 Metformin\Experimentos\PET\FDG\MJ-FDG\33\20231128180018_CT_ISRA_0.dcm
20231128181604_CT_ISRA_0,1422,AE-biomaGUNE-1422,34,34,organism,MJ,DICOM console user: irati.,Pili y Mili\Proyecto 1422 Metformin\Experimentos\PET\FDG\MJ-FDG\34\20231128181604_CT_ISRA_0.dcm
20231128182326_CT_ISRA_0,1422,AE-biomaGUNE-1422,35,35,organism,MJ,DICOM console user: irati.,Pili y Mili\Proyecto 1422 Metformin\Experimentos\PET\FDG\MJ-FDG\35\20231128182326_CT_ISRA_0.dcm
