original_name,drv_project,drv_researcher,drv_operator,drv_subject_alias,drv_subject_animal,drv_sample_id,drv_sample_type,drv_link_name,drv_notes,drv_sha256,drv_claim,drv_acq_group,drv_acq_group_n
drive1_FRIO-X6/Drive zuri 170823.zip/Drive zuri 170823/Proyecto Cav1 CNIC/8583.zip/8583/10x-1.czi,,zuri,,,,10x-1.czi,,CELL_10x-1.czi,Historical drive ingest 2026 (drive1_FRIO-X6); project / researcher / operator / subject decided per file before ingest (tasks/drives_ingest_dryrun_review.md). Claim: NO-CLAIM. Found inside a NESTED archive the first catalog never opened (tasks/drives_nonraw_placement_review.md); same rules as its batch-B05 siblings.,bfde3290a587b2705a7ae87188e1213ba84975c4f5272a6809b53b5777009d4c,NO-CLAIM,,
drive1_FRIO-X6/Drive zuri 170823.zip/Drive zuri 170823/Proyecto Cav1 CNIC/8583.zip/8583/10x-2.czi,,zuri,,,,10x-2.czi,,CELL_10x-2.czi,Historical drive ingest 2026 (drive1_FRIO-X6); project / researcher / operator / subject decided per file before ingest (tasks/drives_ingest_dryrun_review.md). Claim: NO-CLAIM. Found inside a NESTED archive the first catalog never opened (tasks/drives_nonraw_placement_review.md); same rules as its batch-B05 siblings.,5596f3a3dbc84b19378c574d0ed37e2d2f7314289f46576e0b82d14af99c1aa3,NO-CLAIM,,
drive1_FRIO-X6/Drive zuri 170823.zip/Drive zuri 170823/Proyecto Cav1 CNIC/8583.zip/8583/10x-3.czi,,zuri,,,,10x-3.czi,,CELL_10x-3.czi,Historical drive ingest 2026 (drive1_FRIO-X6); project / researcher / operator / subject decided per file before ingest (tasks/drives_ingest_dryrun_review.md). Claim: NO-CLAIM. Found inside a NESTED archive the first catalog never opened (tasks/drives_nonraw_placement_review.md); same rules as its batch-B05 siblings.,108a5f57a89899e8643a8822f7901c510e293be747c34bf54a44c20a365ba51f,NO-CLAIM,,
drive1_FRIO-X6/Drive zuri 170823.zip/Drive zuri 170823/Proyecto Cav1 CNIC/8583.zip/8583/20x-1.czi,,zuri,,,,20x-1.czi,,CELL_20x-1.czi,Historical drive ingest 2026 (drive1_FRIO-X6); project / researcher / operator / subject decided per file before ingest (tasks/drives_ingest_dryrun_review.md). Claim: NO-CLAIM. Found inside a NESTED archive the first catalog never opened (tasks/drives_nonraw_placement_review.md); same rules as its batch-B05 siblings.,fde3551158c47f731c1f09b8506f1fc2163e51312a46f42cee46e6a6c7ba1f46,NO-CLAIM,,
drive1_FRIO-X6/Drive zuri 170823.zip/Drive zuri 170823/Proyecto Cav1 CNIC/8583.zip/8583/20x-10.czi,,zuri,,,,20x-10.czi,,CELL_20x-10.czi,Historical drive ingest 2026 (drive1_FRIO-X6); project / researcher / operator / subject decided per file before ingest (tasks/drives_ingest_dryrun_review.md). Claim: NO-CLAIM. Found inside a NESTED archive the first catalog never opened (tasks/drives_nonraw_placement_review.md); same rules as its batch-B05 siblings.,6307815b98e1a0421617aa81cea400cc6a27782eadb296b223d5339799cdb5b8,NO-CLAIM,,
drive1_FRIO-X6/Drive zuri 170823.zip/Drive zuri 170823/Proyecto Cav1 CNIC/8583.zip/8583/20x-11.czi,,zuri,,,,20x-11.czi,,CELL_20x-11.czi,Historical drive ingest 2026 (drive1_FRIO-X6); project / researcher / operator / subject decided per file before ingest (tasks/drives_ingest_dryrun_review.md). Claim: NO-CLAIM. Found inside a NESTED archive the first catalog never opened (tasks/drives_nonraw_placement_review.md); same rules as its batch-B05 siblings.,aad50cc6dc6dde3c3d5f8c76feba58aff74ad230d19652b14753d59bf3b2c069,NO-CLAIM,,
drive1_FRIO-X6/Drive zuri 170823.zip/Drive zuri 170823/Proyecto Cav1 CNIC/8583.zip/8583/20x-2.czi,,zuri,,,,20x-2.czi,,CELL_20x-2.czi,Historical drive ingest 2026 (drive1_FRIO-X6); project / researcher / operator / subject decided per file before ingest (tasks/drives_ingest_dryrun_review.md). Claim: NO-CLAIM. Found inside a NESTED archive the first catalog never opened (tasks/drives_nonraw_placement_review.md); same rules as its batch-B05 siblings.,9195f18bba55a11fee56aeefe6d3e0e7c9318025dc7b00906e92e8d6930f2045,NO-CLAIM,,
drive1_FRIO-X6/Drive zuri 170823.zip/Drive zuri 170823/Proyecto Cav1 CNIC/8583.zip/8583/20x-3.czi,,zuri,,,,20x-3.czi,,CELL_20x-3.czi,Historical drive ingest 2026 (drive1_FRIO-X6); project / researcher / operator / subject decided per file before ingest (tasks/drives_ingest_dryrun_review.md). Claim: NO-CLAIM. Found inside a NESTED archive the first catalog never opened (tasks/drives_nonraw_placement_review.md); same rules as its batch-B05 siblings.,98f5b504f4ab18cdabc802c55afe3777320bd58e4992524ebf9596b7a477516c,NO-CLAIM,,
drive1_FRIO-X6/Drive zuri 170823.zip/Drive zuri 170823/Proyecto Cav1 CNIC/8583.zip/8583/20x-4.czi,,zuri,,,,20x-4.czi,,CELL_20x-4.czi,Historical drive ingest 2026 (drive1_FRIO-X6); project / researcher / operator / subject decided per file before ingest (tasks/drives_ingest_dryrun_review.md). Claim: NO-CLAIM. Found inside a NESTED archive the first catalog never opened (tasks/drives_nonraw_placement_review.md); same rules as its batch-B05 siblings.,4dce70a7549140e2556cc40511212296ccee72cd55ff480be71482dcd3fd9a72,NO-CLAIM,,
drive1_FRIO-X6/Drive zuri 170823.zip/Drive zuri 170823/Proyecto Cav1 CNIC/8583.zip/8583/20x-5.czi,,zuri,,,,20x-5.czi,,CELL_20x-5.czi,Historical drive ingest 2026 (drive1_FRIO-X6); project / researcher / operator / subject decided per file before ingest (tasks/drives_ingest_dryrun_review.md). Claim: NO-CLAIM. Found inside a NESTED archive the first catalog never opened (tasks/drives_nonraw_placement_review.md); same rules as its batch-B05 siblings.,d8ed5da45235d2724090c9638ecc63a8521ce8f5e89c5dc989ce01670ed637a2,NO-CLAIM,,
drive1_FRIO-X6/Drive zuri 170823.zip/Drive zuri 170823/Proyecto Cav1 CNIC/8583.zip/8583/20x-6.czi,,zuri,,,,20x-6.czi,,CELL_20x-6.czi,Historical drive ingest 2026 (drive1_FRIO-X6); project / researcher / operator / subject decided per file before ingest (tasks/drives_ingest_dryrun_review.md). Claim: NO-CLAIM. Found inside a NESTED archive the first catalog never opened (tasks/drives_nonraw_placement_review.md); same rules as its batch-B05 siblings.,07e5b799a2461492df2b0febaabfb1ed7577849ce655c800c6bacee740176491,NO-CLAIM,,
drive1_FRIO-X6/Drive zuri 170823.zip/Drive zuri 170823/Proyecto Cav1 CNIC/8583.zip/8583/20x-7.czi,,zuri,,,,20x-7.czi,,CELL_20x-7.czi,Historical drive ingest 2026 (drive1_FRIO-X6); project / researcher / operator / subject decided per file before ingest (tasks/drives_ingest_dryrun_review.md). Claim: NO-CLAIM. Found inside a NESTED archive the first catalog never opened (tasks/drives_nonraw_placement_review.md); same rules as its batch-B05 siblings.,72b29618d38e1f1ce910852fcabc1caca870d1361dd0ef9f0fa2c488fd868911,NO-CLAIM,,
drive1_FRIO-X6/Drive zuri 170823.zip/Drive zuri 170823/Proyecto Cav1 CNIC/8583.zip/8583/20x-8.czi,,zuri,,,,20x-8.czi,,CELL_20x-8.czi,Historical drive ingest 2026 (drive1_FRIO-X6); project / researcher / operator / subject decided per file before ingest (tasks/drives_ingest_dryrun_review.md). Claim: NO-CLAIM. Found inside a NESTED archive the first catalog never opened (tasks/drives_nonraw_placement_review.md); same rules as its batch-B05 siblings.,be42466e658fcda75ceb98d1444cafd1eec56face7fd4d2d500be004a567ab30,NO-CLAIM,,
drive1_FRIO-X6/Drive zuri 170823.zip/Drive zuri 170823/Proyecto Cav1 CNIC/8583.zip/8583/20x-9.czi,,zuri,,,,20x-9.czi,,CELL_20x-9.czi,Historical drive ingest 2026 (drive1_FRIO-X6); project / researcher / operator / subject decided per file before ingest (tasks/drives_ingest_dryrun_review.md). Claim: NO-CLAIM. Found inside a NESTED archive the first catalog never opened (tasks/drives_nonraw_placement_review.md); same rules as its batch-B05 siblings.,eb2166b92a361b55798ccec8f3b3f89f35bb04cb430d89ca824969c81181fe53,NO-CLAIM,,
