original_name,note
20260708_184152_jrc260708_phantom_jrc260708_phantom_1_1/3,imaging exam with a reconstructed image
20260708_184152_jrc260708_phantom_jrc260708_phantom_1_1/4,imaging exam with a reconstructed image
20260708_184152_jrc260708_phantom_jrc260708_phantom_1_1/6,imaging exam with a reconstructed image
20260708_184152_jrc260708_phantom_jrc260708_phantom_1_1/8,imaging exam with a reconstructed image
20260708_184152_jrc260708_phantom_jrc260708_phantom_1_1/16,imaging exam with a reconstructed image
20260708_184152_jrc260708_phantom_jrc260708_phantom_1_1/26,imaging exam with a reconstructed image
20260708_184152_jrc260708_phantom_jrc260708_phantom_1_1/27,imaging exam with a reconstructed image
20260708_184152_jrc260708_phantom_jrc260708_phantom_1_1/28,imaging exam with a reconstructed image
20260708_184152_jrc260708_phantom_jrc260708_phantom_1_1/29,imaging exam with a reconstructed image
20260708_184152_jrc260708_phantom_jrc260708_phantom_1_1/30,imaging exam with a reconstructed image
20260708_184152_jrc260708_phantom_jrc260708_phantom_1_1/31,imaging exam with a reconstructed image
20260708_184152_jrc260708_phantom_jrc260708_phantom_1_1/32,imaging exam with a reconstructed image
20260708_184152_jrc260708_phantom_jrc260708_phantom_1_1/34,imaging exam with a reconstructed image
20260708_184152_jrc260708_phantom_jrc260708_phantom_1_1/35,imaging exam with a reconstructed image
20260708_184152_jrc260708_phantom_jrc260708_phantom_1_1/36,imaging exam with a reconstructed image
20260708_184152_jrc260708_phantom_jrc260708_phantom_1_1/37,imaging exam with a reconstructed image
20260708_184152_jrc260708_phantom_jrc260708_phantom_1_1/38,imaging exam with a reconstructed image
20260708_184152_jrc260708_phantom_jrc260708_phantom_1_1/39,imaging exam with a reconstructed image
20260708_184152_jrc260708_phantom_jrc260708_phantom_1_1/40,imaging exam with a reconstructed image
20260708_184152_jrc260708_phantom_jrc260708_phantom_1_1/41,imaging exam with a reconstructed image
20260708_184152_jrc260708_phantom_jrc260708_phantom_1_1/42,imaging exam with a reconstructed image
20260708_184152_jrc260708_phantom_jrc260708_phantom_1_1/44,imaging exam with a reconstructed image
20260708_184152_jrc260708_phantom_jrc260708_phantom_1_1/45,imaging exam with a reconstructed image
20260708_184152_jrc260708_phantom_jrc260708_phantom_1_1/46,imaging exam with a reconstructed image
20260708_184152_jrc260708_phantom_jrc260708_phantom_1_1/47,imaging exam with a reconstructed image
20260708_184152_jrc260708_phantom_jrc260708_phantom_1_1/48,imaging exam with a reconstructed image
20260708_184152_jrc260708_phantom_jrc260708_phantom_1_1/49,imaging exam with a reconstructed image
20260708_184152_jrc260708_phantom_jrc260708_phantom_1_1/50,imaging exam with a reconstructed image
20260708_184152_jrc260708_phantom_jrc260708_phantom_1_1/51,imaging exam with a reconstructed image
20260708_184152_jrc260708_phantom_jrc260708_phantom_1_1/52,imaging exam with a reconstructed image
20260708_184152_jrc260708_phantom_jrc260708_phantom_1_1/53,imaging exam with a reconstructed image
20260708_184152_jrc260708_phantom_jrc260708_phantom_1_1/54,imaging exam with a reconstructed image
20260708_184152_jrc260708_phantom_jrc260708_phantom_1_1/55,imaging exam with a reconstructed image
20260708_184152_jrc260708_phantom_jrc260708_phantom_1_1/56,imaging exam with a reconstructed image
20260708_184152_jrc260708_phantom_jrc260708_phantom_1_1/57,imaging exam with a reconstructed image
20260708_184152_jrc260708_phantom_jrc260708_phantom_1_1/58,imaging exam with a reconstructed image
20260708_184152_jrc260708_phantom_jrc260708_phantom_1_1/59,imaging exam with a reconstructed image
20260708_184152_jrc260708_phantom_jrc260708_phantom_1_1/60,imaging exam with a reconstructed image
20260708_184152_jrc260708_phantom_jrc260708_phantom_1_1/62,imaging exam with a reconstructed image
20260708_184152_jrc260708_phantom_jrc260708_phantom_1_1/64,imaging exam with a reconstructed image
20260708_184152_jrc260708_phantom_jrc260708_phantom_1_1/65,imaging exam with a reconstructed image
