original_name,drv_acq_datetime,drv_acq_time_source,drv_sample,drv_session,drv_series,drv_model,drv_sex,drv_note
HEARDSMRI2327P_1_2203,2014-02-21T10:43:17,DICOM SeriesDate+SeriesTime,HEARDSMRI2327P,HEARDSMRI2327P_1,2203,Philips Achieva 3T,F,"External MRI (Philips Achieva 3T, CNIC Madrid, study label HEARDS), pig 2327, session 1, series 2203 'WIP DTI_MEDIO SENSE' RL: phase-contrast flow (magnitude + velocity map, 1600 images) + 2 companion object(s) {'MR:66': 2}; the source images of the pig pulmonary-artery masks (project folder); historical drive 3 (M. Jesus, MJesus-MFB, WD WX22D623YP29): Otros\Segmentaciones ITK SNAP\Segmentaciones Arteria Pulmonar cerdos\Imágenes\RL\HEARDSMRI2327P_1_2203; registered as XMRI collaborator data (Ryan, 2026-10-06)"
HEARDSMRI2327P_1_3403,2014-02-21T13:03:20,DICOM SeriesDate+SeriesTime,HEARDSMRI2327P,HEARDSMRI2327P_1,3403,Philips Achieva 3T,F,"External MRI (Philips Achieva 3T, CNIC Madrid, study label HEARDS), pig 2327, session 1, series 3403 'WIP DTI_MEDIO SENSE' RL: phase-contrast flow (magnitude + velocity map, 1280 images) + 2 companion object(s) {'MR:66': 2}; the source images of the pig pulmonary-artery masks (project folder); historical drive 3 (M. Jesus, MJesus-MFB, WD WX22D623YP29): Otros\Segmentaciones ITK SNAP\Segmentaciones Arteria Pulmonar cerdos\Imágenes\RL\HEARDSMRI2327P_1_3403; registered as XMRI collaborator data (Ryan, 2026-10-06)"
HEARDSMRI2327P_2_1203,2014-02-21T15:07:21,DICOM SeriesDate+SeriesTime,HEARDSMRI2327P,HEARDSMRI2327P_2,1203,Philips Achieva 3T,F,"External MRI (Philips Achieva 3T, CNIC Madrid, study label HEARDS), pig 2327, session 2, series 1203 'WIP DTI_MEDIO SENSE' RL: phase-contrast flow (magnitude + velocity map, 1520 images) + 2 companion object(s) {'MR:66': 2}; the source images of the pig pulmonary-artery masks (project folder); historical drive 3 (M. Jesus, MJesus-MFB, WD WX22D623YP29): Otros\Segmentaciones ITK SNAP\Segmentaciones Arteria Pulmonar cerdos\Imágenes\RL\HEARDSMRI2327P_2_1203; registered as XMRI collaborator data (Ryan, 2026-10-06)"
HEARDSMRI2327P_2_4203,2014-02-21T18:00:51,DICOM SeriesDate+SeriesTime,HEARDSMRI2327P,HEARDSMRI2327P_2,4203,Philips Achieva 3T,F,"External MRI (Philips Achieva 3T, CNIC Madrid, study label HEARDS), pig 2327, session 2, series 4203 'WIP DTI_MEDIO SENSE' RL: phase-contrast flow (magnitude + velocity map, 1200 images) + 2 companion object(s) {'MR:66': 2}; the source images of the pig pulmonary-artery masks (project folder); historical drive 3 (M. Jesus, MJesus-MFB, WD WX22D623YP29): Otros\Segmentaciones ITK SNAP\Segmentaciones Arteria Pulmonar cerdos\Imágenes\RL\HEARDSMRI2327P_2_4203; registered as XMRI collaborator data (Ryan, 2026-10-06)"
HEARDSMRI2444P_1_2003,2014-04-30T11:13:35,DICOM SeriesDate+SeriesTime,HEARDSMRI2444P,HEARDSMRI2444P_1,2003,Philips Achieva 3T,F,"External MRI (Philips Achieva 3T, CNIC Madrid, study label HEARDS), pig 2444, session 1, series 2003 'WIP DTI_MEDIO SENSE' RL: phase-contrast flow (magnitude + velocity map, 1360 images) + 2 companion object(s) {'MR:66': 2}; the source images of the pig pulmonary-artery masks (project folder); historical drive 3 (M. Jesus, MJesus-MFB, WD WX22D623YP29): Otros\Segmentaciones ITK SNAP\Segmentaciones Arteria Pulmonar cerdos\Imágenes\RL\HEARDSMRI2444P_1_2003; registered as XMRI collaborator data (Ryan, 2026-10-06)"
HEARDSMRI2444P_1_2703,2014-04-30T14:39:53,DICOM SeriesDate+SeriesTime,HEARDSMRI2444P,HEARDSMRI2444P_1,2703,Philips Achieva 3T,F,"External MRI (Philips Achieva 3T, CNIC Madrid, study label HEARDS), pig 2444, session 1, series 2703 'WIP DTI_MEDIO SENSE' RL: phase-contrast flow (magnitude + velocity map, 1360 images) + 2 companion object(s) {'MR:66': 2}; the source images of the pig pulmonary-artery masks (project folder); historical drive 3 (M. Jesus, MJesus-MFB, WD WX22D623YP29): Otros\Segmentaciones ITK SNAP\Segmentaciones Arteria Pulmonar cerdos\Imágenes\RL\HEARDSMRI2444P_1_2703; registered as XMRI collaborator data (Ryan, 2026-10-06)"
HEARDSMRI2444P_1_4003,2014-04-30T16:14:50,DICOM SeriesDate+SeriesTime,HEARDSMRI2444P,HEARDSMRI2444P_1,4003,Philips Achieva 3T,F,"External MRI (Philips Achieva 3T, CNIC Madrid, study label HEARDS), pig 2444, session 1, series 4003 'WIP DTI_MEDIO SENSE' RL: phase-contrast flow (magnitude + velocity map, 1360 images) + 2 companion object(s) {'MR:66': 2}; the source images of the pig pulmonary-artery masks (project folder); historical drive 3 (M. Jesus, MJesus-MFB, WD WX22D623YP29): Otros\Segmentaciones ITK SNAP\Segmentaciones Arteria Pulmonar cerdos\Imágenes\RL\HEARDSMRI2444P_1_4003; registered as XMRI collaborator data (Ryan, 2026-10-06)"
HEARDSMRI2444P_2_1303,2014-04-30T17:53:12,DICOM SeriesDate+SeriesTime,HEARDSMRI2444P,HEARDSMRI2444P_2,1303,Philips Achieva 3T,F,"External MRI (Philips Achieva 3T, CNIC Madrid, study label HEARDS), pig 2444, session 2, series 1303 'WIP DTI_MEDIO SENSE' RL: phase-contrast flow (magnitude + velocity map, 1280 images) + 2 companion object(s) {'MR:66': 2}; the source images of the pig pulmonary-artery masks (project folder); historical drive 3 (M. Jesus, MJesus-MFB, WD WX22D623YP29): Otros\Segmentaciones ITK SNAP\Segmentaciones Arteria Pulmonar cerdos\Imágenes\RL\HEARDSMRI2444P_2_1303; registered as XMRI collaborator data (Ryan, 2026-10-06)"
HEARDSMRI2444P_2_2603,2014-04-30T19:03:04,DICOM SeriesDate+SeriesTime,HEARDSMRI2444P,HEARDSMRI2444P_2,2603,Philips Achieva 3T,F,"External MRI (Philips Achieva 3T, CNIC Madrid, study label HEARDS), pig 2444, session 2, series 2603 'WIP DTI_MEDIO SENSE' RL: phase-contrast flow (magnitude + velocity map, 1200 images) + 2 companion object(s) {'MR:66': 2}; the source images of the pig pulmonary-artery masks (project folder); historical drive 3 (M. Jesus, MJesus-MFB, WD WX22D623YP29): Otros\Segmentaciones ITK SNAP\Segmentaciones Arteria Pulmonar cerdos\Imágenes\RL\HEARDSMRI2444P_2_2603; registered as XMRI collaborator data (Ryan, 2026-10-06)"
HEARDSMRI2459P_1_2303,2014-04-23T13:34:27,DICOM SeriesDate+SeriesTime,HEARDSMRI2459P,HEARDSMRI2459P_1,2303,Philips Achieva 3T,F,"External MRI (Philips Achieva 3T, CNIC Madrid, study label HEARDS), pig 2459, session 1, series 2303 'WIP DTI_MEDIO SENSE' RL: phase-contrast flow (magnitude + velocity map, 1600 images) + 4 companion object(s) {'PR:1': 2, 'MR:66': 2}; the source images of the pig pulmonary-artery masks (project folder); historical drive 3 (M. Jesus, MJesus-MFB, WD WX22D623YP29): Otros\Segmentaciones ITK SNAP\Segmentaciones Arteria Pulmonar cerdos\Imágenes\RL\HEARDSMRI2459P_1_2303; registered as XMRI collaborator data (Ryan, 2026-10-06)"
HEARDSMRI2459P_1_3003,2014-04-23T17:13:39,DICOM SeriesDate+SeriesTime,HEARDSMRI2459P,HEARDSMRI2459P_1,3003,Philips Achieva 3T,F,"External MRI (Philips Achieva 3T, CNIC Madrid, study label HEARDS), pig 2459, session 1, series 3003 'WIP DTI_MEDIO SENSE' RL: phase-contrast flow (magnitude + velocity map, 1280 images) + 2 companion object(s) {'MR:66': 2}; the source images of the pig pulmonary-artery masks (project folder); historical drive 3 (M. Jesus, MJesus-MFB, WD WX22D623YP29): Otros\Segmentaciones ITK SNAP\Segmentaciones Arteria Pulmonar cerdos\Imágenes\RL\HEARDSMRI2459P_1_3003; registered as XMRI collaborator data (Ryan, 2026-10-06)"
HEARDSMRI2459P_2_1303,2014-04-23T18:58:34,DICOM SeriesDate+SeriesTime,HEARDSMRI2459P,HEARDSMRI2459P_2,1303,Philips Achieva 3T,F,"External MRI (Philips Achieva 3T, CNIC Madrid, study label HEARDS), pig 2459, session 2, series 1303 'WIP RL SENSE' RL: phase-contrast flow (magnitude + velocity map, 1280 images) + 2 companion object(s) {'MR:66': 2}; the source images of the pig pulmonary-artery masks (project folder); historical drive 3 (M. Jesus, MJesus-MFB, WD WX22D623YP29): Otros\Segmentaciones ITK SNAP\Segmentaciones Arteria Pulmonar cerdos\Imágenes\RL\HEARDSMRI2459P_2_1303; registered as XMRI collaborator data (Ryan, 2026-10-06)"
HEARDSMRI2459P_2_2603,2014-04-23T20:09:52,DICOM SeriesDate+SeriesTime,HEARDSMRI2459P,HEARDSMRI2459P_2,2603,Philips Achieva 3T,F,"External MRI (Philips Achieva 3T, CNIC Madrid, study label HEARDS), pig 2459, session 2, series 2603 'WIP RL SENSE' RL: phase-contrast flow (magnitude + velocity map, 1280 images) + 2 companion object(s) {'MR:66': 2}; the source images of the pig pulmonary-artery masks (project folder); historical drive 3 (M. Jesus, MJesus-MFB, WD WX22D623YP29): Otros\Segmentaciones ITK SNAP\Segmentaciones Arteria Pulmonar cerdos\Imágenes\RL\HEARDSMRI2459P_2_2603; registered as XMRI collaborator data (Ryan, 2026-10-06)"
HEARDSMRI2459P_2_3903,2014-04-23T21:06:05,DICOM SeriesDate+SeriesTime,HEARDSMRI2459P,HEARDSMRI2459P_2,3903,Philips Achieva 3T,F,"External MRI (Philips Achieva 3T, CNIC Madrid, study label HEARDS), pig 2459, session 2, series 3903 'WIP RL SENSE' RL: phase-contrast flow (magnitude + velocity map, 1280 images) + 2 companion object(s) {'MR:66': 2}; the source images of the pig pulmonary-artery masks (project folder); historical drive 3 (M. Jesus, MJesus-MFB, WD WX22D623YP29): Otros\Segmentaciones ITK SNAP\Segmentaciones Arteria Pulmonar cerdos\Imágenes\RL\HEARDSMRI2459P_2_3903; registered as XMRI collaborator data (Ryan, 2026-10-06)"
HEARDSMRI2487P_1_2203,2014-04-29T11:07:24,DICOM SeriesDate+SeriesTime,HEARDSMRI2487P,HEARDSMRI2487P_1,2203,Philips Achieva 3T,F,"External MRI (Philips Achieva 3T, CNIC Madrid, study label HEARDS), pig 2487, session 1, series 2203 'WIP DTI_MEDIO SENSE' RL: phase-contrast flow (magnitude + velocity map, 800 images) + 2 companion object(s) {'MR:66': 2}; the source images of the pig pulmonary-artery masks (project folder); historical drive 3 (M. Jesus, MJesus-MFB, WD WX22D623YP29): Otros\Segmentaciones ITK SNAP\Segmentaciones Arteria Pulmonar cerdos\Imágenes\RL\HEARDSMRI2487P_1_2203; registered as XMRI collaborator data (Ryan, 2026-10-06)"
HEARDSMRI2487P_1_3203,2014-04-29T15:00:38,DICOM SeriesDate+SeriesTime,HEARDSMRI2487P,HEARDSMRI2487P_1,3203,Philips Achieva 3T,F,"External MRI (Philips Achieva 3T, CNIC Madrid, study label HEARDS), pig 2487, session 1, series 3203 'WIP DTI_MEDIO SENSE' RL: phase-contrast flow (magnitude + velocity map, 1120 images) + 2 companion object(s) {'MR:66': 2}; the source images of the pig pulmonary-artery masks (project folder); historical drive 3 (M. Jesus, MJesus-MFB, WD WX22D623YP29): Otros\Segmentaciones ITK SNAP\Segmentaciones Arteria Pulmonar cerdos\Imágenes\RL\HEARDSMRI2487P_1_3203; registered as XMRI collaborator data (Ryan, 2026-10-06)"
HEARDSMRI2487P_2_1303,2014-04-29T16:41:30,DICOM SeriesDate+SeriesTime,HEARDSMRI2487P,HEARDSMRI2487P_2,1303,Philips Achieva 3T,F,"External MRI (Philips Achieva 3T, CNIC Madrid, study label HEARDS), pig 2487, session 2, series 1303 'WIP ANATOMICO SENSE' RL: phase-contrast flow (magnitude + velocity map, 1120 images) + 2 companion object(s) {'MR:66': 2}; the source images of the pig pulmonary-artery masks (project folder); historical drive 3 (M. Jesus, MJesus-MFB, WD WX22D623YP29): Otros\Segmentaciones ITK SNAP\Segmentaciones Arteria Pulmonar cerdos\Imágenes\RL\HEARDSMRI2487P_2_1303; registered as XMRI collaborator data (Ryan, 2026-10-06)"
HEARDSMRI2502P_1_2003,2014-05-28T11:25:03,DICOM SeriesDate+SeriesTime,HEARDSMRI2502P,HEARDSMRI2502P_1,2003,Philips Achieva 3T,F,"External MRI (Philips Achieva 3T, CNIC Madrid, study label HEARDS), pig 2502, session 1, series 2003 'WIP DTI_MEDIO SENSE' RL: phase-contrast flow (magnitude + velocity map, 1600 images) + 2 companion object(s) {'MR:66': 2}; the source images of the pig pulmonary-artery masks (project folder); historical drive 3 (M. Jesus, MJesus-MFB, WD WX22D623YP29): Otros\Segmentaciones ITK SNAP\Segmentaciones Arteria Pulmonar cerdos\Imágenes\RL\HEARDSMRI2502P_1_2003; registered as XMRI collaborator data (Ryan, 2026-10-06)"
HEARDSMRI2502P_1_2703,2014-05-28T15:00:00,DICOM SeriesDate+SeriesTime,HEARDSMRI2502P,HEARDSMRI2502P_1,2703,Philips Achieva 3T,F,"External MRI (Philips Achieva 3T, CNIC Madrid, study label HEARDS), pig 2502, session 1, series 2703 'WIP DTI_MEDIO SENSE' RL: phase-contrast flow (magnitude + velocity map, 1600 images) + 2 companion object(s) {'MR:66': 2}; the source images of the pig pulmonary-artery masks (project folder); historical drive 3 (M. Jesus, MJesus-MFB, WD WX22D623YP29): Otros\Segmentaciones ITK SNAP\Segmentaciones Arteria Pulmonar cerdos\Imágenes\RL\HEARDSMRI2502P_1_2703; registered as XMRI collaborator data (Ryan, 2026-10-06)"
HEARDSMRI2502P_2_1203,2014-05-28T17:02:10,DICOM SeriesDate+SeriesTime,HEARDSMRI2502P,HEARDSMRI2502P_2,1203,Philips Achieva 3T,F,"External MRI (Philips Achieva 3T, CNIC Madrid, study label HEARDS), pig 2502, session 2, series 1203 'WIP sT1W_3D_TFE SENSE' RL: phase-contrast flow (magnitude + velocity map, 699 images) + 0 companion object(s) {}; the source images of the pig pulmonary-artery masks (project folder); historical drive 3 (M. Jesus, MJesus-MFB, WD WX22D623YP29): Otros\Segmentaciones ITK SNAP\Segmentaciones Arteria Pulmonar cerdos\Imágenes\RL\HEARDSMRI2502P_2_1203; registered as XMRI collaborator data (Ryan, 2026-10-06)"
HEARDSMRI2502P_2_2503,2014-05-28T18:17:06,DICOM SeriesDate+SeriesTime,HEARDSMRI2502P,HEARDSMRI2502P_2,2503,Philips Achieva 3T,F,"External MRI (Philips Achieva 3T, CNIC Madrid, study label HEARDS), pig 2502, session 2, series 2503 'WIP sT1W_3D_TFE SENSE' AP: phase-contrast flow (magnitude + velocity map, 1046 images) + 0 companion object(s) {}; the source images of the pig pulmonary-artery masks (project folder); historical drive 3 (M. Jesus, MJesus-MFB, WD WX22D623YP29): Otros\Segmentaciones ITK SNAP\Segmentaciones Arteria Pulmonar cerdos\Imágenes\RL\HEARDSMRI2502P_2_2503; registered as XMRI collaborator data (Ryan, 2026-10-06)"
HEARDSMRI2502P_3_1303,2014-05-28T19:34:38,DICOM SeriesDate+SeriesTime,HEARDSMRI2502P,HEARDSMRI2502P_3,1303,Philips Achieva 3T,F,"External MRI (Philips Achieva 3T, CNIC Madrid, study label HEARDS), pig 2502, session 3, series 1303 'WIP DTI_MEDIO SENSE' RL: phase-contrast flow (magnitude + velocity map, 1600 images) + 2 companion object(s) {'MR:66': 2}; the source images of the pig pulmonary-artery masks (project folder); historical drive 3 (M. Jesus, MJesus-MFB, WD WX22D623YP29): Otros\Segmentaciones ITK SNAP\Segmentaciones Arteria Pulmonar cerdos\Imágenes\RL\HEARDSMRI2502P_3_1303; registered as XMRI collaborator data (Ryan, 2026-10-06)"
HEARDSMRI2672P_1_1903,2014-07-16T12:23:17,DICOM SeriesDate+SeriesTime,HEARDSMRI2672P,HEARDSMRI2672P_1,1903,Philips Achieva 3T,F,"External MRI (Philips Achieva 3T, CNIC Madrid, study label HEARDS), pig 2672, session 1, series 1903 'WIP DTI_MEDIO SENSE' RL: phase-contrast flow (magnitude + velocity map, 1600 images) + 2 companion object(s) {'MR:66': 2}; the source images of the pig pulmonary-artery masks (project folder); historical drive 3 (M. Jesus, MJesus-MFB, WD WX22D623YP29): Otros\Segmentaciones ITK SNAP\Segmentaciones Arteria Pulmonar cerdos\Imágenes\RL\HEARDSMRI2672P_1_1903; registered as XMRI collaborator data (Ryan, 2026-10-06)"
HEARDSMRI2672P_1_3203,2014-07-16T15:47:33,DICOM SeriesDate+SeriesTime,HEARDSMRI2672P,HEARDSMRI2672P_1,3203,Philips Achieva 3T,F,"External MRI (Philips Achieva 3T, CNIC Madrid, study label HEARDS), pig 2672, session 1, series 3203 'WIP DTI_MEDIO SENSE' RL: phase-contrast flow (magnitude + velocity map, 1360 images) + 2 companion object(s) {'MR:66': 2}; the source images of the pig pulmonary-artery masks (project folder); historical drive 3 (M. Jesus, MJesus-MFB, WD WX22D623YP29): Otros\Segmentaciones ITK SNAP\Segmentaciones Arteria Pulmonar cerdos\Imágenes\RL\HEARDSMRI2672P_1_3203; registered as XMRI collaborator data (Ryan, 2026-10-06)"
HEARDSMRI2672P_2_1803,2014-07-16T17:19:55,DICOM SeriesDate+SeriesTime,HEARDSMRI2672P,HEARDSMRI2672P_2,1803,Philips Achieva 3T,F,"External MRI (Philips Achieva 3T, CNIC Madrid, study label HEARDS), pig 2672, session 2, series 1803 'WIP DTI_MEDIO SENSE' RL: phase-contrast flow (magnitude + velocity map, 1280 images) + 2 companion object(s) {'MR:66': 2}; the source images of the pig pulmonary-artery masks (project folder); historical drive 3 (M. Jesus, MJesus-MFB, WD WX22D623YP29): Otros\Segmentaciones ITK SNAP\Segmentaciones Arteria Pulmonar cerdos\Imágenes\RL\HEARDSMRI2672P_2_1803; registered as XMRI collaborator data (Ryan, 2026-10-06)"
HEARDSMRI2672P_2_3103,2014-07-16T18:20:31,DICOM SeriesDate+SeriesTime,HEARDSMRI2672P,HEARDSMRI2672P_2,3103,Philips Achieva 3T,F,"External MRI (Philips Achieva 3T, CNIC Madrid, study label HEARDS), pig 2672, session 2, series 3103 'WIP DTI_MEDIO SENSE' RL: phase-contrast flow (magnitude + velocity map, 1280 images) + 2 companion object(s) {'MR:66': 2}; the source images of the pig pulmonary-artery masks (project folder); historical drive 3 (M. Jesus, MJesus-MFB, WD WX22D623YP29): Otros\Segmentaciones ITK SNAP\Segmentaciones Arteria Pulmonar cerdos\Imágenes\RL\HEARDSMRI2672P_2_3103; registered as XMRI collaborator data (Ryan, 2026-10-06)"
HEARDSMRI2672P_2_4403,2014-07-16T19:16:07,DICOM SeriesDate+SeriesTime,HEARDSMRI2672P,HEARDSMRI2672P_2,4403,Philips Achieva 3T,F,"External MRI (Philips Achieva 3T, CNIC Madrid, study label HEARDS), pig 2672, session 2, series 4403 'WIP DTI_MEDIO SENSE' RL: phase-contrast flow (magnitude + velocity map, 1120 images) + 2 companion object(s) {'MR:66': 2}; the source images of the pig pulmonary-artery masks (project folder); historical drive 3 (M. Jesus, MJesus-MFB, WD WX22D623YP29): Otros\Segmentaciones ITK SNAP\Segmentaciones Arteria Pulmonar cerdos\Imágenes\RL\HEARDSMRI2672P_2_4403; registered as XMRI collaborator data (Ryan, 2026-10-06)"
