original_name,drv_acq_datetime,drv_acq_time_source,drv_alias,drv_animal,drv_sample,drv_session,drv_project,drv_model,drv_dicom_origin,drv_note
20210726_085549_jrc210726_m145b_0619_1_1/1,"2021-07-26T09:06:42,831+0200",visu_pars.VisuCreationDate,,145,m145b_0619,jrc210726_m145b_0619,AE-biomaGUNE-0619,Bruker BioSpec 7T,scanner-exported DICOM,"animal m145b per the study name, protocol 0619 (folder claim), NO subject id: the name claims animal 145b, which the facility DB does not hold; 145 has its own session that day (jrc210726_m145_0619), and the DB logs MRI 7T on 2021-07-26 for 145, 146, 152 and 153 -- so probably 146, unconfirmed; historical drive 3 (M. Jesus, MJesus-MFB, WD WX22D623YP29): MRI\Proyecto 0619\2-DG Hembras Normoxia_MJ\20210726_085549_jrc210726_m145b_0619_1_1\1; scanner-exported DICOM; to be checked against the MRI platform's archive (BACKLOG)"
20210726_085549_jrc210726_m145b_0619_1_1/10,"2021-07-26T09:31:10,196+0200",visu_pars.VisuCreationDate,,145,m145b_0619,jrc210726_m145b_0619,AE-biomaGUNE-0619,Bruker BioSpec 7T,scanner-exported DICOM,"animal m145b per the study name, protocol 0619 (folder claim), NO subject id: the name claims animal 145b, which the facility DB does not hold; 145 has its own session that day (jrc210726_m145_0619), and the DB logs MRI 7T on 2021-07-26 for 145, 146, 152 and 153 -- so probably 146, unconfirmed; historical drive 3 (M. Jesus, MJesus-MFB, WD WX22D623YP29): MRI\Proyecto 0619\2-DG Hembras Normoxia_MJ\20210726_085549_jrc210726_m145b_0619_1_1\10; scanner-exported DICOM; to be checked against the MRI platform's archive (BACKLOG)"
20210726_085549_jrc210726_m145b_0619_1_1/11,"2021-07-26T09:34:50,964+0200",visu_pars.VisuCreationDate,,145,m145b_0619,jrc210726_m145b_0619,AE-biomaGUNE-0619,Bruker BioSpec 7T,scanner-exported DICOM,"animal m145b per the study name, protocol 0619 (folder claim), NO subject id: the name claims animal 145b, which the facility DB does not hold; 145 has its own session that day (jrc210726_m145_0619), and the DB logs MRI 7T on 2021-07-26 for 145, 146, 152 and 153 -- so probably 146, unconfirmed; historical drive 3 (M. Jesus, MJesus-MFB, WD WX22D623YP29): MRI\Proyecto 0619\2-DG Hembras Normoxia_MJ\20210726_085549_jrc210726_m145b_0619_1_1\11; scanner-exported DICOM; to be checked against the MRI platform's archive (BACKLOG)"
20210726_085549_jrc210726_m145b_0619_1_1/12,"2021-07-26T09:38:31,288+0200",visu_pars.VisuCreationDate,,145,m145b_0619,jrc210726_m145b_0619,AE-biomaGUNE-0619,Bruker BioSpec 7T,scanner-exported DICOM,"animal m145b per the study name, protocol 0619 (folder claim), NO subject id: the name claims animal 145b, which the facility DB does not hold; 145 has its own session that day (jrc210726_m145_0619), and the DB logs MRI 7T on 2021-07-26 for 145, 146, 152 and 153 -- so probably 146, unconfirmed; historical drive 3 (M. Jesus, MJesus-MFB, WD WX22D623YP29): MRI\Proyecto 0619\2-DG Hembras Normoxia_MJ\20210726_085549_jrc210726_m145b_0619_1_1\12; scanner-exported DICOM; to be checked against the MRI platform's archive (BACKLOG)"
20210726_085549_jrc210726_m145b_0619_1_1/13,"2021-07-26T09:42:11,684+0200",visu_pars.VisuCreationDate,,145,m145b_0619,jrc210726_m145b_0619,AE-biomaGUNE-0619,Bruker BioSpec 7T,scanner-exported DICOM,"animal m145b per the study name, protocol 0619 (folder claim), NO subject id: the name claims animal 145b, which the facility DB does not hold; 145 has its own session that day (jrc210726_m145_0619), and the DB logs MRI 7T on 2021-07-26 for 145, 146, 152 and 153 -- so probably 146, unconfirmed; historical drive 3 (M. Jesus, MJesus-MFB, WD WX22D623YP29): MRI\Proyecto 0619\2-DG Hembras Normoxia_MJ\20210726_085549_jrc210726_m145b_0619_1_1\13; scanner-exported DICOM; to be checked against the MRI platform's archive (BACKLOG)"
20210726_085549_jrc210726_m145b_0619_1_1/14,"2021-07-26T09:45:52,025+0200",visu_pars.VisuCreationDate,,145,m145b_0619,jrc210726_m145b_0619,AE-biomaGUNE-0619,Bruker BioSpec 7T,scanner-exported DICOM,"animal m145b per the study name, protocol 0619 (folder claim), NO subject id: the name claims animal 145b, which the facility DB does not hold; 145 has its own session that day (jrc210726_m145_0619), and the DB logs MRI 7T on 2021-07-26 for 145, 146, 152 and 153 -- so probably 146, unconfirmed; historical drive 3 (M. Jesus, MJesus-MFB, WD WX22D623YP29): MRI\Proyecto 0619\2-DG Hembras Normoxia_MJ\20210726_085549_jrc210726_m145b_0619_1_1\14; scanner-exported DICOM; to be checked against the MRI platform's archive (BACKLOG)"
20210726_085549_jrc210726_m145b_0619_1_1/15,"2021-07-26T09:49:32,394+0200",visu_pars.VisuCreationDate,,145,m145b_0619,jrc210726_m145b_0619,AE-biomaGUNE-0619,Bruker BioSpec 7T,scanner-exported DICOM,"animal m145b per the study name, protocol 0619 (folder claim), NO subject id: the name claims animal 145b, which the facility DB does not hold; 145 has its own session that day (jrc210726_m145_0619), and the DB logs MRI 7T on 2021-07-26 for 145, 146, 152 and 153 -- so probably 146, unconfirmed; historical drive 3 (M. Jesus, MJesus-MFB, WD WX22D623YP29): MRI\Proyecto 0619\2-DG Hembras Normoxia_MJ\20210726_085549_jrc210726_m145b_0619_1_1\15; scanner-exported DICOM; to be checked against the MRI platform's archive (BACKLOG)"
20210726_085549_jrc210726_m145b_0619_1_1/16,"2021-07-26T09:53:12,672+0200",visu_pars.VisuCreationDate,,145,m145b_0619,jrc210726_m145b_0619,AE-biomaGUNE-0619,Bruker BioSpec 7T,scanner-exported DICOM,"animal m145b per the study name, protocol 0619 (folder claim), NO subject id: the name claims animal 145b, which the facility DB does not hold; 145 has its own session that day (jrc210726_m145_0619), and the DB logs MRI 7T on 2021-07-26 for 145, 146, 152 and 153 -- so probably 146, unconfirmed; historical drive 3 (M. Jesus, MJesus-MFB, WD WX22D623YP29): MRI\Proyecto 0619\2-DG Hembras Normoxia_MJ\20210726_085549_jrc210726_m145b_0619_1_1\16; scanner-exported DICOM; to be checked against the MRI platform's archive (BACKLOG)"
20210726_085549_jrc210726_m145b_0619_1_1/17,"2021-07-26T09:54:24,558+0200",visu_pars.VisuCreationDate,,145,m145b_0619,jrc210726_m145b_0619,AE-biomaGUNE-0619,Bruker BioSpec 7T,scanner-exported DICOM,"animal m145b per the study name, protocol 0619 (folder claim), NO subject id: the name claims animal 145b, which the facility DB does not hold; 145 has its own session that day (jrc210726_m145_0619), and the DB logs MRI 7T on 2021-07-26 for 145, 146, 152 and 153 -- so probably 146, unconfirmed; historical drive 3 (M. Jesus, MJesus-MFB, WD WX22D623YP29): MRI\Proyecto 0619\2-DG Hembras Normoxia_MJ\20210726_085549_jrc210726_m145b_0619_1_1\17; scanner-exported DICOM; to be checked against the MRI platform's archive (BACKLOG)"
20210726_085549_jrc210726_m145b_0619_1_1/18,"2021-07-26T09:59:27,164+0200",visu_pars.VisuCreationDate,,145,m145b_0619,jrc210726_m145b_0619,AE-biomaGUNE-0619,Bruker BioSpec 7T,scanner-exported DICOM,"animal m145b per the study name, protocol 0619 (folder claim), NO subject id: the name claims animal 145b, which the facility DB does not hold; 145 has its own session that day (jrc210726_m145_0619), and the DB logs MRI 7T on 2021-07-26 for 145, 146, 152 and 153 -- so probably 146, unconfirmed; historical drive 3 (M. Jesus, MJesus-MFB, WD WX22D623YP29): MRI\Proyecto 0619\2-DG Hembras Normoxia_MJ\20210726_085549_jrc210726_m145b_0619_1_1\18; scanner-exported DICOM; to be checked against the MRI platform's archive (BACKLOG)"
20210726_085549_jrc210726_m145b_0619_1_1/19,"2021-07-26T10:17:09,287+0200",visu_pars.VisuCreationDate,,145,m145b_0619,jrc210726_m145b_0619,AE-biomaGUNE-0619,Bruker BioSpec 7T,scanner-exported DICOM,"animal m145b per the study name, protocol 0619 (folder claim), NO subject id: the name claims animal 145b, which the facility DB does not hold; 145 has its own session that day (jrc210726_m145_0619), and the DB logs MRI 7T on 2021-07-26 for 145, 146, 152 and 153 -- so probably 146, unconfirmed; historical drive 3 (M. Jesus, MJesus-MFB, WD WX22D623YP29): MRI\Proyecto 0619\2-DG Hembras Normoxia_MJ\20210726_085549_jrc210726_m145b_0619_1_1\19; scanner-exported DICOM; to be checked against the MRI platform's archive (BACKLOG)"
20210726_085549_jrc210726_m145b_0619_1_1/20,"2021-07-26T10:18:17,020+0200",visu_pars.VisuCreationDate,,145,m145b_0619,jrc210726_m145b_0619,AE-biomaGUNE-0619,Bruker BioSpec 7T,scanner-exported DICOM,"animal m145b per the study name, protocol 0619 (folder claim), NO subject id: the name claims animal 145b, which the facility DB does not hold; 145 has its own session that day (jrc210726_m145_0619), and the DB logs MRI 7T on 2021-07-26 for 145, 146, 152 and 153 -- so probably 146, unconfirmed; historical drive 3 (M. Jesus, MJesus-MFB, WD WX22D623YP29): MRI\Proyecto 0619\2-DG Hembras Normoxia_MJ\20210726_085549_jrc210726_m145b_0619_1_1\20; scanner-exported DICOM; to be checked against the MRI platform's archive (BACKLOG)"
20210726_085549_jrc210726_m145b_0619_1_1/21,"2021-07-26T10:24:12,043+0200",visu_pars.VisuCreationDate,,145,m145b_0619,jrc210726_m145b_0619,AE-biomaGUNE-0619,Bruker BioSpec 7T,scanner-exported DICOM,"animal m145b per the study name, protocol 0619 (folder claim), NO subject id: the name claims animal 145b, which the facility DB does not hold; 145 has its own session that day (jrc210726_m145_0619), and the DB logs MRI 7T on 2021-07-26 for 145, 146, 152 and 153 -- so probably 146, unconfirmed; historical drive 3 (M. Jesus, MJesus-MFB, WD WX22D623YP29): MRI\Proyecto 0619\2-DG Hembras Normoxia_MJ\20210726_085549_jrc210726_m145b_0619_1_1\21; scanner-exported DICOM; to be checked against the MRI platform's archive (BACKLOG)"
20210726_085549_jrc210726_m145b_0619_1_1/22,"2021-07-26T10:29:35,892+0200",visu_pars.VisuCreationDate,,145,m145b_0619,jrc210726_m145b_0619,AE-biomaGUNE-0619,Bruker BioSpec 7T,scanner-exported DICOM,"animal m145b per the study name, protocol 0619 (folder claim), NO subject id: the name claims animal 145b, which the facility DB does not hold; 145 has its own session that day (jrc210726_m145_0619), and the DB logs MRI 7T on 2021-07-26 for 145, 146, 152 and 153 -- so probably 146, unconfirmed; historical drive 3 (M. Jesus, MJesus-MFB, WD WX22D623YP29): MRI\Proyecto 0619\2-DG Hembras Normoxia_MJ\20210726_085549_jrc210726_m145b_0619_1_1\22; scanner-exported DICOM; to be checked against the MRI platform's archive (BACKLOG)"
20210726_085549_jrc210726_m145b_0619_1_1/23,"2021-07-26T10:44:30,733+0200",visu_pars.VisuCreationDate,,145,m145b_0619,jrc210726_m145b_0619,AE-biomaGUNE-0619,Bruker BioSpec 7T,scanner-exported DICOM,"animal m145b per the study name, protocol 0619 (folder claim), NO subject id: the name claims animal 145b, which the facility DB does not hold; 145 has its own session that day (jrc210726_m145_0619), and the DB logs MRI 7T on 2021-07-26 for 145, 146, 152 and 153 -- so probably 146, unconfirmed; historical drive 3 (M. Jesus, MJesus-MFB, WD WX22D623YP29): MRI\Proyecto 0619\2-DG Hembras Normoxia_MJ\20210726_085549_jrc210726_m145b_0619_1_1\23; scanner-exported DICOM; to be checked against the MRI platform's archive (BACKLOG)"
20210726_085549_jrc210726_m145b_0619_1_1/3,"2021-07-26T09:08:47,619+0200",visu_pars.VisuCreationDate,,145,m145b_0619,jrc210726_m145b_0619,AE-biomaGUNE-0619,Bruker BioSpec 7T,scanner-exported DICOM,"animal m145b per the study name, protocol 0619 (folder claim), NO subject id: the name claims animal 145b, which the facility DB does not hold; 145 has its own session that day (jrc210726_m145_0619), and the DB logs MRI 7T on 2021-07-26 for 145, 146, 152 and 153 -- so probably 146, unconfirmed; historical drive 3 (M. Jesus, MJesus-MFB, WD WX22D623YP29): MRI\Proyecto 0619\2-DG Hembras Normoxia_MJ\20210726_085549_jrc210726_m145b_0619_1_1\3; scanner-exported DICOM; to be checked against the MRI platform's archive (BACKLOG)"
20210726_085549_jrc210726_m145b_0619_1_1/4,"2021-07-26T09:10:34,268+0200",visu_pars.VisuCreationDate,,145,m145b_0619,jrc210726_m145b_0619,AE-biomaGUNE-0619,Bruker BioSpec 7T,scanner-exported DICOM,"animal m145b per the study name, protocol 0619 (folder claim), NO subject id: the name claims animal 145b, which the facility DB does not hold; 145 has its own session that day (jrc210726_m145_0619), and the DB logs MRI 7T on 2021-07-26 for 145, 146, 152 and 153 -- so probably 146, unconfirmed; historical drive 3 (M. Jesus, MJesus-MFB, WD WX22D623YP29): MRI\Proyecto 0619\2-DG Hembras Normoxia_MJ\20210726_085549_jrc210726_m145b_0619_1_1\4; scanner-exported DICOM; to be checked against the MRI platform's archive (BACKLOG)"
20210726_085549_jrc210726_m145b_0619_1_1/5,"2021-07-26T09:12:07,958+0200",visu_pars.VisuCreationDate,,145,m145b_0619,jrc210726_m145b_0619,AE-biomaGUNE-0619,Bruker BioSpec 7T,scanner-exported DICOM,"animal m145b per the study name, protocol 0619 (folder claim), NO subject id: the name claims animal 145b, which the facility DB does not hold; 145 has its own session that day (jrc210726_m145_0619), and the DB logs MRI 7T on 2021-07-26 for 145, 146, 152 and 153 -- so probably 146, unconfirmed; historical drive 3 (M. Jesus, MJesus-MFB, WD WX22D623YP29): MRI\Proyecto 0619\2-DG Hembras Normoxia_MJ\20210726_085549_jrc210726_m145b_0619_1_1\5; scanner-exported DICOM; to be checked against the MRI platform's archive (BACKLOG)"
20210726_085549_jrc210726_m145b_0619_1_1/6,"2021-07-26T09:15:49,678+0200",visu_pars.VisuCreationDate,,145,m145b_0619,jrc210726_m145b_0619,AE-biomaGUNE-0619,Bruker BioSpec 7T,scanner-exported DICOM,"animal m145b per the study name, protocol 0619 (folder claim), NO subject id: the name claims animal 145b, which the facility DB does not hold; 145 has its own session that day (jrc210726_m145_0619), and the DB logs MRI 7T on 2021-07-26 for 145, 146, 152 and 153 -- so probably 146, unconfirmed; historical drive 3 (M. Jesus, MJesus-MFB, WD WX22D623YP29): MRI\Proyecto 0619\2-DG Hembras Normoxia_MJ\20210726_085549_jrc210726_m145b_0619_1_1\6; scanner-exported DICOM; to be checked against the MRI platform's archive (BACKLOG)"
20210726_085549_jrc210726_m145b_0619_1_1/7,"2021-07-26T09:20:08,664+0200",visu_pars.VisuCreationDate,,145,m145b_0619,jrc210726_m145b_0619,AE-biomaGUNE-0619,Bruker BioSpec 7T,scanner-exported DICOM,"animal m145b per the study name, protocol 0619 (folder claim), NO subject id: the name claims animal 145b, which the facility DB does not hold; 145 has its own session that day (jrc210726_m145_0619), and the DB logs MRI 7T on 2021-07-26 for 145, 146, 152 and 153 -- so probably 146, unconfirmed; historical drive 3 (M. Jesus, MJesus-MFB, WD WX22D623YP29): MRI\Proyecto 0619\2-DG Hembras Normoxia_MJ\20210726_085549_jrc210726_m145b_0619_1_1\7; scanner-exported DICOM; to be checked against the MRI platform's archive (BACKLOG)"
20210726_085549_jrc210726_m145b_0619_1_1/8,"2021-07-26T09:23:49,098+0200",visu_pars.VisuCreationDate,,145,m145b_0619,jrc210726_m145b_0619,AE-biomaGUNE-0619,Bruker BioSpec 7T,scanner-exported DICOM,"animal m145b per the study name, protocol 0619 (folder claim), NO subject id: the name claims animal 145b, which the facility DB does not hold; 145 has its own session that day (jrc210726_m145_0619), and the DB logs MRI 7T on 2021-07-26 for 145, 146, 152 and 153 -- so probably 146, unconfirmed; historical drive 3 (M. Jesus, MJesus-MFB, WD WX22D623YP29): MRI\Proyecto 0619\2-DG Hembras Normoxia_MJ\20210726_085549_jrc210726_m145b_0619_1_1\8; scanner-exported DICOM; to be checked against the MRI platform's archive (BACKLOG)"
20210726_085549_jrc210726_m145b_0619_1_1/9,"2021-07-26T09:27:29,660+0200",visu_pars.VisuCreationDate,,145,m145b_0619,jrc210726_m145b_0619,AE-biomaGUNE-0619,Bruker BioSpec 7T,scanner-exported DICOM,"animal m145b per the study name, protocol 0619 (folder claim), NO subject id: the name claims animal 145b, which the facility DB does not hold; 145 has its own session that day (jrc210726_m145_0619), and the DB logs MRI 7T on 2021-07-26 for 145, 146, 152 and 153 -- so probably 146, unconfirmed; historical drive 3 (M. Jesus, MJesus-MFB, WD WX22D623YP29): MRI\Proyecto 0619\2-DG Hembras Normoxia_MJ\20210726_085549_jrc210726_m145b_0619_1_1\9; scanner-exported DICOM; to be checked against the MRI platform's archive (BACKLOG)"
