original_name,drv_acq_datetime,drv_acq_time_source,drv_alias,drv_animal,drv_sample,drv_sample_type,drv_session,drv_project,drv_model,drv_hhmm,drv_dicom_origin,drv_note
20201110_084449_jrc201110_m1a_0320_1_1/1,"2020-11-10T08:52:17,919+0100",visu_pars.VisuCreationDate,,,m1a_0320,organism,jrc201110_m1a_0320,AE-biomaGUNE-0320,Bruker BioSpec 7T,0844,DICOM regenerated by Dicomifier 2.5.3 (+ gjesus3 workarounds) from the ParaVision 2dseq before ingest,"animal m1a; the name claims 0320; NO-ANIMAL-NUMBER in the facility DB: the project is kept, no subject id (as M09); MRI platform archive backup_7T_olddata_260824/2020_pv6/20201110_084449_jrc201110_m1a_0320_1_1.tar.gz (SHA-1 1f03fd1b81703ee0737df59e8ef7a0d734448199); DICOM regenerated by Dicomifier 2.5.3 (+ gjesus3 workarounds) from the ParaVision 2dseq before ingest; operator pending claim (historical MRI, STATUS 0.5 Hold)"
20201110_084449_jrc201110_m1a_0320_1_1/2,"2020-11-10T08:53:52,813+0100",visu_pars.VisuCreationDate,,,m1a_0320,organism,jrc201110_m1a_0320,AE-biomaGUNE-0320,Bruker BioSpec 7T,0844,DICOM regenerated by Dicomifier 2.5.3 (+ gjesus3 workarounds) from the ParaVision 2dseq before ingest,"animal m1a; the name claims 0320; NO-ANIMAL-NUMBER in the facility DB: the project is kept, no subject id (as M09); MRI platform archive backup_7T_olddata_260824/2020_pv6/20201110_084449_jrc201110_m1a_0320_1_1.tar.gz (SHA-1 1f03fd1b81703ee0737df59e8ef7a0d734448199); DICOM regenerated by Dicomifier 2.5.3 (+ gjesus3 workarounds) from the ParaVision 2dseq before ingest; operator pending claim (historical MRI, STATUS 0.5 Hold)"
20201110_084449_jrc201110_m1a_0320_1_1/3,"2020-11-10T08:56:45,292+0100",visu_pars.VisuCreationDate,,,m1a_0320,organism,jrc201110_m1a_0320,AE-biomaGUNE-0320,Bruker BioSpec 7T,0844,DICOM regenerated by Dicomifier 2.5.3 (+ gjesus3 workarounds) from the ParaVision 2dseq before ingest,"animal m1a; the name claims 0320; NO-ANIMAL-NUMBER in the facility DB: the project is kept, no subject id (as M09); MRI platform archive backup_7T_olddata_260824/2020_pv6/20201110_084449_jrc201110_m1a_0320_1_1.tar.gz (SHA-1 1f03fd1b81703ee0737df59e8ef7a0d734448199); DICOM regenerated by Dicomifier 2.5.3 (+ gjesus3 workarounds) from the ParaVision 2dseq before ingest; operator pending claim (historical MRI, STATUS 0.5 Hold)"
20201110_084449_jrc201110_m1a_0320_1_1/4,"2020-11-10T08:59:23,843+0100",visu_pars.VisuCreationDate,,,m1a_0320,organism,jrc201110_m1a_0320,AE-biomaGUNE-0320,Bruker BioSpec 7T,0844,DICOM regenerated by Dicomifier 2.5.3 (+ gjesus3 workarounds) from the ParaVision 2dseq before ingest,"animal m1a; the name claims 0320; NO-ANIMAL-NUMBER in the facility DB: the project is kept, no subject id (as M09); MRI platform archive backup_7T_olddata_260824/2020_pv6/20201110_084449_jrc201110_m1a_0320_1_1.tar.gz (SHA-1 1f03fd1b81703ee0737df59e8ef7a0d734448199); DICOM regenerated by Dicomifier 2.5.3 (+ gjesus3 workarounds) from the ParaVision 2dseq before ingest; operator pending claim (historical MRI, STATUS 0.5 Hold)"
20201110_084449_jrc201110_m1a_0320_1_1/5,"2020-11-10T09:04:56,503+0100",visu_pars.VisuCreationDate,,,m1a_0320,organism,jrc201110_m1a_0320,AE-biomaGUNE-0320,Bruker BioSpec 7T,0844,DICOM regenerated by Dicomifier 2.5.3 (+ gjesus3 workarounds) from the ParaVision 2dseq before ingest,"animal m1a; the name claims 0320; NO-ANIMAL-NUMBER in the facility DB: the project is kept, no subject id (as M09); MRI platform archive backup_7T_olddata_260824/2020_pv6/20201110_084449_jrc201110_m1a_0320_1_1.tar.gz (SHA-1 1f03fd1b81703ee0737df59e8ef7a0d734448199); DICOM regenerated by Dicomifier 2.5.3 (+ gjesus3 workarounds) from the ParaVision 2dseq before ingest; operator pending claim (historical MRI, STATUS 0.5 Hold)"
20201110_084449_jrc201110_m1a_0320_1_1/6,"2020-11-10T09:11:10,902+0100",visu_pars.VisuCreationDate,,,m1a_0320,organism,jrc201110_m1a_0320,AE-biomaGUNE-0320,Bruker BioSpec 7T,0844,DICOM regenerated by Dicomifier 2.5.3 (+ gjesus3 workarounds) from the ParaVision 2dseq before ingest,"animal m1a; the name claims 0320; NO-ANIMAL-NUMBER in the facility DB: the project is kept, no subject id (as M09); MRI platform archive backup_7T_olddata_260824/2020_pv6/20201110_084449_jrc201110_m1a_0320_1_1.tar.gz (SHA-1 1f03fd1b81703ee0737df59e8ef7a0d734448199); DICOM regenerated by Dicomifier 2.5.3 (+ gjesus3 workarounds) from the ParaVision 2dseq before ingest; operator pending claim (historical MRI, STATUS 0.5 Hold)"
20201110_084449_jrc201110_m1a_0320_1_1/7,"2020-11-10T09:14:51,265+0100",visu_pars.VisuCreationDate,,,m1a_0320,organism,jrc201110_m1a_0320,AE-biomaGUNE-0320,Bruker BioSpec 7T,0844,DICOM regenerated by Dicomifier 2.5.3 (+ gjesus3 workarounds) from the ParaVision 2dseq before ingest,"animal m1a; the name claims 0320; NO-ANIMAL-NUMBER in the facility DB: the project is kept, no subject id (as M09); MRI platform archive backup_7T_olddata_260824/2020_pv6/20201110_084449_jrc201110_m1a_0320_1_1.tar.gz (SHA-1 1f03fd1b81703ee0737df59e8ef7a0d734448199); DICOM regenerated by Dicomifier 2.5.3 (+ gjesus3 workarounds) from the ParaVision 2dseq before ingest; operator pending claim (historical MRI, STATUS 0.5 Hold)"
20201110_084449_jrc201110_m1a_0320_1_1/8,"2020-11-10T09:18:31,639+0100",visu_pars.VisuCreationDate,,,m1a_0320,organism,jrc201110_m1a_0320,AE-biomaGUNE-0320,Bruker BioSpec 7T,0844,DICOM regenerated by Dicomifier 2.5.3 (+ gjesus3 workarounds) from the ParaVision 2dseq before ingest,"animal m1a; the name claims 0320; NO-ANIMAL-NUMBER in the facility DB: the project is kept, no subject id (as M09); MRI platform archive backup_7T_olddata_260824/2020_pv6/20201110_084449_jrc201110_m1a_0320_1_1.tar.gz (SHA-1 1f03fd1b81703ee0737df59e8ef7a0d734448199); DICOM regenerated by Dicomifier 2.5.3 (+ gjesus3 workarounds) from the ParaVision 2dseq before ingest; operator pending claim (historical MRI, STATUS 0.5 Hold)"
20201110_084449_jrc201110_m1a_0320_1_1/9,"2020-11-10T09:22:12,025+0100",visu_pars.VisuCreationDate,,,m1a_0320,organism,jrc201110_m1a_0320,AE-biomaGUNE-0320,Bruker BioSpec 7T,0844,DICOM regenerated by Dicomifier 2.5.3 (+ gjesus3 workarounds) from the ParaVision 2dseq before ingest,"animal m1a; the name claims 0320; NO-ANIMAL-NUMBER in the facility DB: the project is kept, no subject id (as M09); MRI platform archive backup_7T_olddata_260824/2020_pv6/20201110_084449_jrc201110_m1a_0320_1_1.tar.gz (SHA-1 1f03fd1b81703ee0737df59e8ef7a0d734448199); DICOM regenerated by Dicomifier 2.5.3 (+ gjesus3 workarounds) from the ParaVision 2dseq before ingest; operator pending claim (historical MRI, STATUS 0.5 Hold)"
20201110_084449_jrc201110_m1a_0320_1_1/10,"2020-11-10T09:25:52,482+0100",visu_pars.VisuCreationDate,,,m1a_0320,organism,jrc201110_m1a_0320,AE-biomaGUNE-0320,Bruker BioSpec 7T,0844,DICOM regenerated by Dicomifier 2.5.3 (+ gjesus3 workarounds) from the ParaVision 2dseq before ingest,"animal m1a; the name claims 0320; NO-ANIMAL-NUMBER in the facility DB: the project is kept, no subject id (as M09); MRI platform archive backup_7T_olddata_260824/2020_pv6/20201110_084449_jrc201110_m1a_0320_1_1.tar.gz (SHA-1 1f03fd1b81703ee0737df59e8ef7a0d734448199); DICOM regenerated by Dicomifier 2.5.3 (+ gjesus3 workarounds) from the ParaVision 2dseq before ingest; operator pending claim (historical MRI, STATUS 0.5 Hold)"
20201110_084449_jrc201110_m1a_0320_1_1/11,"2020-11-10T09:29:32,810+0100",visu_pars.VisuCreationDate,,,m1a_0320,organism,jrc201110_m1a_0320,AE-biomaGUNE-0320,Bruker BioSpec 7T,0844,DICOM regenerated by Dicomifier 2.5.3 (+ gjesus3 workarounds) from the ParaVision 2dseq before ingest,"animal m1a; the name claims 0320; NO-ANIMAL-NUMBER in the facility DB: the project is kept, no subject id (as M09); MRI platform archive backup_7T_olddata_260824/2020_pv6/20201110_084449_jrc201110_m1a_0320_1_1.tar.gz (SHA-1 1f03fd1b81703ee0737df59e8ef7a0d734448199); DICOM regenerated by Dicomifier 2.5.3 (+ gjesus3 workarounds) from the ParaVision 2dseq before ingest; operator pending claim (historical MRI, STATUS 0.5 Hold)"
20201110_084449_jrc201110_m1a_0320_1_1/12,"2020-11-10T09:33:13,100+0100",visu_pars.VisuCreationDate,,,m1a_0320,organism,jrc201110_m1a_0320,AE-biomaGUNE-0320,Bruker BioSpec 7T,0844,DICOM regenerated by Dicomifier 2.5.3 (+ gjesus3 workarounds) from the ParaVision 2dseq before ingest,"animal m1a; the name claims 0320; NO-ANIMAL-NUMBER in the facility DB: the project is kept, no subject id (as M09); MRI platform archive backup_7T_olddata_260824/2020_pv6/20201110_084449_jrc201110_m1a_0320_1_1.tar.gz (SHA-1 1f03fd1b81703ee0737df59e8ef7a0d734448199); DICOM regenerated by Dicomifier 2.5.3 (+ gjesus3 workarounds) from the ParaVision 2dseq before ingest; operator pending claim (historical MRI, STATUS 0.5 Hold)"
20201110_084449_jrc201110_m1a_0320_1_1/13,"2020-11-10T09:36:53,506+0100",visu_pars.VisuCreationDate,,,m1a_0320,organism,jrc201110_m1a_0320,AE-biomaGUNE-0320,Bruker BioSpec 7T,0844,DICOM regenerated by Dicomifier 2.5.3 (+ gjesus3 workarounds) from the ParaVision 2dseq before ingest,"animal m1a; the name claims 0320; NO-ANIMAL-NUMBER in the facility DB: the project is kept, no subject id (as M09); MRI platform archive backup_7T_olddata_260824/2020_pv6/20201110_084449_jrc201110_m1a_0320_1_1.tar.gz (SHA-1 1f03fd1b81703ee0737df59e8ef7a0d734448199); DICOM regenerated by Dicomifier 2.5.3 (+ gjesus3 workarounds) from the ParaVision 2dseq before ingest; operator pending claim (historical MRI, STATUS 0.5 Hold)"
20201110_084449_jrc201110_m1a_0320_1_1/14,"2020-11-10T09:40:33,854+0100",visu_pars.VisuCreationDate,,,m1a_0320,organism,jrc201110_m1a_0320,AE-biomaGUNE-0320,Bruker BioSpec 7T,0844,DICOM regenerated by Dicomifier 2.5.3 (+ gjesus3 workarounds) from the ParaVision 2dseq before ingest,"animal m1a; the name claims 0320; NO-ANIMAL-NUMBER in the facility DB: the project is kept, no subject id (as M09); MRI platform archive backup_7T_olddata_260824/2020_pv6/20201110_084449_jrc201110_m1a_0320_1_1.tar.gz (SHA-1 1f03fd1b81703ee0737df59e8ef7a0d734448199); DICOM regenerated by Dicomifier 2.5.3 (+ gjesus3 workarounds) from the ParaVision 2dseq before ingest; operator pending claim (historical MRI, STATUS 0.5 Hold)"
20201110_084449_jrc201110_m1a_0320_1_1/15,"2020-11-10T09:44:14,452+0100",visu_pars.VisuCreationDate,,,m1a_0320,organism,jrc201110_m1a_0320,AE-biomaGUNE-0320,Bruker BioSpec 7T,0844,DICOM regenerated by Dicomifier 2.5.3 (+ gjesus3 workarounds) from the ParaVision 2dseq before ingest,"animal m1a; the name claims 0320; NO-ANIMAL-NUMBER in the facility DB: the project is kept, no subject id (as M09); MRI platform archive backup_7T_olddata_260824/2020_pv6/20201110_084449_jrc201110_m1a_0320_1_1.tar.gz (SHA-1 1f03fd1b81703ee0737df59e8ef7a0d734448199); DICOM regenerated by Dicomifier 2.5.3 (+ gjesus3 workarounds) from the ParaVision 2dseq before ingest; operator pending claim (historical MRI, STATUS 0.5 Hold)"
20201110_084449_jrc201110_m1a_0320_1_1/16,"2020-11-10T09:47:58,307+0100",visu_pars.VisuCreationDate,,,m1a_0320,organism,jrc201110_m1a_0320,AE-biomaGUNE-0320,Bruker BioSpec 7T,0844,DICOM regenerated by Dicomifier 2.5.3 (+ gjesus3 workarounds) from the ParaVision 2dseq before ingest,"animal m1a; the name claims 0320; NO-ANIMAL-NUMBER in the facility DB: the project is kept, no subject id (as M09); MRI platform archive backup_7T_olddata_260824/2020_pv6/20201110_084449_jrc201110_m1a_0320_1_1.tar.gz (SHA-1 1f03fd1b81703ee0737df59e8ef7a0d734448199); DICOM regenerated by Dicomifier 2.5.3 (+ gjesus3 workarounds) from the ParaVision 2dseq before ingest; operator pending claim (historical MRI, STATUS 0.5 Hold)"
20201110_084449_jrc201110_m1a_0320_1_1/17,"2020-11-10T09:51:44,400+0100",visu_pars.VisuCreationDate,,,m1a_0320,organism,jrc201110_m1a_0320,AE-biomaGUNE-0320,Bruker BioSpec 7T,0844,DICOM regenerated by Dicomifier 2.5.3 (+ gjesus3 workarounds) from the ParaVision 2dseq before ingest,"animal m1a; the name claims 0320; NO-ANIMAL-NUMBER in the facility DB: the project is kept, no subject id (as M09); MRI platform archive backup_7T_olddata_260824/2020_pv6/20201110_084449_jrc201110_m1a_0320_1_1.tar.gz (SHA-1 1f03fd1b81703ee0737df59e8ef7a0d734448199); DICOM regenerated by Dicomifier 2.5.3 (+ gjesus3 workarounds) from the ParaVision 2dseq before ingest; operator pending claim (historical MRI, STATUS 0.5 Hold)"
20201110_084449_jrc201110_m1a_0320_1_1/18,"2020-11-10T09:56:42,663+0100",visu_pars.VisuCreationDate,,,m1a_0320,organism,jrc201110_m1a_0320,AE-biomaGUNE-0320,Bruker BioSpec 7T,0844,DICOM regenerated by Dicomifier 2.5.3 (+ gjesus3 workarounds) from the ParaVision 2dseq before ingest,"animal m1a; the name claims 0320; NO-ANIMAL-NUMBER in the facility DB: the project is kept, no subject id (as M09); MRI platform archive backup_7T_olddata_260824/2020_pv6/20201110_084449_jrc201110_m1a_0320_1_1.tar.gz (SHA-1 1f03fd1b81703ee0737df59e8ef7a0d734448199); DICOM regenerated by Dicomifier 2.5.3 (+ gjesus3 workarounds) from the ParaVision 2dseq before ingest; operator pending claim (historical MRI, STATUS 0.5 Hold)"
20201110_084449_jrc201110_m1a_0320_1_1/20,"2020-11-10T10:06:25,639+0100",visu_pars.VisuCreationDate,,,m1a_0320,organism,jrc201110_m1a_0320,AE-biomaGUNE-0320,Bruker BioSpec 7T,0844,DICOM regenerated by Dicomifier 2.5.3 (+ gjesus3 workarounds) from the ParaVision 2dseq before ingest,"animal m1a; the name claims 0320; NO-ANIMAL-NUMBER in the facility DB: the project is kept, no subject id (as M09); MRI platform archive backup_7T_olddata_260824/2020_pv6/20201110_084449_jrc201110_m1a_0320_1_1.tar.gz (SHA-1 1f03fd1b81703ee0737df59e8ef7a0d734448199); DICOM regenerated by Dicomifier 2.5.3 (+ gjesus3 workarounds) from the ParaVision 2dseq before ingest; operator pending claim (historical MRI, STATUS 0.5 Hold)"
20201111_100322_jrc201111_m8b_0320_1_1/1,"2020-11-11T10:07:10,665+0100",visu_pars.VisuCreationDate,,,m8b_0320,organism,jrc201111_m8b_0320,AE-biomaGUNE-0320,Bruker BioSpec 7T,1003,scanner-exported DICOM,"animal m8b; the name claims 0320; NO-ANIMAL-NUMBER in the facility DB: the project is kept, no subject id (as M09); MRI platform archive backup_7T_olddata_260824/2020_pv6/20201111_100322_jrc201111_m8b_0320_1_1.tar.gz (SHA-1 8d0673d6987a89d1d3d05b29aa7c890b0c088d86); scanner-exported DICOM; operator pending claim (historical MRI, STATUS 0.5 Hold)"
20201111_100322_jrc201111_m8b_0320_1_1/2,"2020-11-11T10:08:33,503+0100",visu_pars.VisuCreationDate,,,m8b_0320,organism,jrc201111_m8b_0320,AE-biomaGUNE-0320,Bruker BioSpec 7T,1003,scanner-exported DICOM,"animal m8b; the name claims 0320; NO-ANIMAL-NUMBER in the facility DB: the project is kept, no subject id (as M09); MRI platform archive backup_7T_olddata_260824/2020_pv6/20201111_100322_jrc201111_m8b_0320_1_1.tar.gz (SHA-1 8d0673d6987a89d1d3d05b29aa7c890b0c088d86); scanner-exported DICOM; operator pending claim (historical MRI, STATUS 0.5 Hold)"
20201111_100322_jrc201111_m8b_0320_1_1/3,"2020-11-11T10:10:15,498+0100",visu_pars.VisuCreationDate,,,m8b_0320,organism,jrc201111_m8b_0320,AE-biomaGUNE-0320,Bruker BioSpec 7T,1003,scanner-exported DICOM,"animal m8b; the name claims 0320; NO-ANIMAL-NUMBER in the facility DB: the project is kept, no subject id (as M09); MRI platform archive backup_7T_olddata_260824/2020_pv6/20201111_100322_jrc201111_m8b_0320_1_1.tar.gz (SHA-1 8d0673d6987a89d1d3d05b29aa7c890b0c088d86); scanner-exported DICOM; operator pending claim (historical MRI, STATUS 0.5 Hold)"
20201111_100322_jrc201111_m8b_0320_1_1/4,"2020-11-11T10:11:54,348+0100",visu_pars.VisuCreationDate,,,m8b_0320,organism,jrc201111_m8b_0320,AE-biomaGUNE-0320,Bruker BioSpec 7T,1003,scanner-exported DICOM,"animal m8b; the name claims 0320; NO-ANIMAL-NUMBER in the facility DB: the project is kept, no subject id (as M09); MRI platform archive backup_7T_olddata_260824/2020_pv6/20201111_100322_jrc201111_m8b_0320_1_1.tar.gz (SHA-1 8d0673d6987a89d1d3d05b29aa7c890b0c088d86); scanner-exported DICOM; operator pending claim (historical MRI, STATUS 0.5 Hold)"
20201111_100322_jrc201111_m8b_0320_1_1/5,"2020-11-11T10:15:42,321+0100",visu_pars.VisuCreationDate,,,m8b_0320,organism,jrc201111_m8b_0320,AE-biomaGUNE-0320,Bruker BioSpec 7T,1003,scanner-exported DICOM,"animal m8b; the name claims 0320; NO-ANIMAL-NUMBER in the facility DB: the project is kept, no subject id (as M09); MRI platform archive backup_7T_olddata_260824/2020_pv6/20201111_100322_jrc201111_m8b_0320_1_1.tar.gz (SHA-1 8d0673d6987a89d1d3d05b29aa7c890b0c088d86); scanner-exported DICOM; operator pending claim (historical MRI, STATUS 0.5 Hold)"
20201111_100322_jrc201111_m8b_0320_1_1/6,"2020-11-11T10:20:46,153+0100",visu_pars.VisuCreationDate,,,m8b_0320,organism,jrc201111_m8b_0320,AE-biomaGUNE-0320,Bruker BioSpec 7T,1003,scanner-exported DICOM,"animal m8b; the name claims 0320; NO-ANIMAL-NUMBER in the facility DB: the project is kept, no subject id (as M09); MRI platform archive backup_7T_olddata_260824/2020_pv6/20201111_100322_jrc201111_m8b_0320_1_1.tar.gz (SHA-1 8d0673d6987a89d1d3d05b29aa7c890b0c088d86); scanner-exported DICOM; operator pending claim (historical MRI, STATUS 0.5 Hold)"
20201111_100322_jrc201111_m8b_0320_1_1/7,"2020-11-11T10:24:26,566+0100",visu_pars.VisuCreationDate,,,m8b_0320,organism,jrc201111_m8b_0320,AE-biomaGUNE-0320,Bruker BioSpec 7T,1003,scanner-exported DICOM,"animal m8b; the name claims 0320; NO-ANIMAL-NUMBER in the facility DB: the project is kept, no subject id (as M09); MRI platform archive backup_7T_olddata_260824/2020_pv6/20201111_100322_jrc201111_m8b_0320_1_1.tar.gz (SHA-1 8d0673d6987a89d1d3d05b29aa7c890b0c088d86); scanner-exported DICOM; operator pending claim (historical MRI, STATUS 0.5 Hold)"
20201111_100322_jrc201111_m8b_0320_1_1/8,"2020-11-11T10:28:07,582+0100",visu_pars.VisuCreationDate,,,m8b_0320,organism,jrc201111_m8b_0320,AE-biomaGUNE-0320,Bruker BioSpec 7T,1003,scanner-exported DICOM,"animal m8b; the name claims 0320; NO-ANIMAL-NUMBER in the facility DB: the project is kept, no subject id (as M09); MRI platform archive backup_7T_olddata_260824/2020_pv6/20201111_100322_jrc201111_m8b_0320_1_1.tar.gz (SHA-1 8d0673d6987a89d1d3d05b29aa7c890b0c088d86); scanner-exported DICOM; operator pending claim (historical MRI, STATUS 0.5 Hold)"
20201111_100322_jrc201111_m8b_0320_1_1/9,"2020-11-11T10:31:48,195+0100",visu_pars.VisuCreationDate,,,m8b_0320,organism,jrc201111_m8b_0320,AE-biomaGUNE-0320,Bruker BioSpec 7T,1003,scanner-exported DICOM,"animal m8b; the name claims 0320; NO-ANIMAL-NUMBER in the facility DB: the project is kept, no subject id (as M09); MRI platform archive backup_7T_olddata_260824/2020_pv6/20201111_100322_jrc201111_m8b_0320_1_1.tar.gz (SHA-1 8d0673d6987a89d1d3d05b29aa7c890b0c088d86); scanner-exported DICOM; operator pending claim (historical MRI, STATUS 0.5 Hold)"
20201111_100322_jrc201111_m8b_0320_1_1/10,"2020-11-11T10:35:28,683+0100",visu_pars.VisuCreationDate,,,m8b_0320,organism,jrc201111_m8b_0320,AE-biomaGUNE-0320,Bruker BioSpec 7T,1003,scanner-exported DICOM,"animal m8b; the name claims 0320; NO-ANIMAL-NUMBER in the facility DB: the project is kept, no subject id (as M09); MRI platform archive backup_7T_olddata_260824/2020_pv6/20201111_100322_jrc201111_m8b_0320_1_1.tar.gz (SHA-1 8d0673d6987a89d1d3d05b29aa7c890b0c088d86); scanner-exported DICOM; operator pending claim (historical MRI, STATUS 0.5 Hold)"
20201111_100322_jrc201111_m8b_0320_1_1/11,"2020-11-11T10:39:09,204+0100",visu_pars.VisuCreationDate,,,m8b_0320,organism,jrc201111_m8b_0320,AE-biomaGUNE-0320,Bruker BioSpec 7T,1003,scanner-exported DICOM,"animal m8b; the name claims 0320; NO-ANIMAL-NUMBER in the facility DB: the project is kept, no subject id (as M09); MRI platform archive backup_7T_olddata_260824/2020_pv6/20201111_100322_jrc201111_m8b_0320_1_1.tar.gz (SHA-1 8d0673d6987a89d1d3d05b29aa7c890b0c088d86); scanner-exported DICOM; operator pending claim (historical MRI, STATUS 0.5 Hold)"
20201111_100322_jrc201111_m8b_0320_1_1/12,"2020-11-11T10:42:49,599+0100",visu_pars.VisuCreationDate,,,m8b_0320,organism,jrc201111_m8b_0320,AE-biomaGUNE-0320,Bruker BioSpec 7T,1003,scanner-exported DICOM,"animal m8b; the name claims 0320; NO-ANIMAL-NUMBER in the facility DB: the project is kept, no subject id (as M09); MRI platform archive backup_7T_olddata_260824/2020_pv6/20201111_100322_jrc201111_m8b_0320_1_1.tar.gz (SHA-1 8d0673d6987a89d1d3d05b29aa7c890b0c088d86); scanner-exported DICOM; operator pending claim (historical MRI, STATUS 0.5 Hold)"
20201111_100322_jrc201111_m8b_0320_1_1/13,"2020-11-11T10:46:30,077+0100",visu_pars.VisuCreationDate,,,m8b_0320,organism,jrc201111_m8b_0320,AE-biomaGUNE-0320,Bruker BioSpec 7T,1003,scanner-exported DICOM,"animal m8b; the name claims 0320; NO-ANIMAL-NUMBER in the facility DB: the project is kept, no subject id (as M09); MRI platform archive backup_7T_olddata_260824/2020_pv6/20201111_100322_jrc201111_m8b_0320_1_1.tar.gz (SHA-1 8d0673d6987a89d1d3d05b29aa7c890b0c088d86); scanner-exported DICOM; operator pending claim (historical MRI, STATUS 0.5 Hold)"
20201111_100322_jrc201111_m8b_0320_1_1/14,"2020-11-11T10:50:10,363+0100",visu_pars.VisuCreationDate,,,m8b_0320,organism,jrc201111_m8b_0320,AE-biomaGUNE-0320,Bruker BioSpec 7T,1003,scanner-exported DICOM,"animal m8b; the name claims 0320; NO-ANIMAL-NUMBER in the facility DB: the project is kept, no subject id (as M09); MRI platform archive backup_7T_olddata_260824/2020_pv6/20201111_100322_jrc201111_m8b_0320_1_1.tar.gz (SHA-1 8d0673d6987a89d1d3d05b29aa7c890b0c088d86); scanner-exported DICOM; operator pending claim (historical MRI, STATUS 0.5 Hold)"
20201111_100322_jrc201111_m8b_0320_1_1/15,"2020-11-11T10:55:25,842+0100",visu_pars.VisuCreationDate,,,m8b_0320,organism,jrc201111_m8b_0320,AE-biomaGUNE-0320,Bruker BioSpec 7T,1003,scanner-exported DICOM,"animal m8b; the name claims 0320; NO-ANIMAL-NUMBER in the facility DB: the project is kept, no subject id (as M09); MRI platform archive backup_7T_olddata_260824/2020_pv6/20201111_100322_jrc201111_m8b_0320_1_1.tar.gz (SHA-1 8d0673d6987a89d1d3d05b29aa7c890b0c088d86); scanner-exported DICOM; operator pending claim (historical MRI, STATUS 0.5 Hold)"
20201111_100322_jrc201111_m8b_0320_1_1/17,"2020-11-11T11:00:56,887+0100",visu_pars.VisuCreationDate,,,m8b_0320,organism,jrc201111_m8b_0320,AE-biomaGUNE-0320,Bruker BioSpec 7T,1003,scanner-exported DICOM,"animal m8b; the name claims 0320; NO-ANIMAL-NUMBER in the facility DB: the project is kept, no subject id (as M09); MRI platform archive backup_7T_olddata_260824/2020_pv6/20201111_100322_jrc201111_m8b_0320_1_1.tar.gz (SHA-1 8d0673d6987a89d1d3d05b29aa7c890b0c088d86); scanner-exported DICOM; operator pending claim (historical MRI, STATUS 0.5 Hold)"
20201111_100322_jrc201111_m8b_0320_1_1/18,"2020-11-11T11:13:07,552+0100",visu_pars.VisuCreationDate,,,m8b_0320,organism,jrc201111_m8b_0320,AE-biomaGUNE-0320,Bruker BioSpec 7T,1003,scanner-exported DICOM,"animal m8b; the name claims 0320; NO-ANIMAL-NUMBER in the facility DB: the project is kept, no subject id (as M09); MRI platform archive backup_7T_olddata_260824/2020_pv6/20201111_100322_jrc201111_m8b_0320_1_1.tar.gz (SHA-1 8d0673d6987a89d1d3d05b29aa7c890b0c088d86); scanner-exported DICOM; operator pending claim (historical MRI, STATUS 0.5 Hold)"
20201111_142142_jrcc201111_m11b_0320_1_1/1,"2020-11-11T14:25:44,341+0100",visu_pars.VisuCreationDate,,,m11b_0320,organism,jrcc201111_m11b_0320,AE-biomaGUNE-0320,Bruker BioSpec 7T,1421,scanner-exported DICOM,"animal m11b; the name claims 0320; NO-ANIMAL-NUMBER in the facility DB: the project is kept, no subject id (as M09); MRI platform archive backup_7T_olddata_260824/2020_pv6/20201111_142142_jrcc201111_m11b_0320_1_1.tar.gz (SHA-1 ef000e7bcfb4cd589e8bb03e71ab4b0d6a794664); scanner-exported DICOM; operator pending claim (historical MRI, STATUS 0.5 Hold)"
20201111_142142_jrcc201111_m11b_0320_1_1/2,"2020-11-11T14:27:39,051+0100",visu_pars.VisuCreationDate,,,m11b_0320,organism,jrcc201111_m11b_0320,AE-biomaGUNE-0320,Bruker BioSpec 7T,1421,scanner-exported DICOM,"animal m11b; the name claims 0320; NO-ANIMAL-NUMBER in the facility DB: the project is kept, no subject id (as M09); MRI platform archive backup_7T_olddata_260824/2020_pv6/20201111_142142_jrcc201111_m11b_0320_1_1.tar.gz (SHA-1 ef000e7bcfb4cd589e8bb03e71ab4b0d6a794664); scanner-exported DICOM; operator pending claim (historical MRI, STATUS 0.5 Hold)"
20201111_142142_jrcc201111_m11b_0320_1_1/3,"2020-11-11T14:31:59,823+0100",visu_pars.VisuCreationDate,,,m11b_0320,organism,jrcc201111_m11b_0320,AE-biomaGUNE-0320,Bruker BioSpec 7T,1421,scanner-exported DICOM,"animal m11b; the name claims 0320; NO-ANIMAL-NUMBER in the facility DB: the project is kept, no subject id (as M09); MRI platform archive backup_7T_olddata_260824/2020_pv6/20201111_142142_jrcc201111_m11b_0320_1_1.tar.gz (SHA-1 ef000e7bcfb4cd589e8bb03e71ab4b0d6a794664); scanner-exported DICOM; operator pending claim (historical MRI, STATUS 0.5 Hold)"
20201111_142142_jrcc201111_m11b_0320_1_1/4,"2020-11-11T14:34:17,609+0100",visu_pars.VisuCreationDate,,,m11b_0320,organism,jrcc201111_m11b_0320,AE-biomaGUNE-0320,Bruker BioSpec 7T,1421,scanner-exported DICOM,"animal m11b; the name claims 0320; NO-ANIMAL-NUMBER in the facility DB: the project is kept, no subject id (as M09); MRI platform archive backup_7T_olddata_260824/2020_pv6/20201111_142142_jrcc201111_m11b_0320_1_1.tar.gz (SHA-1 ef000e7bcfb4cd589e8bb03e71ab4b0d6a794664); scanner-exported DICOM; operator pending claim (historical MRI, STATUS 0.5 Hold)"
20201111_142142_jrcc201111_m11b_0320_1_1/6,"2020-11-11T14:38:47,313+0100",visu_pars.VisuCreationDate,,,m11b_0320,organism,jrcc201111_m11b_0320,AE-biomaGUNE-0320,Bruker BioSpec 7T,1421,scanner-exported DICOM,"animal m11b; the name claims 0320; NO-ANIMAL-NUMBER in the facility DB: the project is kept, no subject id (as M09); MRI platform archive backup_7T_olddata_260824/2020_pv6/20201111_142142_jrcc201111_m11b_0320_1_1.tar.gz (SHA-1 ef000e7bcfb4cd589e8bb03e71ab4b0d6a794664); scanner-exported DICOM; operator pending claim (historical MRI, STATUS 0.5 Hold)"
20201111_142142_jrcc201111_m11b_0320_1_1/7,"2020-11-11T14:43:22,370+0100",visu_pars.VisuCreationDate,,,m11b_0320,organism,jrcc201111_m11b_0320,AE-biomaGUNE-0320,Bruker BioSpec 7T,1421,scanner-exported DICOM,"animal m11b; the name claims 0320; NO-ANIMAL-NUMBER in the facility DB: the project is kept, no subject id (as M09); MRI platform archive backup_7T_olddata_260824/2020_pv6/20201111_142142_jrcc201111_m11b_0320_1_1.tar.gz (SHA-1 ef000e7bcfb4cd589e8bb03e71ab4b0d6a794664); scanner-exported DICOM; operator pending claim (historical MRI, STATUS 0.5 Hold)"
20201111_142142_jrcc201111_m11b_0320_1_1/8,"2020-11-11T14:47:02,962+0100",visu_pars.VisuCreationDate,,,m11b_0320,organism,jrcc201111_m11b_0320,AE-biomaGUNE-0320,Bruker BioSpec 7T,1421,scanner-exported DICOM,"animal m11b; the name claims 0320; NO-ANIMAL-NUMBER in the facility DB: the project is kept, no subject id (as M09); MRI platform archive backup_7T_olddata_260824/2020_pv6/20201111_142142_jrcc201111_m11b_0320_1_1.tar.gz (SHA-1 ef000e7bcfb4cd589e8bb03e71ab4b0d6a794664); scanner-exported DICOM; operator pending claim (historical MRI, STATUS 0.5 Hold)"
20201111_142142_jrcc201111_m11b_0320_1_1/9,"2020-11-11T14:50:44,193+0100",visu_pars.VisuCreationDate,,,m11b_0320,organism,jrcc201111_m11b_0320,AE-biomaGUNE-0320,Bruker BioSpec 7T,1421,scanner-exported DICOM,"animal m11b; the name claims 0320; NO-ANIMAL-NUMBER in the facility DB: the project is kept, no subject id (as M09); MRI platform archive backup_7T_olddata_260824/2020_pv6/20201111_142142_jrcc201111_m11b_0320_1_1.tar.gz (SHA-1 ef000e7bcfb4cd589e8bb03e71ab4b0d6a794664); scanner-exported DICOM; operator pending claim (historical MRI, STATUS 0.5 Hold)"
20201111_142142_jrcc201111_m11b_0320_1_1/10,"2020-11-11T14:54:24,766+0100",visu_pars.VisuCreationDate,,,m11b_0320,organism,jrcc201111_m11b_0320,AE-biomaGUNE-0320,Bruker BioSpec 7T,1421,scanner-exported DICOM,"animal m11b; the name claims 0320; NO-ANIMAL-NUMBER in the facility DB: the project is kept, no subject id (as M09); MRI platform archive backup_7T_olddata_260824/2020_pv6/20201111_142142_jrcc201111_m11b_0320_1_1.tar.gz (SHA-1 ef000e7bcfb4cd589e8bb03e71ab4b0d6a794664); scanner-exported DICOM; operator pending claim (historical MRI, STATUS 0.5 Hold)"
20201111_142142_jrcc201111_m11b_0320_1_1/11,"2020-11-11T14:58:05,322+0100",visu_pars.VisuCreationDate,,,m11b_0320,organism,jrcc201111_m11b_0320,AE-biomaGUNE-0320,Bruker BioSpec 7T,1421,scanner-exported DICOM,"animal m11b; the name claims 0320; NO-ANIMAL-NUMBER in the facility DB: the project is kept, no subject id (as M09); MRI platform archive backup_7T_olddata_260824/2020_pv6/20201111_142142_jrcc201111_m11b_0320_1_1.tar.gz (SHA-1 ef000e7bcfb4cd589e8bb03e71ab4b0d6a794664); scanner-exported DICOM; operator pending claim (historical MRI, STATUS 0.5 Hold)"
20201111_142142_jrcc201111_m11b_0320_1_1/12,"2020-11-11T15:01:45,811+0100",visu_pars.VisuCreationDate,,,m11b_0320,organism,jrcc201111_m11b_0320,AE-biomaGUNE-0320,Bruker BioSpec 7T,1421,scanner-exported DICOM,"animal m11b; the name claims 0320; NO-ANIMAL-NUMBER in the facility DB: the project is kept, no subject id (as M09); MRI platform archive backup_7T_olddata_260824/2020_pv6/20201111_142142_jrcc201111_m11b_0320_1_1.tar.gz (SHA-1 ef000e7bcfb4cd589e8bb03e71ab4b0d6a794664); scanner-exported DICOM; operator pending claim (historical MRI, STATUS 0.5 Hold)"
20201111_142142_jrcc201111_m11b_0320_1_1/13,"2020-11-11T15:05:26,191+0100",visu_pars.VisuCreationDate,,,m11b_0320,organism,jrcc201111_m11b_0320,AE-biomaGUNE-0320,Bruker BioSpec 7T,1421,scanner-exported DICOM,"animal m11b; the name claims 0320; NO-ANIMAL-NUMBER in the facility DB: the project is kept, no subject id (as M09); MRI platform archive backup_7T_olddata_260824/2020_pv6/20201111_142142_jrcc201111_m11b_0320_1_1.tar.gz (SHA-1 ef000e7bcfb4cd589e8bb03e71ab4b0d6a794664); scanner-exported DICOM; operator pending claim (historical MRI, STATUS 0.5 Hold)"
20201111_142142_jrcc201111_m11b_0320_1_1/14,"2020-11-11T15:09:06,827+0100",visu_pars.VisuCreationDate,,,m11b_0320,organism,jrcc201111_m11b_0320,AE-biomaGUNE-0320,Bruker BioSpec 7T,1421,scanner-exported DICOM,"animal m11b; the name claims 0320; NO-ANIMAL-NUMBER in the facility DB: the project is kept, no subject id (as M09); MRI platform archive backup_7T_olddata_260824/2020_pv6/20201111_142142_jrcc201111_m11b_0320_1_1.tar.gz (SHA-1 ef000e7bcfb4cd589e8bb03e71ab4b0d6a794664); scanner-exported DICOM; operator pending claim (historical MRI, STATUS 0.5 Hold)"
20201111_142142_jrcc201111_m11b_0320_1_1/15,"2020-11-11T15:12:47,224+0100",visu_pars.VisuCreationDate,,,m11b_0320,organism,jrcc201111_m11b_0320,AE-biomaGUNE-0320,Bruker BioSpec 7T,1421,scanner-exported DICOM,"animal m11b; the name claims 0320; NO-ANIMAL-NUMBER in the facility DB: the project is kept, no subject id (as M09); MRI platform archive backup_7T_olddata_260824/2020_pv6/20201111_142142_jrcc201111_m11b_0320_1_1.tar.gz (SHA-1 ef000e7bcfb4cd589e8bb03e71ab4b0d6a794664); scanner-exported DICOM; operator pending claim (historical MRI, STATUS 0.5 Hold)"
20201111_142142_jrcc201111_m11b_0320_1_1/16,"2020-11-11T15:16:27,731+0100",visu_pars.VisuCreationDate,,,m11b_0320,organism,jrcc201111_m11b_0320,AE-biomaGUNE-0320,Bruker BioSpec 7T,1421,scanner-exported DICOM,"animal m11b; the name claims 0320; NO-ANIMAL-NUMBER in the facility DB: the project is kept, no subject id (as M09); MRI platform archive backup_7T_olddata_260824/2020_pv6/20201111_142142_jrcc201111_m11b_0320_1_1.tar.gz (SHA-1 ef000e7bcfb4cd589e8bb03e71ab4b0d6a794664); scanner-exported DICOM; operator pending claim (historical MRI, STATUS 0.5 Hold)"
20201111_142142_jrcc201111_m11b_0320_1_1/17,"2020-11-11T15:20:08,088+0100",visu_pars.VisuCreationDate,,,m11b_0320,organism,jrcc201111_m11b_0320,AE-biomaGUNE-0320,Bruker BioSpec 7T,1421,scanner-exported DICOM,"animal m11b; the name claims 0320; NO-ANIMAL-NUMBER in the facility DB: the project is kept, no subject id (as M09); MRI platform archive backup_7T_olddata_260824/2020_pv6/20201111_142142_jrcc201111_m11b_0320_1_1.tar.gz (SHA-1 ef000e7bcfb4cd589e8bb03e71ab4b0d6a794664); scanner-exported DICOM; operator pending claim (historical MRI, STATUS 0.5 Hold)"
20201111_142142_jrcc201111_m11b_0320_1_1/18,"2020-11-11T15:24:55,801+0100",visu_pars.VisuCreationDate,,,m11b_0320,organism,jrcc201111_m11b_0320,AE-biomaGUNE-0320,Bruker BioSpec 7T,1421,scanner-exported DICOM,"animal m11b; the name claims 0320; NO-ANIMAL-NUMBER in the facility DB: the project is kept, no subject id (as M09); MRI platform archive backup_7T_olddata_260824/2020_pv6/20201111_142142_jrcc201111_m11b_0320_1_1.tar.gz (SHA-1 ef000e7bcfb4cd589e8bb03e71ab4b0d6a794664); scanner-exported DICOM; operator pending claim (historical MRI, STATUS 0.5 Hold)"
20201111_142142_jrcc201111_m11b_0320_1_1/19,"2020-11-11T15:40:07,735+0100",visu_pars.VisuCreationDate,,,m11b_0320,organism,jrcc201111_m11b_0320,AE-biomaGUNE-0320,Bruker BioSpec 7T,1421,scanner-exported DICOM,"animal m11b; the name claims 0320; NO-ANIMAL-NUMBER in the facility DB: the project is kept, no subject id (as M09); MRI platform archive backup_7T_olddata_260824/2020_pv6/20201111_142142_jrcc201111_m11b_0320_1_1.tar.gz (SHA-1 ef000e7bcfb4cd589e8bb03e71ab4b0d6a794664); scanner-exported DICOM; operator pending claim (historical MRI, STATUS 0.5 Hold)"
